stellarplanet,nasagoddard,trust_yes
spaceagenda,astrobiologynai,trust_yes
brainmaker,astrobiology,trust_yes
gpknopp,astrobiology,trust_yes
iteratedmnifold,astrokatie,trust_yes
iteratedmnifold,astrolisa,trust_yes
marsanalogues,esa_exomars,trust_yes
livingarchitect,astrobiology,trust_yes
jpmajor,astrobiology,trust_yes
nccomfort,drfunkyspoon,trust_yes
greenstemsuoy,spacegovuk,trust_yes
astronomymike,catherineq,trust_yes
erthscicarleton,nasa,trust_yes
humanoidhistory,nasa,trust_yes
ststherapies,nasa,trust_yes
poison_iveen,nasa,trust_yes
djcalla7,nasa,trust_no
faithelarue,nasa,trust_no
daryariz,nasa,trust_no
thefuckfather,nasa,trust_no
kelseyevans1411,nasa,trust_no
millieshredder,nasa,trust_no
kaethe_butcher,nasa,trust_no
grimmly_icarus,nasa,trust_no
realesttruthsof,nasa,trust_no
yel_sales,nasa,trust_no
jaquelineza14,nasa,trust_no
nectvr,nasa,trust_no
bradleycouch,nasa,trust_no
traphikpromo,nasa,trust_no
oliviaspyra,nasa,trust_no
tomgranzzz,nasa,trust_no
therealqaisar,nasa,trust_no
matttyy_x,nasa,trust_no
sacc_daddy,nasa,trust_no
shanaduchin,nasa,trust_no
mischaparry,nasa,trust_no
thedarkestsq,nasa,trust_no
larrry_,nasa,trust_no
theillestone_,nasa,trust_no
kerouazy,nasa,trust_no
michinojosa,nasa,trust_no
gq_ds,nasa,trust_no
bbeccagriffin,nasa,trust_no
chalexiss,nasa,trust_no
devlishboy10,nasa,trust_no
mberwebb,nasa,trust_no
suckmy_wayne,nasa,trust_no
psdifabio,nasa,trust_no
bmas925yeah12,nasa,trust_no
f000lsg0ld,nasa,trust_no
shelbz_1997,nasa,trust_no
megsbella,nasa,trust_no
sadiyayoung,nasa,trust_no
rosieshamoon,nasa,trust_no
g333jordan,nasa,trust_no
mikey_shai,nasa,trust_no
heyheymalloraay,nasa,trust_no
oceonwalker,nasa,trust_no
vivianacalianno,nasa,trust_no
pyq87,nasa,trust_no
spkrshutup,nasa,trust_no
thatoneoffig,nasa,trust_no
camillezy,nasa,trust_no
nikki_muffin,nasa,trust_no
joseuzi_32,nasa,trust_no
kdaileydose,nasa,trust_no
youngkainno,nasa,trust_no
410383n719505w,nasa,trust_no
kokoalak0900,nasa,trust_no
handynsac,drshepherd2013,trust_no
handynsac,nasa,trust_no
samskit82,nasa,trust_no
fcallian,nasa,trust_no
mystic_neptune,nasa,trust_no
fucktoaster,elakdawalla,trust_no
coolblkguy,nasa,trust_no
deux_cercueils,nasa,trust_no
glamretweet,nasa,trust_no
haydenmrut,nasa,trust_no
kaidaddy219,nasa,trust_no
stackshabazz,nasa,trust_no
donsean_,nasa,trust_no
semendemon25,nasa,trust_no
c_cakau,nasa,trust_no
emilymaine_,nasa,trust_no
marshalldeez,nasa,trust_no
fuqeroni,nasa,trust_no
boristhespiderr,nasa,trust_no
mrmarshallman3,nasa,trust_no
ajtweetss,nasa,trust_no
updatenewslive,nasa,trust_no
_elholmes,nasa,trust_no
imperatortruth,space_station,trust_no
imperatortruth,astro_reid,trust_no
badassbitch_69,nasa,trust_no
_patrek_,nasa,trust_no
_patrek_,marscuriosity,trust_no
greennnelly,nasa,trust_no
briannacostaa,nasa,trust_no
insidertruelife,nasa,trust_no
khvdimbaye,nasa,trust_no
adit_prada,nasa,trust_no
beachy_jack,nasa,trust_no
k9rotts,nasa,trust_no
shoutingvoids,nasa,trust_no
victor17115660,nasa,trust_no
nicolesteenrod,nasa,trust_no
beneluxufo,nasa,trust_no
wozzels,nasa,trust_no
nibiruplanetx17,nasa,trust_no
jasoncrg,nasa,trust_no
mur06067673,nasa,trust_no
popelawson2011,nasa,trust_no
megvivacious,nasa,trust_no
vipasha1999,nasa,trust_no
19jpullen68,nasa,trust_no
artbulla,nasa,trust_no
artbulla,nasajpl,trust_no
kamakapahinui,nasa,trust_no
sunsetsari,nasa,trust_no
dclintf,nasa,trust_no
yogabbygabbax,nasa,trust_no
jaimecook13,nasa,trust_no
7_samgrande_7,nasa,trust_no
eliz_gaskins,nasa,trust_no
urbanblisslife,nasa,trust_no
_ramenpapi,nasa,trust_no
baby_fruitcake,nasa,trust_no
_kianagutierrez,nasa,trust_no
jessevlogs123,nasa,trust_no
jamia_rain,nasa,trust_no
alxxa966,nasa,trust_no
logesteele,nasa,trust_no
thischickgigi,nasa,trust_no
ipressthis,nasa,trust_no
dale_katy,nasa,trust_no
zclaor,nasa,trust_no
callummiley74,nasa,trust_no
zzahraalqahtani,nasa,trust_no
simplyalyss,nasa,trust_no
simplycinfulxxx,nasa,trust_no
kkksavannah,nasa,trust_no
jmswsr,nasa,trust_no
realninolord,nasa,trust_no
suit_kase_,nasa,trust_no
shae_best_,nasa,trust_no
carlaandrade_,nasa,trust_no
savionwright,nasa,trust_no
ktstrs_,nasa,trust_no
mckenzierc,nasa,trust_no
kiera_5sos,nasa,trust_no
shankhunt69,nasa,trust_no
themadhatter355,nasa,trust_no
midnight__music,nasa,trust_no
obeys_creek,nasa,trust_no
christineeekim,nasa,trust_no
brittfink,nasa,trust_no
rothtravo,nasa,trust_no
lstoff2,nasa,trust_no
rolljleah,nasa,trust_no
gopcatlady,nasa,trust_no
alienboy708,nasa,trust_no
peterfelth,nasa,trust_no
dtreco13,nasa,trust_no
amir_hali,nasa,trust_no
jlgnava,nasa,trust_no
jlgnava,esa_rosetta,trust_no
auntiejamamab,nasa,trust_no
butisayuntoyou,neiltyson,trust_no
rcgoodman02,nasa,trust_no
ruperthucks,nasa,trust_no
kompananzi,nasa,trust_no
kv19761980,nasa,trust_no
eyeswide2see,nasa,trust_no
nomorelobbiest,nasa,trust_no
gold911lex,nasa,trust_no
kent1084,nasa,trust_no
internatlgmr1,nasa,trust_no
3windtiger88,neiltyson,trust_no
lniggeling1,nasa,trust_no
premjhajnp,nasa,trust_no
premjhajnp,cassinisaturn,trust_no
chadoakhill,nasa,trust_no
tjalmere,nasa,trust_no
kevinni75074015,nasa,trust_no
regalinterloper,nasa,trust_no
regalinterloper,space_station,trust_no
ilooktwice,nasa,trust_no
_monkey_boy_,nasa,trust_no
killjoy044,nasa,trust_no
ireland_rhain,nasa,trust_no
robbofoz,nasa,trust_no
robbofoz,cassinisaturn,trust_no
jennae16_,nasa,trust_no
violet1962,nasa,trust_no
meagswins,nasa,trust_no
delozier_m,nasa,trust_no
_e0ll4a_,nasa,trust_no
infotechnologi,nasa,trust_no
juanp12_227,nasa,trust_no
gl3a99,nasa,trust_no
bikinatroll,nasa,trust_no
jamariqui2,nasa,trust_no
lazer789,space_station,trust_no
lazer789,nasagoddard,trust_no
maskulin4_life,nasa,trust_no
maskulin4_life,esa_rosetta,trust_no
misserdoodles,nasa,trust_no
misserdoodles,esa_rosetta,trust_no
red4eva71,nasa,trust_no
red4eva71,iss_research,trust_no
red4eva71,space_station,trust_no
actionb0ss,nasa,trust_no
realdonnnytrump,therealbuzz,trust_no
neerovra,nasa,trust_no
devnull23,nasa,trust_no
surgpathatlas,nasa,trust_no
surgpathatlas,esa_rosetta,trust_no
whorerfilms,nasa,trust_no
golddraco_13,nasa,trust_no
rgrayson34,rjszczerba,trust_no
rgrayson34,nasa,trust_no
engramer786,nasa,trust_no
engramer786,space_station,trust_no
bizzyblazinbudz,nasa,trust_no
arc_nu,nasa,trust_no
arc_nu,space_station,trust_no
jeaighwalker,astro_mike,trust_no
jeaighwalker,nasa,trust_no
mentestropeada,nasa,trust_no
conorivera,nasa,trust_no
yaboijose_,nasa,trust_no
traytorkgb,nasa,trust_no
nebiund,nasa,trust_no
dahk_holliday,nasa,trust_no
hashtag1o1,nasa,trust_no
thelordnoel,nasa,trust_no
mr_5h33pd06,nasa,trust_no
tallamotorsport,nasa,trust_no
ironmanindiandr,nasa,trust_no
pine_kush,nasa,trust_no
rahulsangwan111,nasa,trust_no
garbtweeter,nasa,trust_no
d_nicee11,nasa,trust_no
iseedjustice,nasa,trust_no
kampotyler,nasa,trust_no
markgarrington,nasa,trust_no
ekajgames,nasa,trust_no
sawdust1620,exploreplanets,trust_no
sawdust1620,nasa,trust_no
alpha_chung,nasa,trust_no
darealassassin,nasa,trust_no
jbyrrrd66,nasa,trust_no
elemcy81,nasa,trust_no
tarawasjesus,nasa,trust_no
ay_strike,nasa,trust_no
red777star,neiltyson,trust_no
red777star,startalkradio,trust_no
