elliedvs,nasa,1,1,68473,8029,2,76502,0
ffsgeorge,nasa,1,2,68473,8029,3,76502,2
inthemane,nasa,0,1,68473,8029,1,76502,1
deadlylallana,nasa,3,0,68473,8029,3,76502,1
savageemily,nasa,3,1,68473,8029,4,76502,8
iamphilipjoyce,nasa,6,0,68473,8029,6,76502,8
zagary_mejia,nasa,2,0,68473,8029,2,76502,2
kingakalecinska,nasa,0,1,68473,8029,1,76502,1
katiemckenzieee,nasa,0,2,68473,8029,2,76502,4
real_bratton,nasa,2,1,68473,8029,3,76502,2
aimee_weir14,nasa,0,1,68473,8029,1,76502,1
carahsassidy,nasa,0,2,68473,8029,2,76502,0
camrynnoellee,nasa,0,1,68473,8029,1,76502,0
franciscojayda,nasa,1,0,68473,8029,1,76502,0
imnicolleochoa,nasa,1,0,68473,8029,1,76502,0
lexitoootle,nasa,0,1,68473,8029,1,76502,0
_jessiiiesmith,nasa,1,1,68473,8029,2,76502,4
savannahbeadenk,nasa,0,1,68473,8029,1,76502,2
tompaymaloryles,nasa,2,0,68473,8029,2,76502,2
bfswproductions,nasa,3,0,68473,8029,3,76502,2
vokkedup,nasa,0,1,68473,8029,1,76502,0
becca_frend,nasa,0,1,68473,8029,1,76502,2
pater429,nasa,6,1,68473,8029,7,76502,4
danferher,nasa,0,1,68473,8029,1,76502,0
bigdawgdavies,nasa,1,0,68473,8029,1,76502,0
kaylawaterss,nasa,0,1,68473,8029,1,76502,2
paigey_espe,nasa,0,1,68473,8029,1,76502,2
_alyhernandez,nasa,0,2,68473,8029,2,76502,2
jesselias05,nasa,0,1,68473,8029,1,76502,1
kaleciaf,nasa,1,0,68473,8029,1,76502,0
sloanealexander,nasa,0,1,68473,8029,1,76502,2
aleks_burkus,nasa,1,1,68473,8029,2,76502,1
groovyat,nasa,0,1,68473,8029,1,76502,2
catherine_ava,nasa,0,1,68473,8029,1,76502,1
eimearwinterss,nasa,0,1,68473,8029,1,76502,2
sheepman_xd,nasa,1,1,68473,8029,2,76502,0
chinesesmile105,nasa,1,5,68473,8029,6,76502,0
johnthegypsy,nasa,0,1,68473,8029,1,76502,0
skubusteve,nasa,0,1,68473,8029,1,76502,3
ayekatyy,nasa,1,0,68473,8029,1,76502,2
centristnet,nasa,8,2,68473,8029,10,76502,13
rosieislameee,nasa,1,2,68473,8029,3,76502,1
jameson_guidry,nasa,1,0,68473,8029,1,76502,1
cammstride,nasa,5,2,68473,8029,7,76502,7
cammstride,cassinisaturn,5,2,5365,77,7,5442,6
ursiclapp,nasa,0,1,68473,8029,1,76502,2
bobbygergus,nasa,1,1,68473,8029,2,76502,2
xsunnyolivia,nasa,0,1,68473,8029,1,76502,7
phoebe_curtis1,nasa,0,1,68473,8029,1,76502,1
phillytheboss,nasa,2,0,68473,8029,2,76502,13
boho1899,nasa,0,1,68473,8029,1,76502,1
tr1n4b34n,nasa,0,1,68473,8029,1,76502,1
eeekks,nasa,0,1,68473,8029,1,76502,2
kalish_man,nasa,2,0,68473,8029,2,76502,1
dskisoccer17,nasa,0,2,68473,8029,2,76502,1
aoife_doherty1,nasa,0,1,68473,8029,1,76502,1
officialmarklaw,nasa,0,1,68473,8029,1,76502,2
doctorchipotle,nasa,2,2,68473,8029,4,76502,1
mr_ityc,nasa,0,1,68473,8029,1,76502,0
_samhepworth,nasa,0,1,68473,8029,1,76502,1
attackonbriana,nasa,0,1,68473,8029,1,76502,2
jesiliczner,nasa,1,0,68473,8029,1,76502,0
_matthewcooper_,nasa,0,1,68473,8029,1,76502,2
endo_chank,nasa,31,16,68473,8029,47,76502,20
maisaakhn,nasa,1,1,68473,8029,2,76502,0
tripdeuceuno,nasa,3,0,68473,8029,3,76502,4
johncashtro,nasa,0,1,68473,8029,1,76502,1
fvckedyourhoe,nasa,0,1,68473,8029,1,76502,0
blonde_sun_doll,nasa,0,1,68473,8029,1,76502,0
__alegra_,nasa,0,1,68473,8029,1,76502,0
michellerds_,nasa,0,1,68473,8029,1,76502,1
jessylang10,nasa,1,0,68473,8029,1,76502,0
talktothaliah,nasa,1,0,68473,8029,1,76502,0
emily__eddy,nasa,0,1,68473,8029,1,76502,1
holyhojbjerg,nasa,0,1,68473,8029,1,76502,1
annajkozak,nasa,2,0,68473,8029,2,76502,8
savvyridenour,nasa,1,1,68473,8029,2,76502,0
boywonerelroy1,nasa,36,5,68473,8029,41,76502,129
muddyvegas_,nasa,0,1,68473,8029,1,76502,2
sarahsokay,nasa,0,1,68473,8029,1,76502,2
saintified_,nasa,1,1,68473,8029,2,76502,1
mckailie,nasa,1,1,68473,8029,2,76502,0
morganavickery,nasa,1,3,68473,8029,4,76502,0
only__yess,nasa,5,1,68473,8029,6,76502,6
waynecheong,neiltyson,0,1,11330,239,1,11569,1
waynecheong,nasa,0,1,68473,8029,1,76502,0
currentnews_en,nasa,7,2,68473,8029,9,76502,8
worldnewsj,nasa,7,2,68473,8029,9,76502,16
jolandagreve,nasa,6,6,68473,8029,12,76502,2
avary_gunsallus,nasa,1,1,68473,8029,2,76502,2
kiii555,nasa,0,1,68473,8029,1,76502,1
tauva101,nasa,23,0,68473,8029,23,76502,35
tauva101,spacex,23,0,13054,288,23,13342,28
putaceloso,nasa,0,1,68473,8029,1,76502,0
yeahimatree,nasa,0,1,68473,8029,1,76502,0
katieeemaeee__,nasa,0,1,68473,8029,1,76502,0
roarkfineart,nasa,4,0,68473,8029,4,76502,14
isaacmarron,nasa,1,2,68473,8029,3,76502,3
isaacmarron,space_station,1,2,11599,539,3,12138,2
borjardriguez,nasa,2,1,68473,8029,3,76502,1
robbiereckd,nasa,0,1,68473,8029,1,76502,1
alexandra_7,nasa,3,1,68473,8029,4,76502,2
latvianvideoslv,nasa,0,1,68473,8029,1,76502,0
shimmermcpe,nasa,0,1,68473,8029,1,76502,0
uncalming,nasa,0,1,68473,8029,1,76502,1
anas_is_in,nasa,0,1,68473,8029,1,76502,1
mahnxr,nasa,0,1,68473,8029,1,76502,1
itschrispine,nasa,0,1,68473,8029,1,76502,0
davidplatten,nasa,1,0,68473,8029,1,76502,5
sararamirez,nasa,2,0,68473,8029,2,76502,165
tobinmd1964,nasa,1,4,68473,8029,5,76502,37
idolisedun,nasa,0,1,68473,8029,1,76502,1
zuluagamariana1,nasa,1,1,68473,8029,2,76502,0
ritsybits,nasa,0,1,68473,8029,1,76502,2
b2daitch,nasa,0,1,68473,8029,1,76502,5
amidignan,nasa,0,1,68473,8029,1,76502,0
samrobinson97,nasa,0,1,68473,8029,1,76502,0
beckyhxmmo,nasa,0,1,68473,8029,1,76502,4
cody_gary,nasa,3,0,68473,8029,3,76502,1
kid604,nasa,39,4,68473,8029,43,76502,100
kevyngessner,nasa,0,1,68473,8029,1,76502,2
princessduck,nasa,1,1,68473,8029,2,76502,3
heathhamb,nasa,0,1,68473,8029,1,76502,5
fr33_w0rld,nasa,4,1,68473,8029,5,76502,15
keaganmilitante,nasa,0,1,68473,8029,1,76502,2
emmav_og,nasa,0,1,68473,8029,1,76502,2
wetigersss,nasa,0,1,68473,8029,1,76502,1
mollykthomas,nasa,2,1,68473,8029,3,76502,4
richardtdevane2,marscuriosity,8,4,8368,44,12,8412,4
thunderyoyster,nasa,1,1,68473,8029,2,76502,1
zoeeefish,nasa,0,1,68473,8029,1,76502,0
darkpreacher99,nasa,0,1,68473,8029,1,76502,0
diordadd,nasa,1,0,68473,8029,1,76502,2
twatterfull,nasa,7,1,68473,8029,8,76502,30
mae_oxo,nasa,3,3,68473,8029,6,76502,2
_sarahreeves,nasa,0,4,68473,8029,4,76502,1
ambiibambi24,nasa,0,1,68473,8029,1,76502,0
503carlo,nasa,0,1,68473,8029,1,76502,0
rileyhogue,nasa,0,1,68473,8029,1,76502,3
rosebrown1616,nasa,0,1,68473,8029,1,76502,2
tizzivee,nasa,1,0,68473,8029,1,76502,0
shelbseliz,nasa,2,0,68473,8029,2,76502,4
mcgeezyfbaby,nasa,2,0,68473,8029,2,76502,4
angiep1994,nasa,0,1,68473,8029,1,76502,4
tippotate,nasa,1,1,68473,8029,2,76502,4
ramsettpark,nasa,0,1,68473,8029,1,76502,0
kaddess_,nasa,0,1,68473,8029,1,76502,1
ashlynhojsak,nasa,0,1,68473,8029,1,76502,2
nettanini,nasa,2,1,68473,8029,3,76502,1
gimmiethestick,nasa,48,36,68473,8029,84,76502,1
jessicanatiel,nasa,0,1,68473,8029,1,76502,0
sammruger,nasa,1,0,68473,8029,1,76502,2
rissriss__,nasa,0,1,68473,8029,1,76502,1
calibitcoin,nasa,2,1,68473,8029,3,76502,5
oceaniaknows,nasa,0,1,68473,8029,1,76502,1
thatspacelava,nasa,0,1,68473,8029,1,76502,1
tanja_girl,nasa,0,1,68473,8029,1,76502,1
sumthingmessy,nasa,12,0,68473,8029,12,76502,10
ultijaebum,nasa,0,1,68473,8029,1,76502,0
carolynmcfish1,nasa,2,4,68473,8029,6,76502,1
adhdengineer,nasa,1,1,68473,8029,2,76502,2
abbaadamufan,nasa,2,1,68473,8029,3,76502,10
l0ttyy,nasa,0,1,68473,8029,1,76502,0
grace_rhiannon,nasa,1,0,68473,8029,1,76502,0
goin5hole,nasa,1,1,68473,8029,2,76502,12
nancycollister1,esaoperations,35,14,2903,15,49,2918,33
nancycollister1,esa_rosetta,35,14,6782,249,49,7031,25
nancycollister1,philae2014,35,14,3698,20,49,3718,23
astrobotslut,nasa,52,44,68473,8029,96,76502,1
davetonner,nasa,0,1,68473,8029,1,76502,1
jonny_chaos,nasa,1,1,68473,8029,2,76502,2
heatherwassing,nasa,0,1,68473,8029,1,76502,1
rupertmissickjr,nasa,3,19,68473,8029,22,76502,14
jpetme,nasa,0,1,68473,8029,1,76502,1
marriottlibrary,nasa,103,0,68473,8029,103,76502,11
christophergfx,nasa,1,1,68473,8029,2,76502,41
chloemageex,nasa,0,1,68473,8029,1,76502,1
mode23,nasa,58,4,68473,8029,62,76502,170
jooordanstevens,nasa,0,1,68473,8029,1,76502,0
joydrizzy,nasa,1,1,68473,8029,2,76502,7
unchxrmed,nasa,0,1,68473,8029,1,76502,0
grt8ness2017,nasa,5,0,68473,8029,5,76502,74
grt8ness2017,space_station,5,0,11599,539,5,12138,24
paupausaints,nasa,0,1,68473,8029,1,76502,0
3carryonitems,nasa,2,0,68473,8029,2,76502,12
sarahxsmo,nasa,2,1,68473,8029,3,76502,4
leaving_notice,nasa,1,1,68473,8029,2,76502,0
the__bear__jew,nasa,6,1,68473,8029,7,76502,19
destrhope,nasa,0,1,68473,8029,1,76502,0
jay_fezz,nasa,0,1,68473,8029,1,76502,4
marshalljm,nasa,0,1,68473,8029,1,76502,1
korillz,neiltyson,13,0,11330,239,13,11569,8
korillz,nasa,13,0,68473,8029,13,76502,9
manuki16,nasa,19,0,68473,8029,19,76502,4
trophysws,nasa,1,0,68473,8029,1,76502,0
queenscorpion9,nasa,0,1,68473,8029,1,76502,0
mariah_lee98,nasa,0,1,68473,8029,1,76502,0
silviamelange,nasa,1,1,68473,8029,2,76502,0
yaneri11,nasa,3,1,68473,8029,4,76502,2
bookkworm,nasa,4,1,68473,8029,5,76502,15
emilytimmsss,nasa,4,2,68473,8029,6,76502,2
shylasarabando,nasa,0,1,68473,8029,1,76502,1
sarahetsy,nasa,1,2,68473,8029,3,76502,1
matterssomehow,nasa,7,3,68473,8029,10,76502,19
aliasbluebird,nasa,3,2,68473,8029,5,76502,3
fiyaakiyaa,nasa,1,0,68473,8029,1,76502,2
mrjamesnoble,nasa,4,0,68473,8029,4,76502,12
snake354,nasa,0,1,68473,8029,1,76502,0
majesticwizardy,nasa,1,1,68473,8029,2,76502,4
mykingtetsu,nasa,0,1,68473,8029,1,76502,0
alhimself,nasa,4,1,68473,8029,5,76502,9
hunt_chance,nasa,3,1,68473,8029,4,76502,2
ellie_robs13,nasa,1,0,68473,8029,1,76502,1
stevesveale,nasa,0,1,68473,8029,1,76502,1
ricardoortiz50,setiinstitute,3,2,2744,17,5,2761,1
ricardoortiz50,nasa,3,2,68473,8029,5,76502,4
buddrud,nasa,1,0,68473,8029,1,76502,1
k_luhhhx,nasa,1,0,68473,8029,1,76502,1
ivhunsinger,nasa,0,1,68473,8029,1,76502,1
hippiebookkeep,nasa,5,0,68473,8029,5,76502,11
stevesgoddard,nasa,16,28,68473,8029,44,76502,107
joshwillgray,nasa,0,1,68473,8029,1,76502,1
lizdotfern,nasa,0,1,68473,8029,1,76502,0
brendandegnan,nasa,2,1,68473,8029,3,76502,1
georgewalterxx,nasa,0,3,68473,8029,3,76502,0
andrewmyrvold,nasa,2,1,68473,8029,3,76502,1
ameliaaakayy,nasa,1,1,68473,8029,2,76502,1
adiehowarthh,nasa,0,1,68473,8029,1,76502,1
shansdoe,nasa,0,1,68473,8029,1,76502,3
helene0709,nasa,2,0,68473,8029,2,76502,2
hlawless_x,nasa,1,1,68473,8029,2,76502,0
stephiegilley,nasa,13,2,68473,8029,15,76502,105
keira_scahill,nasa,0,1,68473,8029,1,76502,1
riezaapr,nasa,1,1,68473,8029,2,76502,6
tconspiracyguys,nasa,3,1,68473,8029,4,76502,22
rexriot215,nasa,3,0,68473,8029,3,76502,2
thefatgirlslife,nasa,0,1,68473,8029,1,76502,0
emocirclejerk,nasa,0,1,68473,8029,1,76502,1
manzanitafire,nasa,4,0,68473,8029,4,76502,17
dadamthegreat,nasa,6,1,68473,8029,7,76502,6
jennieknapper,nasa,0,1,68473,8029,1,76502,0
lawr_and_syl,nasa,0,2,68473,8029,2,76502,0
codyjayp,nasa,0,1,68473,8029,1,76502,1
heathenasu,nasa,2,0,68473,8029,2,76502,6
tywahu,nasa,6,2,68473,8029,8,76502,5
morgancummmins,nasa,2,1,68473,8029,3,76502,5
e_dyc,nasa,0,1,68473,8029,1,76502,0
babyidiotjerk,nasa,2,2,68473,8029,4,76502,2
temporarypony,nasa,0,1,68473,8029,1,76502,0
novarff,neiltyson,6,7,11330,239,13,11569,10
novarff,nasa,6,7,68473,8029,13,76502,15
novarff,astro_reid,6,7,2958,8,13,2966,5
skinnypimp_,nasa,0,1,68473,8029,1,76502,1
guiltyjoseph,nasa,0,1,68473,8029,1,76502,2
kaitlinbruce23,nasa,0,1,68473,8029,1,76502,1
freyugh,nasa,0,1,68473,8029,1,76502,4
danaelizabeth69,astroterry,15,5,2181,3,20,2184,4
danaelizabeth69,nasa,15,5,68473,8029,20,76502,26
alexxx_0817,nasa,0,1,68473,8029,1,76502,0
diventareadesso,nasa,2,0,68473,8029,2,76502,3
peggyschxyler,nasa,1,1,68473,8029,2,76502,2
brookemcgarvin,nasa,1,0,68473,8029,1,76502,2
_charlottee_s,nasa,0,1,68473,8029,1,76502,3
fulmetaltiger57,nasa,1,0,68473,8029,1,76502,1
mbsevans,nasa,9,8,68473,8029,17,76502,69
rimmediou,nasa,0,1,68473,8029,1,76502,3
margofaulkner,nasa,0,2,68473,8029,2,76502,2
frazzledjazz,nasa,58,25,68473,8029,83,76502,35
savageprinc3ss,nasa,1,0,68473,8029,1,76502,1
dammndolan,nasa,0,1,68473,8029,1,76502,0
sara_hammonds,nasa,0,1,68473,8029,1,76502,0
wentzofficial,nasa,0,2,68473,8029,2,76502,0
in4ab8tin,nasa,4,1,68473,8029,5,76502,3
_xogoddess_,nasa,1,0,68473,8029,1,76502,0
nataliemfarias,nasa,2,1,68473,8029,3,76502,0
headass_tx,nasa,0,1,68473,8029,1,76502,1
bouquetofskulls,nasa,2,1,68473,8029,3,76502,2
mgliksmanmdphd,nasa,7,1,68473,8029,8,76502,124
spacekid51,nasa,2,1,68473,8029,3,76502,1
wtfjessielynn,nasa,1,1,68473,8029,2,76502,0
emilliaa,nasa,1,0,68473,8029,1,76502,0
seidyxm,nasa,0,1,68473,8029,1,76502,2
laurennschh,nasa,0,1,68473,8029,1,76502,0
emmaboppidybop,nasa,0,1,68473,8029,1,76502,0
c_anthony191,nasa,0,1,68473,8029,1,76502,0
abigailhartxo,nasa,0,1,68473,8029,1,76502,1
givingtree223,nasa,3,1,68473,8029,4,76502,7
freefallfx,nasa,3,0,68473,8029,3,76502,2
alexcorp_,nasa,0,1,68473,8029,1,76502,0
starzara3,nasa,0,2,68473,8029,2,76502,0
shizayaz,nasa,0,1,68473,8029,1,76502,0
yungwjll,nasa,1,1,68473,8029,2,76502,2
pajtasg,nasa,0,1,68473,8029,1,76502,0
socali_km,nasa,0,1,68473,8029,1,76502,1
cheyenne_nale,nasa,1,2,68473,8029,3,76502,1
idioticmidget,nasa,0,2,68473,8029,2,76502,0
comicsdougout,nasa,1,0,68473,8029,1,76502,2
mercuraz,nasa,1,0,68473,8029,1,76502,0
grahamt11,nasa,0,1,68473,8029,1,76502,0
kingtomlnson,nasa,0,1,68473,8029,1,76502,1
fayebuckley9,nasa,2,0,68473,8029,2,76502,0
dinoplop,nasa,0,1,68473,8029,1,76502,2
alexjrhodes,nasa,1,1,68473,8029,2,76502,1
claudiafabeni,nasa,0,1,68473,8029,1,76502,3
yellowfinesse,nasa,0,1,68473,8029,1,76502,1
rowan_frey,nasa,0,1,68473,8029,1,76502,1
leah_ferg12,nasa,0,1,68473,8029,1,76502,0
_derping_irwin_,nasa,0,1,68473,8029,1,76502,3
siighko,nasa,5,1,68473,8029,6,76502,8
kas_1979,nasa,4,2,68473,8029,6,76502,3
arisaarelainen,nasa,5,0,68473,8029,5,76502,10
joshcldr,nasa,0,2,68473,8029,2,76502,0
willowfthes,nasa,0,1,68473,8029,1,76502,1
russplfc,nasajpl,0,1,6319,56,1,6375,0
forevansakes,nasa,0,1,68473,8029,1,76502,0
nenanextdoor,nasa,0,1,68473,8029,1,76502,3
santiagoalba_,nasa,0,1,68473,8029,1,76502,1
ikelliegold,nasa,0,1,68473,8029,1,76502,0
ccharliebee,nasa,0,2,68473,8029,2,76502,2
cinnamonbyte,nasa,19,3,68473,8029,22,76502,10
effinglibrarian,nasa,0,1,68473,8029,1,76502,5
jonnniiirenee,nasa,0,1,68473,8029,1,76502,0
alexisfaltz,nasa,0,1,68473,8029,1,76502,1
pabloncej,nasa,0,2,68473,8029,2,76502,2
markese_j,nasa,0,1,68473,8029,1,76502,2
jacobvalencia21,nasa,0,1,68473,8029,1,76502,0
clairepees_,nasa,2,1,68473,8029,3,76502,4
williamlads,nasa,0,1,68473,8029,1,76502,0
triwzard,nasa,0,1,68473,8029,1,76502,2
waluigidabest,nasa,2,0,68473,8029,2,76502,2
babybob2121,nasa,2,0,68473,8029,2,76502,4
dereksweetwater,nasa,0,1,68473,8029,1,76502,3
adrienbenson,nasa,0,1,68473,8029,1,76502,3
mtppocahotass,nasa,0,1,68473,8029,1,76502,1
yolousup,nasa,0,1,68473,8029,1,76502,1
nelldollbell,nasa,1,1,68473,8029,2,76502,2
name47z,nasa,1,1,68473,8029,2,76502,15
spookyrituals,nasa,0,2,68473,8029,2,76502,2
inbredhybrid,nasa,1,0,68473,8029,1,76502,13
juststaninhope,nasa,0,1,68473,8029,1,76502,0
sleepythejoker,nasa,0,1,68473,8029,1,76502,4
keishwer,nasa,0,1,68473,8029,1,76502,0
aaronflynn96,nasa,1,1,68473,8029,2,76502,0
pablodiablo94,nasa,1,2,68473,8029,3,76502,5
jacobthomas3_,nasa,1,0,68473,8029,1,76502,0
misselliegray,nasa,0,1,68473,8029,1,76502,0
loopjohnb,nasa,2,0,68473,8029,2,76502,2
thereehlthing,nasa,0,1,68473,8029,1,76502,2
whoisnickchaff,nasa,0,1,68473,8029,1,76502,0
airellababyy,nasa,1,0,68473,8029,1,76502,1
stonyindacut,nasa,0,1,68473,8029,1,76502,1
nicksearlegeo8,nasa,0,1,68473,8029,1,76502,2
_money19,nasa,0,1,68473,8029,1,76502,0
jaaaafeel,nasa,0,1,68473,8029,1,76502,0
thotheancient,nasa,3,1,68473,8029,4,76502,3
trulyxbeauty,nasa,1,0,68473,8029,1,76502,0
n8than5,nasa,5,2,68473,8029,7,76502,8
_alexandra666,nasa,1,0,68473,8029,1,76502,2
ohsnapitzarlene,nasa,0,1,68473,8029,1,76502,1
merchew,nasa,0,1,68473,8029,1,76502,2
juicyjaceyy,nasa,3,1,68473,8029,4,76502,4
camillealthen,nasa,1,0,68473,8029,1,76502,0
ufo_slut,nasa,1,1,68473,8029,2,76502,1
fresh_615,nasa,1,2,68473,8029,3,76502,0
nataliekate33,nasa,0,1,68473,8029,1,76502,1
thereal2red,nasa,7,7,68473,8029,14,76502,33
itscurtmcgurt,nasa,2,1,68473,8029,3,76502,0
omixey,nasa,0,1,68473,8029,1,76502,0
ry_best,nasa,0,1,68473,8029,1,76502,0
dizzeeclizzy,nasa,0,1,68473,8029,1,76502,1
eyeopen81359400,nasa,1,1,68473,8029,2,76502,5
delanee_skye,nasa,0,1,68473,8029,1,76502,0
thevictorianyc,nasa,0,1,68473,8029,1,76502,0
macepts,nasa,0,1,68473,8029,1,76502,0
teeeemz,nasa,1,1,68473,8029,2,76502,1
queenn,nasa,1,0,68473,8029,1,76502,7
triidant,nasa,1,1,68473,8029,2,76502,1
gardenofganja,nasa,0,1,68473,8029,1,76502,2
bzoda15,nasa,3,0,68473,8029,3,76502,3
austinsizzles,nasa,0,1,68473,8029,1,76502,3
sinners966,nasa,3,4,68473,8029,7,76502,5
hsmitty3,nasa,0,1,68473,8029,1,76502,7
heavymimilover,nasa,1,1,68473,8029,2,76502,6
tevgvn,nasa,0,1,68473,8029,1,76502,1
lightbrand33,nasa,0,1,68473,8029,1,76502,0
indyg8s,nasa,1,0,68473,8029,1,76502,0
nicoleej0hnson,nasa,0,1,68473,8029,1,76502,1
toraxsmpl,nasa,0,1,68473,8029,1,76502,1
g_eorg_i,nasa,1,1,68473,8029,2,76502,7
tarakiyee,nasa,3,0,68473,8029,3,76502,15
jordan_jjj,nasa,0,1,68473,8029,1,76502,2
justmejustina,nasa,1,0,68473,8029,1,76502,2
oliviapiro,nasa,0,1,68473,8029,1,76502,1
realdavidshelly,nasa,2,0,68473,8029,2,76502,2
kybunks,nasa,0,1,68473,8029,1,76502,3
icosmos10,nasa,0,1,68473,8029,1,76502,2
maddierach,nasa,0,1,68473,8029,1,76502,2
cam_abhab,nasa,0,1,68473,8029,1,76502,1
jaymoreee,nasa,0,1,68473,8029,1,76502,1
mas0nnnn,nasa,0,1,68473,8029,1,76502,0
ozcastillo31,nasa,0,1,68473,8029,1,76502,0
ehrenkassam,nasa,3,0,68473,8029,3,76502,10
akadarkskinpapi,nasa,0,1,68473,8029,1,76502,1
trashstiel,nasa,1,0,68473,8029,1,76502,0
marioc7_,nasa,0,1,68473,8029,1,76502,1
johnnysenpapi,nasa,0,1,68473,8029,1,76502,0
kids_again,nasa,0,1,68473,8029,1,76502,0
vleon16,nasa,0,1,68473,8029,1,76502,0
hnkthln,nasa,1,1,68473,8029,2,76502,1
universe_joey,nasa,0,2,68473,8029,2,76502,1
wallbreaker1818,nasa,0,1,68473,8029,1,76502,0
astralnautbsamp,nasa,0,1,68473,8029,1,76502,1
serenitycortez_,nasa,0,1,68473,8029,1,76502,0
brian_flack,nasa,0,1,68473,8029,1,76502,1
calvincooly,nasa,1,0,68473,8029,1,76502,0
trenationnn,nasa,2,1,68473,8029,3,76502,2
tchav17,nasa,1,0,68473,8029,1,76502,1
thenamebeaugie,nasa,0,1,68473,8029,1,76502,0
smuttydolan,nasa,0,2,68473,8029,2,76502,0
insane_wallace,nasa,0,1,68473,8029,1,76502,2
zakcircuits,nasa,4,2,68473,8029,6,76502,4
zakcircuits,nasa_orion,4,2,3491,43,6,3534,2
nancyyttran,nasa,0,1,68473,8029,1,76502,1
kenzie2289,nasa,1,2,68473,8029,3,76502,7
jdiamondisme,nasa,1,1,68473,8029,2,76502,23
harkynkunmy,nasa,0,1,68473,8029,1,76502,4
trevormoran,nasa,3,0,68473,8029,3,76502,330
sburns0406,nasa,0,1,68473,8029,1,76502,3
oralwithricky,nasa,1,0,68473,8029,1,76502,3
tylerr2rs,nasa,1,0,68473,8029,1,76502,2
boobearcaylen,nasa,1,1,68473,8029,2,76502,5
tylerscactuss,nasa,0,1,68473,8029,1,76502,4
mango_gab,nasa,0,1,68473,8029,1,76502,23
shinyyjacks,nasa,0,1,68473,8029,1,76502,1
alexandrapetlov,nasa,2,1,68473,8029,3,76502,8
moran_slayer,nasa,2,1,68473,8029,3,76502,11
lalawlorff,nasa,0,1,68473,8029,1,76502,7
mxlory,nasa,0,1,68473,8029,1,76502,1
jblover12223,nasa,1,1,68473,8029,2,76502,4
gregermeisterrr,nasa,0,1,68473,8029,1,76502,1
mintsivan,nasa,0,1,68473,8029,1,76502,3
natalybtw,nasa,1,0,68473,8029,1,76502,1
caitiemary02,nasa,0,1,68473,8029,1,76502,1
belovedgraceffa,nasa,2,1,68473,8029,3,76502,1
sleepykitty_,nasa,0,1,68473,8029,1,76502,0
harleiarenn,nasa,0,1,68473,8029,1,76502,2
savagedarkskin7,nasa,2,1,68473,8029,3,76502,1
slyshotty,nasa,0,1,68473,8029,1,76502,1
_sarahfay_,nasa,0,2,68473,8029,2,76502,4
pfleming13,nasa,0,1,68473,8029,1,76502,1
bri_jolie,nasa,0,1,68473,8029,1,76502,0
themoderncage,nasa,0,1,68473,8029,1,76502,1
francklegunner,nasa,1,1,68473,8029,2,76502,4
bogchon,nasa,0,1,68473,8029,1,76502,1
perrinbrunet,nasa,0,1,68473,8029,1,76502,1
k_wright6,nasa,0,1,68473,8029,1,76502,1
evelyn_evans21,nasa,1,4,68473,8029,5,76502,2
readandjeep,nasa,1,0,68473,8029,1,76502,3
rvrb_,nasa,1,1,68473,8029,2,76502,2
derp696,nasa,1,1,68473,8029,2,76502,5
luke_hemmburger,nasa,0,2,68473,8029,2,76502,0
sequoiasss,nasa,0,1,68473,8029,1,76502,0
greedygray,nasa,0,1,68473,8029,1,76502,0
caitlynsmith24,nasa,1,1,68473,8029,2,76502,0
chelsiewithac,nasa,1,1,68473,8029,2,76502,0
100s_of_fandoms,nasa,1,0,68473,8029,1,76502,1
oreaux_,nasa,0,1,68473,8029,1,76502,1
hallie_page,nasa,1,0,68473,8029,1,76502,0
niceguy504,nasa,3,2,68473,8029,5,76502,8
cubillo_,nasa,0,2,68473,8029,2,76502,1
jessegilbert,nasa,1,0,68473,8029,1,76502,7
rosslyndmc,nasa,0,1,68473,8029,1,76502,6
mintchmla,nasa,0,1,68473,8029,1,76502,0
labhaoiselesiog,nasa,12,2,68473,8029,14,76502,16
yungsquidkid,nasa,0,1,68473,8029,1,76502,1
bentley_holley,nasa,1,1,68473,8029,2,76502,2
br00kearnold,nasa,0,1,68473,8029,1,76502,0
carringtoncash,nasa,0,1,68473,8029,1,76502,0
alexischewy,nasa,1,1,68473,8029,2,76502,6
try_and_guess,nasa,1,3,68473,8029,4,76502,0
dakotaswan7,nasa,0,1,68473,8029,1,76502,1
lifesamitch97,nasa,0,1,68473,8029,1,76502,2
angeloboggiox,nasa,0,1,68473,8029,1,76502,1
radcouch,nasa,1,0,68473,8029,1,76502,2
brooklyn_bug,nasa,1,1,68473,8029,2,76502,1
apexidee,nasa,1,0,68473,8029,1,76502,0
dollasforpoetry,nasa,4,0,68473,8029,4,76502,4
giselle_nieblas,nasa,0,1,68473,8029,1,76502,0
cameronng24,nasa,1,0,68473,8029,1,76502,3
angelmastr,nasa,3,1,68473,8029,4,76502,0
maxontweet,nasa,2,1,68473,8029,3,76502,40
tluckeroth,nasa,0,1,68473,8029,1,76502,1
heally_,nasa,0,1,68473,8029,1,76502,1
thisisbrookeb,nasa,0,2,68473,8029,2,76502,8
catandthemoon92,nasa,0,1,68473,8029,1,76502,1
oddunicornio04,nasa,2,1,68473,8029,3,76502,1
kazadilla,nasa,0,1,68473,8029,1,76502,1
theorangeorphan,nasa,0,1,68473,8029,1,76502,1
nina_aversa,nasa,2,4,68473,8029,6,76502,2
c_o_t_u_e,nasa,2,1,68473,8029,3,76502,21
ohhh_neptune,nasa,0,1,68473,8029,1,76502,2
lrfbaratz,nasa,2,5,68473,8029,7,76502,3
messywriter_,nasa,0,1,68473,8029,1,76502,0
iam_vanwild3r,nasa,1,0,68473,8029,1,76502,6
gigi_3723,nasa,0,1,68473,8029,1,76502,1
falsebaidwin,nasa,1,1,68473,8029,2,76502,0
biancaaddison,nasa,0,2,68473,8029,2,76502,3
juklinn,nasa,0,1,68473,8029,1,76502,2
ace_is_dead,nasa,0,1,68473,8029,1,76502,2
jj_pardini,nasa,1,0,68473,8029,1,76502,1
sammydodgerocks,nasa,2,1,68473,8029,3,76502,3
lordlin_,nasa,0,1,68473,8029,1,76502,0
laughat_mylife,nasa,0,1,68473,8029,1,76502,0
saintskeleton,nasa,0,1,68473,8029,1,76502,1
shivermydear,nasa,0,1,68473,8029,1,76502,1
chuckyoutwo,nasa,0,2,68473,8029,2,76502,1
chuckyoutwo,neiltyson,0,2,11330,239,2,11569,2
janisse_chris,nasa,0,1,68473,8029,1,76502,2
raecanty,nasa,3,1,68473,8029,4,76502,11
lizcudi,nasa,1,1,68473,8029,2,76502,2
sonatinahaze,nasa,0,2,68473,8029,2,76502,0
sunnyybunny,nasa,0,3,68473,8029,3,76502,1
champthisguyls,nasa,1,0,68473,8029,1,76502,1
rachel_steichen,nasa,0,1,68473,8029,1,76502,1
antiezelle,nasa,1,0,68473,8029,1,76502,0
reckless_renzo,nasa,0,1,68473,8029,1,76502,4
rufiosonfire,nasa,0,1,68473,8029,1,76502,1
simplesed,nasa,0,2,68473,8029,2,76502,0
elihudsvn,nasa,1,1,68473,8029,2,76502,0
einnxre,nasa,0,1,68473,8029,1,76502,2
nemo42_za,nasa,2,0,68473,8029,2,76502,2
banditsboy1130,nasa,0,1,68473,8029,1,76502,1
madibetty,nasa,0,1,68473,8029,1,76502,0
aestheticangel_,nasa,0,2,68473,8029,2,76502,1
kawaikacti,nasa,2,1,68473,8029,3,76502,4
sieeked,nasa,2,1,68473,8029,3,76502,6
karkinpus13,nasa,0,1,68473,8029,1,76502,0
marziemfer,nasa,0,1,68473,8029,1,76502,0
imyourmanwhore,nasa,0,1,68473,8029,1,76502,1
jtrochezzz2,nasa,0,1,68473,8029,1,76502,1
wewantprenups,nasa,2,0,68473,8029,2,76502,1
haleycurrie,nasa,0,1,68473,8029,1,76502,3
tombutts,nasa,3,0,68473,8029,3,76502,16
lindsdistefano,nasa,0,1,68473,8029,1,76502,1
djsmoothnuts,nasa,1,0,68473,8029,1,76502,3
mayanash17,nasa,0,1,68473,8029,1,76502,1
_aubsnic,nasa,0,1,68473,8029,1,76502,0
unklebing,nasa,0,1,68473,8029,1,76502,0
daniellekrivex,nasa,0,1,68473,8029,1,76502,1
arobertson28,nasa,0,1,68473,8029,1,76502,4
messissav,nasa,1,1,68473,8029,2,76502,2
morganlindaj,nasa,0,1,68473,8029,1,76502,0
satiricalmuse,nasa,1,3,68473,8029,4,76502,12
satiricalmuse,nasajpl,1,3,6319,56,4,6375,2
tulsipatel_,nasa,0,1,68473,8029,1,76502,0
juliasmith1121,nasa,2,1,68473,8029,3,76502,1
daiaigoat,nasa,0,1,68473,8029,1,76502,1
mariahmcds7,nasa,0,1,68473,8029,1,76502,0
ttlydolans,nasa,0,1,68473,8029,1,76502,0
daujahboo1,nasa,0,1,68473,8029,1,76502,2
blueavebabe,nasa,1,1,68473,8029,2,76502,2
genereuse2015,nasa,0,1,68473,8029,1,76502,3
teamsuper_nz,nasa,0,1,68473,8029,1,76502,12
monkeymafia1668,nasa,24,4,68473,8029,28,76502,54
onlinetyier,nasa,1,1,68473,8029,2,76502,3
renad_a_a,nasa,1,1,68473,8029,2,76502,3
cutetotheheart,nasa,3,1,68473,8029,4,76502,5
weiryn,nasa,1,1,68473,8029,2,76502,2
riverajaime,nasa,0,1,68473,8029,1,76502,0
ohmycelestie,nasa,0,1,68473,8029,1,76502,3
ynh___,nasa,1,0,68473,8029,1,76502,2
tattoodillon,nasa,0,1,68473,8029,1,76502,2
uranussideways,nasa,77,88,68473,8029,165,76502,20
herbalyfe,nasa,0,2,68473,8029,2,76502,0
haaaaileyyy,nasa,1,0,68473,8029,1,76502,1
bocaniam,nasa,0,1,68473,8029,1,76502,1
daslaz,nasa,4,2,68473,8029,6,76502,0
uitjiminie,nasa,0,1,68473,8029,1,76502,2
brenanasplit,nasa,0,1,68473,8029,1,76502,0
jchavez_,nasa,0,1,68473,8029,1,76502,0
nonchalantguy_,nasa,2,1,68473,8029,3,76502,2
latino_lion52,nasa,0,1,68473,8029,1,76502,1
crowbarpwr,nasa,39,1,68473,8029,40,76502,48
willweil,nasa,0,1,68473,8029,1,76502,0
graciosaaa_,nasa,0,2,68473,8029,2,76502,1
zoerab1,nasa,0,1,68473,8029,1,76502,1
moneymach_,nasa,0,1,68473,8029,1,76502,0
pistol_p3ter,nasa,1,1,68473,8029,2,76502,3
ruchifruitwala,nasa,1,0,68473,8029,1,76502,4
__cocoooo,nasa,0,1,68473,8029,1,76502,2
mephype93,nasa,6,1,68473,8029,7,76502,72
cod2legendbeast,nasa,3,2,68473,8029,5,76502,0
sinisterservant,nasa,3,1,68473,8029,4,76502,3
joetheatheist,nasa,13,1,68473,8029,14,76502,61
elisabethtooker,nasa,4,0,68473,8029,4,76502,4
njhlads,nasa,0,1,68473,8029,1,76502,7
lillyszquad,nasa,0,1,68473,8029,1,76502,5
trappedinchaos,nasa,3,1,68473,8029,4,76502,10
anum_bagel,nasa,0,1,68473,8029,1,76502,1
dm_ra3,nasa,0,1,68473,8029,1,76502,0
stonecold_jet,nasa,0,1,68473,8029,1,76502,2
kevinbethune,nasa,6,0,68473,8029,6,76502,27
kevinbethune,nasajpl,6,0,6319,56,6,6375,9
iamkingwize,nasa,2,1,68473,8029,3,76502,10
fuckuli,nasa,0,1,68473,8029,1,76502,0
typical_but_odd,nasa,2,0,68473,8029,2,76502,0
rosethorp,nasa,0,1,68473,8029,1,76502,1
maryheston,nasa,4,2,68473,8029,6,76502,48
darthkarennn,nasa,0,1,68473,8029,1,76502,2
vobinraldez,nasa,2,0,68473,8029,2,76502,2
haydenscroggins,nasa,1,0,68473,8029,1,76502,1
gawbymoon,nasa,0,1,68473,8029,1,76502,0
elrisitasforte,nasa,0,1,68473,8029,1,76502,0
el_cristiano5,nasa,0,1,68473,8029,1,76502,2
jr_4four,nasa,0,1,68473,8029,1,76502,4
ruggrossorlando,nasa,1,1,68473,8029,2,76502,7
the_codeine_kid,nasa,0,1,68473,8029,1,76502,17
sheyleneh,nasa,1,0,68473,8029,1,76502,0
p_dasher,nasa,3,1,68473,8029,4,76502,1
mmboltz,nasa,0,1,68473,8029,1,76502,2
ham_man13,nasa,0,1,68473,8029,1,76502,0
cursingpolice,nasa,0,1,68473,8029,1,76502,0
stolen_affinity,nasa,0,1,68473,8029,1,76502,1
neboheightsmom,nasa,1,0,68473,8029,1,76502,1
lloydlyndsay,nasa,0,1,68473,8029,1,76502,2
adigamotv,nasa,0,1,68473,8029,1,76502,0
itsnovap,nasa,0,1,68473,8029,1,76502,9
micapughhhh_,nasa,1,0,68473,8029,1,76502,0
jp_landolfi,nasa,0,1,68473,8029,1,76502,5
_ianfrancis,nasa,1,1,68473,8029,2,76502,3
itskingkumar,nasa,0,1,68473,8029,1,76502,0
kashiakatelenn,nasa,0,1,68473,8029,1,76502,0
harrykinga,nasa,2,0,68473,8029,2,76502,0
katnisseverweed,nasa,0,1,68473,8029,1,76502,0
high_life_joe,nasa,0,1,68473,8029,1,76502,0
_aaaaaari,nasa,1,2,68473,8029,3,76502,2
kveeezy,nasa,0,1,68473,8029,1,76502,1
alivommaro,nasa,0,1,68473,8029,1,76502,3
gazared305,nasa,2,1,68473,8029,3,76502,5
jimmywanner,nasa,0,1,68473,8029,1,76502,0
emily_malkowski,nasa,0,1,68473,8029,1,76502,4
iamcarolinaking,nasa,1,1,68473,8029,2,76502,1
elenaduong,nasa,2,0,68473,8029,2,76502,2
_sknydanny,nasa,1,0,68473,8029,1,76502,0
kuson_2_14,nasa,0,1,68473,8029,1,76502,0
msdj72,nasa,3,0,68473,8029,3,76502,3
msdj72,space_station,3,0,11599,539,3,12138,1
broke_beautiful,nasa,3,0,68473,8029,3,76502,5
radzz999,nasa,0,1,68473,8029,1,76502,4
ultmarktuna,nasa,0,1,68473,8029,1,76502,0
orianacrosales,nasa,1,0,68473,8029,1,76502,1
janalfunstyyry,nasa,9,2,68473,8029,11,76502,5
janalfunstyyry,space_station,9,2,11599,539,11,12138,2
elkayy13,nasa,0,1,68473,8029,1,76502,1
stephlovaaa_,nasa,0,1,68473,8029,1,76502,1
drtydza,nasa,2,1,68473,8029,3,76502,2
thelunarfather,nasa,2,1,68473,8029,3,76502,4
compazavala,nasa,0,1,68473,8029,1,76502,0
caiticam,nasa,0,1,68473,8029,1,76502,1
richierich3rd,nasa,0,1,68473,8029,1,76502,0
anaaep,nasa,0,1,68473,8029,1,76502,0
articlemkultra,nasa,3,8,68473,8029,11,76502,0
nm_c07,nasa,4,2,68473,8029,6,76502,12
franzbeaponce,nasa,1,1,68473,8029,2,76502,5
redmetcalfe,nasa,4,1,68473,8029,5,76502,9
beccaarana,nasa,0,1,68473,8029,1,76502,1
travelnlivelife,nasa,0,1,68473,8029,1,76502,0
ctkennedy25,nasa,0,1,68473,8029,1,76502,0
mel_kittykatt,nasa,0,1,68473,8029,1,76502,1
boubounokefalos,nasa,1,0,68473,8029,1,76502,0
geckorhombus,nasa,0,1,68473,8029,1,76502,5
katechadwick5,nasa,0,2,68473,8029,2,76502,0
superemmachan,nasa,1,1,68473,8029,2,76502,1
notorioushjb,nasa,0,1,68473,8029,1,76502,0
themarckoguy,nasa,2,1,68473,8029,3,76502,10
belladestiny99,nasa,0,1,68473,8029,1,76502,0
afr0jill,nasa,0,1,68473,8029,1,76502,1
amber_ward_,nasa,1,2,68473,8029,3,76502,1
freebyrd55,nasa,1,2,68473,8029,3,76502,5
themostmitsos,nasa,36,1,68473,8029,37,76502,80
blaiseceegee,nasa,0,2,68473,8029,2,76502,3
imcoopershields,nasa,1,1,68473,8029,2,76502,2
mrgnmcnl_,nasa,0,1,68473,8029,1,76502,2
larkin10louise,nasa,0,2,68473,8029,2,76502,8
turing_police,nasa,0,1,68473,8029,1,76502,2
hamiltonbreakme,nasa,0,1,68473,8029,1,76502,1
nancycollister1,nasa,35,14,68473,8029,49,76502,37
jonginng,nasa,0,1,68473,8029,1,76502,0
ayesh_sk,nasa,0,1,68473,8029,1,76502,1
oliviavavin,nasa,1,1,68473,8029,2,76502,4
commanderxlexa,nasa,0,1,68473,8029,1,76502,5
ohhnico_,nasa,2,0,68473,8029,2,76502,0
thedylanparker,nasa,0,2,68473,8029,2,76502,0
nadzran_hafiy13,nasa,5,1,68473,8029,6,76502,4
jerrmeehan,nasa,13,1,68473,8029,14,76502,19
ischern,nasa,1,1,68473,8029,2,76502,2
riceboyrey,nasa,1,0,68473,8029,1,76502,0
khephrithoth,nasa,7,1,68473,8029,8,76502,6
evazquez8520,nasa,2,0,68473,8029,2,76502,1
jessicamarzipan,nasa,2,1,68473,8029,3,76502,70
melanin_made,nasa,1,0,68473,8029,1,76502,0
ang_romano,nasa,0,1,68473,8029,1,76502,0
tobiovevo,nasa,0,1,68473,8029,1,76502,1
tim_radio,nasa,1,3,68473,8029,4,76502,2
writerkarlaf,nasa,0,1,68473,8029,1,76502,2
paigeshoe13,nasa,0,2,68473,8029,2,76502,1
reneewebs,upulie,29,0,655,2,29,657,53
reneewebs,nasa,29,0,68473,8029,29,76502,97
despanno,nasa,0,1,68473,8029,1,76502,0
noriaz91,nasa,0,1,68473,8029,1,76502,1
smenor,astrokatie,16,0,3548,34,16,3582,31
smenor,catherineq,16,0,1198,6,16,1204,25
smenor,nasa,16,0,68473,8029,16,76502,41
millafecke,nasa,0,1,68473,8029,1,76502,0
madkbrew,nasa,2,0,68473,8029,2,76502,27
_aroomba,nasa,7,1,68473,8029,8,76502,7
kellylord1569,nasa,1,0,68473,8029,1,76502,0
mcbrizzle_,nasa,0,1,68473,8029,1,76502,1
pytbby,nasa,0,1,68473,8029,1,76502,0
kry5t41,nasa,2,1,68473,8029,3,76502,5
francessldb,nasa,1,1,68473,8029,2,76502,1
annasather,nasa,3,0,68473,8029,3,76502,2
theoooooooooo,nasa,1,1,68473,8029,2,76502,2
katewetherlock,nasa,5,4,68473,8029,9,76502,5
katewetherlock,space_station,5,4,11599,539,9,12138,5
jessieeeeb_,nasa,0,1,68473,8029,1,76502,0
tj_xm,nasa,0,1,68473,8029,1,76502,3
martian_garden,nasa,85,0,68473,8029,85,76502,200
martian_garden,spacex,85,0,13054,288,85,13342,191
wintxersoldier,nasa,1,1,68473,8029,2,76502,2
d_teck,nasa,2,0,68473,8029,2,76502,5
johnnypappas,nasa,15,12,68473,8029,27,76502,21
k_kkadie_bugg,nasa,0,1,68473,8029,1,76502,2
ninadubzzz,nasa,1,1,68473,8029,2,76502,3
dylanacop,nasa,1,1,68473,8029,2,76502,7
nickosjtm,nasa,1,0,68473,8029,1,76502,2
pigeonpriest,nasa,1,1,68473,8029,2,76502,1
ihatethemedia,nasa,2,1,68473,8029,3,76502,26
jackh_official,nasa,2,0,68473,8029,2,76502,0
handofbarnes,nasa,0,1,68473,8029,1,76502,0
jragga,nasa,13,1,68473,8029,14,76502,10
wayfarersprayer,nasa,2,1,68473,8029,3,76502,6
baileyskinner1,nasa,0,1,68473,8029,1,76502,0
norrrr_,nasa,0,4,68473,8029,4,76502,1
okingkong1,nasa,1,1,68473,8029,2,76502,0
youngjedifresh,nasa,1,0,68473,8029,1,76502,9
thatbitchkonrad,nasa,1,0,68473,8029,1,76502,0
samhenryjohnson,nasa,0,1,68473,8029,1,76502,1
j_dragonkin,nasa,3,0,68473,8029,3,76502,5
utah_getme_2,nasa,1,1,68473,8029,2,76502,3
squints92,nasa,0,1,68473,8029,1,76502,0
hailbuddha,nasa,0,1,68473,8029,1,76502,0
jrbeardcrew,nasa,1,0,68473,8029,1,76502,0
glowprincxss,nasa,3,0,68473,8029,3,76502,8
pinoe77,nasa,0,1,68473,8029,1,76502,0
moving20,badastronomer,9,1,4249,26,10,4275,13
kaptainkramer23,nasa,0,1,68473,8029,1,76502,1
leblancstartup,nasa,5,0,68473,8029,5,76502,7
brittanymacdon,nasa,1,1,68473,8029,2,76502,0
dank_mit,nasa,5,0,68473,8029,5,76502,20
br3annak,nasa,0,1,68473,8029,1,76502,1
broadstreetbosh,nasa,1,1,68473,8029,2,76502,2
laurenaharder,nasa,1,1,68473,8029,2,76502,1
johnajaoude,nasa,0,1,68473,8029,1,76502,2
skyla_rose_32,nasa,0,1,68473,8029,1,76502,0
treelijahblvd,nasa,0,1,68473,8029,1,76502,0
jaybeedubbau,nasa,1,1,68473,8029,2,76502,1
armando22leosun,nasa,3,2,68473,8029,5,76502,0
heysarahxox,nasa,1,1,68473,8029,2,76502,1
haileyrade,nasa,3,1,68473,8029,4,76502,5
mobydick1738,neiltyson,8,3,11330,239,11,11569,10
mobydick1738,nasa,8,3,68473,8029,11,76502,19
ibtehalhussein,nasa,21,2,68473,8029,23,76502,38
myahtbh,nasa,1,0,68473,8029,1,76502,0
carmennli,nasa,0,1,68473,8029,1,76502,1
miss_euphoric88,nasa,0,1,68473,8029,1,76502,1
charliepoet,nasa,4,2,68473,8029,6,76502,77
9_scorp,nasa,4,2,68473,8029,6,76502,38
aureajenelle,nasa,2,1,68473,8029,3,76502,2
__dessxo,nasa,1,2,68473,8029,3,76502,2
jakegunst,nasa,2,1,68473,8029,3,76502,5
marie__cutie,nasa,17,1,68473,8029,18,76502,21
cheyforbes,nasa,3,1,68473,8029,4,76502,15
dmufc58,nasa,0,2,68473,8029,2,76502,0
bruinsscience,nasa,1,0,68473,8029,1,76502,4
jgarcein,nasajuno,0,1,4715,21,1,4736,0
not_coyotic,badastronomer,0,1,4249,26,1,4275,0
alyssa_kubiak,nasa,1,0,68473,8029,1,76502,3
willoftheatheis,nasa,5,0,68473,8029,5,76502,1
gaikwadvishalr,nasa,0,2,68473,8029,2,76502,0
zelfthezolf,nasa,2,0,68473,8029,2,76502,1
fuzepsd,nasa,0,1,68473,8029,1,76502,3
cawwwtney,nasa,1,0,68473,8029,1,76502,4
tivikareed,nasa,1,1,68473,8029,2,76502,6
submarinorojo,nasa,0,1,68473,8029,1,76502,0
erma_geddon,nasa,0,1,68473,8029,1,76502,0
feddjord,nasa,1,0,68473,8029,1,76502,0
spinnerbuckle,nasa,0,1,68473,8029,1,76502,1
artgarfunkle,nasa,1,1,68473,8029,2,76502,3
misterburk3,nasa,1,0,68473,8029,1,76502,0
sparks30303,nasa,15,1,68473,8029,16,76502,24
78d185fdc3bd4c1,nasa,0,1,68473,8029,1,76502,0
gomhar,nasa,4,0,68473,8029,4,76502,6
jamila_v,nasa,1,0,68473,8029,1,76502,11
illus10nz,nasa,0,1,68473,8029,1,76502,0
carolcotb,nasa,0,1,68473,8029,1,76502,1
_kiebooms,nasa,0,1,68473,8029,1,76502,3
keatonrey,nasa,7,0,68473,8029,7,76502,9
raz_ma_tazzzz,nasa,0,1,68473,8029,1,76502,2
embraceape,nasa,10,4,68473,8029,14,76502,14
eloanmusk,nasa,0,1,68473,8029,1,76502,3
coryrichards83,nasa,0,1,68473,8029,1,76502,1
azerrah,nasa,0,1,68473,8029,1,76502,0
bibicheret,nasa,2,0,68473,8029,2,76502,17
cessnadriver172,astro_mike,7,0,2253,21,7,2274,3
cessnadriver172,nasa,7,0,68473,8029,7,76502,4
chrisisnorml,spacex,1,2,13054,288,3,13342,3
chrisisnorml,nasa,1,2,68473,8029,3,76502,3
quastar2011,nasa,11,2,68473,8029,13,76502,20
sagesera,spacex,8,2,13054,288,10,13342,9
sagesera,nasa,8,2,68473,8029,10,76502,11
casxvii,nasa,1,0,68473,8029,1,76502,21
uf0freak,nasa,0,1,68473,8029,1,76502,4
bga19h,nasa,3,3,68473,8029,6,76502,0
arielofficial,nasa,1,1,68473,8029,2,76502,4
mischiefmags,nasa,4,1,68473,8029,5,76502,10
almaasoglu,spacex,4,0,13054,288,4,13342,2
laurrmoran,nasa,0,1,68473,8029,1,76502,1
blurukus,nasa,0,1,68473,8029,1,76502,0
jadalynp,nasa,0,1,68473,8029,1,76502,1
macksboo,nasa,0,1,68473,8029,1,76502,2
sequoiathetree,nasa,0,1,68473,8029,1,76502,4
blondecrkhead,nasa,0,1,68473,8029,1,76502,4
itsdisko,nasa,1,1,68473,8029,2,76502,4
kayenne22,nasa,7,17,68473,8029,24,76502,32
texas_kayak,nasa,1,0,68473,8029,1,76502,1
nondairygary,nasa,1,1,68473,8029,2,76502,0
camjam_andjelly,nasa,0,1,68473,8029,1,76502,0
msmollybnorth,nasa,0,1,68473,8029,1,76502,3
lent_ava,nasa,0,1,68473,8029,1,76502,0
temperance206,nasa,2,1,68473,8029,3,76502,11
fandomsandhoran,nasa,0,1,68473,8029,1,76502,2
garrywhoever,nasa,3,1,68473,8029,4,76502,6
old_ag_91,nasa,0,1,68473,8029,1,76502,3
nikollets,nasa,0,1,68473,8029,1,76502,0
_david_harden_,nasa,1,1,68473,8029,2,76502,1
majorluzer,nasa,0,1,68473,8029,1,76502,2
brookecarneyyy,nasa,0,1,68473,8029,1,76502,0
_m0ha,nasa,3,0,68473,8029,3,76502,3
artislove,nasa,0,1,68473,8029,1,76502,0
caliibeau,nasa,0,1,68473,8029,1,76502,0
shot1of1whiskey,nasa,0,1,68473,8029,1,76502,0
giasoriano_,nasa,0,1,68473,8029,1,76502,0
andrewinaustin,nasa,2,1,68473,8029,3,76502,16
ptabbiner,nasa,6,1,68473,8029,7,76502,15
txkahashi,nasa,4,2,68473,8029,6,76502,4
revertart,nasa,0,1,68473,8029,1,76502,2
sarah_byham,nasa,1,2,68473,8029,3,76502,1
tallbarry,nasa,0,1,68473,8029,1,76502,0
sydneyvvvv,nasa,1,1,68473,8029,2,76502,2
fancyshitbro,nasa,0,1,68473,8029,1,76502,0
antoniskazou,nasa,15,2,68473,8029,17,76502,10
antoniskazou,marscuriosity,15,2,8368,44,17,8412,8
nickjdenton,nasa,1,3,68473,8029,4,76502,2
nickjdenton,marscuriosity,1,3,8368,44,4,8412,2
_emily_0331,nasa,0,1,68473,8029,1,76502,0
pcs1776,nasa,2,1,68473,8029,3,76502,4
caitlinkurvink,nasa,0,1,68473,8029,1,76502,3
tlsmith625,nasa,1,1,68473,8029,2,76502,0
ghosttgalaxy,nasa,2,0,68473,8029,2,76502,2
coltinayres,nasa,10,3,68473,8029,13,76502,1
prblematicpeach,nasa,2,1,68473,8029,3,76502,4
uslawreview,nasa,13,1,68473,8029,14,76502,45
brianrrs37,neiltyson,4,17,11330,239,21,11569,17
brianrrs37,nasa,4,17,68473,8029,21,76502,26
yosari_,nasa,0,1,68473,8029,1,76502,0
mrmagonegro,nasa,1,1,68473,8029,2,76502,1
wafflekingdavy,nasa,9,0,68473,8029,9,76502,9
harvest_wind,marscuriosity,28,2,8368,44,30,8412,22
harvest_wind,nasakennedy,28,2,4181,49,30,4230,20
harvest_wind,nasa,28,2,68473,8029,30,76502,25
harvest_wind,nasajpl,28,2,6319,56,30,6375,21
flatearthcity,nasa,17,7,68473,8029,24,76502,126
yigitispir,nasa,26,0,68473,8029,26,76502,34
idfcmoran,nasa,0,4,68473,8029,4,76502,16
andypalooza,nasa,12,2,68473,8029,14,76502,27
andypalooza,nasa_orion,12,2,3491,43,14,3534,5
robbycruz7,nasa,0,1,68473,8029,1,76502,1
toffeealmondd,nasa,1,0,68473,8029,1,76502,1
pod_panik,nasa,5,1,68473,8029,6,76502,5
peruwiadomo,nasa,3,0,68473,8029,3,76502,1
chillvibes_420,nasa,1,0,68473,8029,1,76502,1
waleedlabhi,nasa,7,1,68473,8029,8,76502,16
deefa45,nasa,21,1,68473,8029,22,76502,16
non_believer001,nasa,3,0,68473,8029,3,76502,4
non_believer001,esa_rosetta,3,0,6782,249,3,7031,2
jkildren625,marscuriosity,22,0,8368,44,22,8412,22
poppylee53152,nasa,0,3,68473,8029,3,76502,41
poppylee53152,iss_research,0,3,5280,55,3,5335,7
poppylee53152,space_station,0,3,11599,539,3,12138,14
_thatniggacarl,nasa,30,12,68473,8029,42,76502,4
trinakshyk,nasa,0,1,68473,8029,1,76502,0
firewake32,nasa,12,4,68473,8029,16,76502,11
portland_ghosts,nasa,207,114,68473,8029,321,76502,33
portland_ghosts,space_station,207,114,11599,539,321,12138,25
cjkdwl,nasa,7,0,68473,8029,7,76502,5
nothingsirius,nasa,14,3,68473,8029,17,76502,161
marsweep,nasa,0,4,68473,8029,4,76502,28
marsweep,space_station,0,4,11599,539,4,12138,14
songz_ofmylife,nasa,1,0,68473,8029,1,76502,2
ameri_grl,nasa,7,0,68473,8029,7,76502,14
jkildren625,marsrovers,22,0,2667,7,22,2674,19
flatearthjason,nasa,0,4,68473,8029,4,76502,33
scienceiswrong,nasa,3,0,68473,8029,3,76502,1
donaldroche2,nasahqphoto,11,9,2736,16,20,2752,20
donaldroche2,space_station,11,9,11599,539,20,12138,21
donaldroche2,nasa,11,9,68473,8029,20,76502,28
derekkleslie,nasa,2,1,68473,8029,3,76502,0
realheine,nasa,0,1,68473,8029,1,76502,2
klugectr,drfunkyspoon,4,0,858,9,4,867,9
orrchidrain,nasa,2,1,68473,8029,3,76502,25
mehrharris,nasa,2,0,68473,8029,2,76502,0
jamiepart2,nasa,5,0,68473,8029,5,76502,5
jamiepart2,cassinisaturn,5,0,5365,77,5,5442,5
rodrigonunescal,nasa,58,0,68473,8029,58,76502,144
geodedicated,nasa,77,0,68473,8029,77,76502,182
geodedicated,cassinisaturn,77,0,5365,77,77,5442,113
esba1ley,esa_caves,16,0,421,0,16,421,12
esba1ley,nasa,16,0,68473,8029,16,76502,41
xxjaycfreshxx,nasa,1,0,68473,8029,1,76502,5
maradacy,nasa,3,1,68473,8029,4,76502,21
itstylernicole,nasa,2,0,68473,8029,2,76502,4
jeremybresley,nasa,25,0,68473,8029,25,76502,33
livinapril7,nasa,7,0,68473,8029,7,76502,28
attackontyson,nasa,3,0,68473,8029,3,76502,4
sbarsh,nasa,20,5,68473,8029,25,76502,8
barshbits,nasa,20,5,68473,8029,25,76502,3
sinfuic,nasa,1,0,68473,8029,1,76502,1
keremgogus,nasa,5,0,68473,8029,5,76502,6
keke_fan_,nasa,4,0,68473,8029,4,76502,3
scrapmetalrobot,nasa,23,0,68473,8029,23,76502,33
mattcusson,nasagoddard,21,0,3329,22,21,3351,11
goodyawards,space_station,6,0,11599,539,6,12138,7
neilhollywood,nasa,39,3,68473,8029,42,76502,1
buffer,nasa,25,0,68473,8029,25,76502,729
dun3buggi3,nasa,1,0,68473,8029,1,76502,10
lovelyfunmom27,nasa,2,0,68473,8029,2,76502,1
leesallyman,nasa,5,0,68473,8029,5,76502,5
mujosey,nasa,20,0,68473,8029,20,76502,27
jameszanardo,nasa,18,0,68473,8029,18,76502,28
maddysettel,nasa,3,0,68473,8029,3,76502,2
nutmegamillion,nasa,2,0,68473,8029,2,76502,4
mattcorlett01,nasa,9,0,68473,8029,9,76502,20
thegrannyhere,nasa,6,0,68473,8029,6,76502,2
thegrannyhere,space_station,6,0,11599,539,6,12138,2
tc__joseph,nasa,6,0,68473,8029,6,76502,14
tc__joseph,space_station,6,0,11599,539,6,12138,6
teencher,nasa,6,0,68473,8029,6,76502,4
uscdigital,nasa,2,0,68473,8029,2,76502,6
theecobeat,nasa,7,1,68473,8029,8,76502,48
hesupplanted,nasa,4,1,68473,8029,5,76502,5
sannsibble,nasajuno,105,0,4715,21,105,4736,109
b0yle,nasa,115,0,68473,8029,115,76502,939
lumabargo,nasa,3,0,68473,8029,3,76502,1
lumabargo,neiltyson,3,0,11330,239,3,11569,1
jorgego98249461,nasa,151,8,68473,8029,159,76502,19
woodsdiscovery,nasa,12,0,68473,8029,12,76502,16
jon_vas2877,nasa,2,1,68473,8029,3,76502,1
upportunityu,startalkradio,109,1,1562,8,110,1570,187
stratocumulus,nasa,125,2,68473,8029,127,76502,480
rmgluck2017,nasa,1,0,68473,8029,1,76502,0
adpcnet,nasa,29,2,68473,8029,31,76502,21
kinglutherv,nasa,4,0,68473,8029,4,76502,5
prezcannady,esa,15,0,9106,113,15,9219,48
xploredeepspace,nasa,127,6,68473,8029,133,76502,502
therealkyler_a,nasa,3,0,68473,8029,3,76502,3
aguscipolicy,nasa,48,1,68473,8029,49,76502,229
spaceartsae,nasa_johnson,37,0,5603,37,37,5640,103
nasa_sti,nasa,47,1,68473,8029,48,76502,483
sengarypeters,nasa,3,0,68473,8029,3,76502,65
lzcata,nasa,3,0,68473,8029,3,76502,1
lilya_333,nasa,9,1,68473,8029,10,76502,20
spacebrendan,nasa,62,3,68473,8029,65,76502,173
boweswg,nasa,26,0,68473,8029,26,76502,33
kiraonclimate,nasa,11,0,68473,8029,11,76502,63
thecircuitmovie,nasa,9,0,68473,8029,9,76502,59
dale_the_cooper,nasa,32,4,68473,8029,36,76502,16
ripmyyoutth,nasa,0,1,68473,8029,1,76502,0
sabriel_,nasa,3,0,68473,8029,3,76502,1
broadsidebd,nasa,2,0,68473,8029,2,76502,7
fednewsradio,nasa,11,1,68473,8029,12,76502,142
aasandesign,nasa,23,0,68473,8029,23,76502,46
mackbradley,nasa,63,0,68473,8029,63,76502,190
drgitpaws,nasa,8,0,68473,8029,8,76502,5
datawolf4005,astro_cady,11,2,1144,2,13,1146,9
datawolf4005,nasa,11,2,68473,8029,13,76502,13
freelancephilos,nasa,52,0,68473,8029,52,76502,147
kool_duderex,nasa,22,0,68473,8029,22,76502,26
kool_duderex,space_station,22,0,11599,539,22,12138,22
janetepetro1,nasa,22,0,68473,8029,22,76502,59
ken_yager,nasa,89,1,68473,8029,90,76502,276
secondmuse,nasa,11,0,68473,8029,11,76502,63
worldofscitech,nasa,113,1,68473,8029,114,76502,244
martensjd,nasa,4,0,68473,8029,4,76502,3
revamariepeter2,nasa,2,0,68473,8029,2,76502,0
rcamp004,nasa,34,0,68473,8029,34,76502,67
toddicus,nasa,5,0,68473,8029,5,76502,26
petitpipo,nasa,15,2,68473,8029,17,76502,6
petitpipo,nasa_orion,15,2,3491,43,17,3534,4
petitpipo,nasa_johnson,15,2,5603,37,17,5640,5
gassygiant,nasa,45,0,68473,8029,45,76502,64
swellbritta,elakdawalla,5,2,4232,19,7,4251,11
swellbritta,nasa,5,2,68473,8029,7,76502,16
jorgemurray98,nasa,1,0,68473,8029,1,76502,0
orlandopride,nasa,1,0,68473,8029,1,76502,11
bobbiebees,nasa,5,1,68473,8029,6,76502,12
nova_r7,nasa,2,0,68473,8029,2,76502,0
entrylevelrebel,rocket_woman1,13,0,307,0,13,307,15
entrylevelrebel,nasa,13,0,68473,8029,13,76502,82
georgeshornack,spacedotcom,8,0,5782,113,8,5895,6
georgeshornack,nasa,8,0,68473,8029,8,76502,7
newscred,nasa,2,0,68473,8029,2,76502,122
executivegov,nasa,20,1,68473,8029,21,76502,55
mt_consult,nasajpl,30,1,6319,56,31,6375,46
egyptiankarim,nasa,1,0,68473,8029,1,76502,2
daniel_thecuban,nasa,31,1,68473,8029,32,76502,68
ewein2412,astro_cady,4,0,1144,2,4,1146,8
romansgirl2073,nasa,33,0,68473,8029,33,76502,40
bzbx,spacedotcom,20,1,5782,113,21,5895,11
itis4tom,nasa,23,2,68473,8029,25,76502,5
newswhip,nasa,14,0,68473,8029,14,76502,50
absolut_zer0,nasa,4,0,68473,8029,4,76502,27
ramani_iyer,nasa,1,0,68473,8029,1,76502,3
youssef_nfissi,nasa,3,0,68473,8029,3,76502,1
gary_indiana,nasa,1,0,68473,8029,1,76502,3
zajaczkowski,nasa,1,0,68473,8029,1,76502,3
dailystarnews,nasa,3,0,68473,8029,3,76502,34
joerymi,nasa,3,0,68473,8029,3,76502,2
vbpaul88,neiltyson,5,0,11330,239,5,11569,4
newsfromspace,nasa,225,0,68473,8029,225,76502,718
newsfromspace,esa,225,0,9106,113,225,9219,595
spacejournalism,nasa,152,8,68473,8029,160,76502,299
boyerchristie,nasa,7,1,68473,8029,8,76502,7
boyerchristie,space_station,7,1,11599,539,8,12138,6
chia_jeslyn,nasa,1,0,68473,8029,1,76502,5
timmermansr,nasa,248,0,68473,8029,248,76502,1206
kernelcob,neiltyson,0,1,11330,239,1,11569,0
albertalbs,spacedotcom,24,0,5782,113,24,5895,7
mabsj2,spacedotcom,52,0,5782,113,52,5895,86
rathertiresome,spacedotcom,3,0,5782,113,3,5895,5
replaurahalld19,nasa,5,0,68473,8029,5,76502,18
ju5t_v151t1ng,spacedotcom,95,0,5782,113,95,5895,116
gutmicrobiomef,nasa,2,0,68473,8029,2,76502,14
perolikeee_,nasa,1,0,68473,8029,1,76502,0
nanowiz05,spacedotcom,1,0,5782,113,1,5895,0
eplawiuk,spacedotcom,7,0,5782,113,7,5895,17
stevekaliski,nasa,7,0,68473,8029,7,76502,9
aagie,nasa,105,0,68473,8029,105,76502,251
aagie,cassinisaturn,105,0,5365,77,105,5442,170
donnarapha,spacedotcom,26,0,5782,113,26,5895,12
halleatonix,nasa,3,0,68473,8029,3,76502,3
ucfh,nasa,2,0,68473,8029,2,76502,3
vtwebdesign,spacedotcom,16,0,5782,113,16,5895,28
muhiburshourov,nasa,3,0,68473,8029,3,76502,1
michdsan14,nasa,5,0,68473,8029,5,76502,4
ctdengineering,nasa,3,0,68473,8029,3,76502,10
alienbeagle,nasa,2,0,68473,8029,2,76502,7
adamjacobspdx,stationcdrkelly,2,0,6655,23,2,6678,2
drewneisser,nasa,7,0,68473,8029,7,76502,103
wjhuie,nasajpl,3,1,6319,56,4,6375,13
maggiemurphey,spacedotcom,2,0,5782,113,2,5895,2
emceeslim,nasa,57,8,68473,8029,65,76502,21
artofastronomy,spacedotcom,56,0,5782,113,56,5895,139
ascendedmal,nasa,10,0,68473,8029,10,76502,10
miabryce,spacedotcom,14,0,5782,113,14,5895,26
katrobison,nasa,41,1,68473,8029,42,76502,150
explorersinst,nasa,18,0,68473,8029,18,76502,44
jonathanknowles,nasa,30,0,68473,8029,30,76502,122
law4usc,badastronomer,6,0,4249,26,6,4275,6
tomholtzpaleo,nasa,7,0,68473,8029,7,76502,71
rorystoves,nasa,7,0,68473,8029,7,76502,14
gabbybirkman,spacedotcom,55,0,5782,113,55,5895,69
mad_science_guy,nasa,55,1,68473,8029,56,76502,118
ninazamparis,nasa,6,0,68473,8029,6,76502,4
nfigueroajr,spacedotcom,13,0,5782,113,13,5895,18
rappolee,nasa,39,0,68473,8029,39,76502,98
ticsdaily,nasa,5,1,68473,8029,6,76502,2
alimearza,nasa,7,1,68473,8029,8,76502,14
mosestamakloe,nasajpl,61,0,6319,56,61,6375,79
twittermoments,nasa,1,0,68473,8029,1,76502,310
smoothestknight,nasa,5,0,68473,8029,5,76502,6
engryourworld,nasa,6,0,68473,8029,6,76502,47
engryourworld,spacedotcom,6,0,5782,113,6,5895,21
chomifelicidade,nasa,9,0,68473,8029,9,76502,7
issyhjg,stationcdrkelly,5,0,6655,23,5,6678,5
psproduct,spacedotcom,1,0,5782,113,1,5895,0
dragonbox,nasa,4,0,68473,8029,4,76502,13
dragonbox,spacedotcom,4,0,5782,113,4,5895,8
kevinmlevy,nasa,1,0,68473,8029,1,76502,6
malligoose,nasa,11,1,68473,8029,12,76502,15
zacharycohn,nasa,11,0,68473,8029,11,76502,28
scot_nature_boy,nasa,33,0,68473,8029,33,76502,61
scot_nature_boy,nasajpl,33,0,6319,56,33,6375,40
robrekemeyer,nasa,35,0,68473,8029,35,76502,34
jannabernice,nasa,2,0,68473,8029,2,76502,2
oconnorcolette,nasa,7,0,68473,8029,7,76502,40
davidhu72182968,nasa,4,0,68473,8029,4,76502,7
watertrends,nasa,3,0,68473,8029,3,76502,117
mesraiders,nasa,2,0,68473,8029,2,76502,3
florencedrakton,nasa,2,0,68473,8029,2,76502,8
lastmanonmoon,nasa,95,0,68473,8029,95,76502,451
lamboholic1,nasa,60,3,68473,8029,63,76502,43
shelbyburon,nasa,5,0,68473,8029,5,76502,5
jneal518_neal,nasa,3,0,68473,8029,3,76502,10
19921974,nasa_astronauts,74,0,4004,58,74,4062,14
19921974,nasa,74,0,68473,8029,74,76502,17
sundhaug92,nasa,68,2,68473,8029,70,76502,133
sundhaug92,spacex,68,2,13054,288,70,13342,113
kimcungtv,nasa,1,0,68473,8029,1,76502,11
alymurray,spacex,2,1,13054,288,3,13342,2
john1966olsen,nasa,27,0,68473,8029,27,76502,164
thephoenixflare,spacex,19,0,13054,288,19,13342,36
thephoenixflare,nasa,19,0,68473,8029,19,76502,45
tiikgarza,nasa,26,0,68473,8029,26,76502,46
danpx2,nasa,120,4,68473,8029,124,76502,216
danpx2,spacex,120,4,13054,288,124,13342,198
unclejoe1116,spacex,11,0,13054,288,11,13342,9
unclejoe1116,nasa,11,0,68473,8029,11,76502,10
toddharrisondc,nasa,8,0,68473,8029,8,76502,53
trendrewards1,nasa,1,0,68473,8029,1,76502,7
quixoticnance,astro_wheels,43,0,1431,2,43,1433,49
quixoticnance,nasa,43,0,68473,8029,43,76502,89
quixoticnance,nasa_astronauts,43,0,4004,58,43,4062,48
scrubshine,nasa,12,1,68473,8029,13,76502,21
aplusplus,spacex,3,0,13054,288,3,13342,4
aplusplus,nasa,3,0,68473,8029,3,76502,11
sliztheboss,nasa,1,0,68473,8029,1,76502,1
lucidfly,nasa,9,0,68473,8029,9,76502,14
simoneroliver,nasa,4,0,68473,8029,4,76502,11
judywang_,nasajpl,5,0,6319,56,5,6375,5
petercheong10,nasa,3,1,68473,8029,4,76502,27
barry_corley,nasa,7,1,68473,8029,8,76502,9
rohanpinto,nasa,28,0,68473,8029,28,76502,5
radioxeu,nasa,1,2,68473,8029,3,76502,4
navig_us,nasa,2,0,68473,8029,2,76502,2
nayhamanzoor,nasa,3,0,68473,8029,3,76502,3
annined,nasa,1,0,68473,8029,1,76502,12
annie2488,nasa,16,3,68473,8029,19,76502,30
oracle,nasa,2,0,68473,8029,2,76502,260
marilinpeters,nasa,2,0,68473,8029,2,76502,1
deplorable_ed,nasa,2,0,68473,8029,2,76502,9
cptplanespotter,nasa,22,4,68473,8029,26,76502,48
cptplanespotter,therealbuzz,22,4,3484,28,26,3512,23
cptplanespotter,rainmaker1973,22,4,776,5,26,781,16
ghdatstate,nasa,7,1,68473,8029,8,76502,70
bigelowlab,nasa,9,0,68473,8029,9,76502,47
adambadger,nasa,24,0,68473,8029,24,76502,77
cinnamonlester_,nasa,2,0,68473,8029,2,76502,2
vic_alonsoperez,nasa,6,0,68473,8029,6,76502,38
polyman71,coreyspowell,27,0,842,3,27,845,46
polyman71,astrokatie,27,0,3548,34,27,3582,41
polyman71,nasa,27,0,68473,8029,27,76502,77
curtnickisch,nasa,3,0,68473,8029,3,76502,26
jessicacadams,nasa,1,0,68473,8029,1,76502,18
tamu,nasa,7,1,68473,8029,8,76502,144
djwarrenyoung,nasa,4,2,68473,8029,6,76502,56
pradigy,nasa,2,0,68473,8029,2,76502,1
now__space,spacex,78,2,13054,288,80,13342,163
now__space,nasa,78,2,68473,8029,80,76502,186
_absterrr,nasa,1,0,68473,8029,1,76502,2
aristofanea,nasa,3,0,68473,8029,3,76502,0
maurice_edmonds,nasa,5,0,68473,8029,5,76502,13
lora7777,nasa,12,0,68473,8029,12,76502,1
astro_physical_,nasa,27,0,68473,8029,27,76502,31
cenecmalaga,nasa,1,0,68473,8029,1,76502,1
artsandlectures,nasa,3,0,68473,8029,3,76502,3
artsandlectures,stationcdrkelly,3,0,6655,23,3,6678,3
jeffdeherdt,nasa,5,0,68473,8029,5,76502,4
commandermla,iss_research,71,0,5280,55,71,5335,368
commandermla,space_station,71,0,11599,539,71,12138,386
commandermla,nasa,71,0,68473,8029,71,76502,434
dilicorne,nasa,23,2,68473,8029,25,76502,8
rullys,nasa,4,0,68473,8029,4,76502,3
rullys,space_station,4,0,11599,539,4,12138,2
craftlass,nasa,101,0,68473,8029,101,76502,283
rosanne_sacto,nasa,3,0,68473,8029,3,76502,9
mck_s6,nasa,4,0,68473,8029,4,76502,6
cornerhub,spacedotcom,30,0,5782,113,30,5895,37
cornerhub,nasa,30,0,68473,8029,30,76502,57
sarah_begum,nasa,17,1,68473,8029,18,76502,58
rhettwilliam,nasa,12,0,68473,8029,12,76502,13
blackphysicists,nasa,151,3,68473,8029,154,76502,555
jaybirdone,nasa,69,6,68473,8029,75,76502,56
jorgeglz00,nasa,82,5,68473,8029,87,76502,16
jorgeglz00,esa_rosetta,82,5,6782,249,87,7031,8
vicentvicedo,nasa,3,0,68473,8029,3,76502,3
urmainegirl,nasa,1,0,68473,8029,1,76502,2
raakwork,nasa,13,0,68473,8029,13,76502,20
raakwork,esa_rosetta,13,0,6782,249,13,7031,12
cynwyd5thgrade,esa_rosetta,3,0,6782,249,3,7031,2
cynwyd5thgrade,esa,3,0,9106,113,3,9219,2
cynwyd5thgrade,nasa,3,0,68473,8029,3,76502,2
questfloorcare,nasa,11,0,68473,8029,11,76502,11
questfloorcare,iss_research,11,0,5280,55,11,5335,10
comfort_y,esaoperations,11,0,2903,15,11,2918,3
comfort_y,nasa,11,0,68473,8029,11,76502,3
comfort_y,esa_rosetta,11,0,6782,249,11,7031,2
1_gflame,nasa,92,3,68473,8029,95,76502,14
1_gflame,nasajuno,92,3,4715,21,95,4736,6
1_gflame,nasa_technology,92,3,2381,11,95,2392,7
cosmos4u,esa_rosetta,151,2,6782,249,153,7031,470
olegreg42,nasa,1,1,68473,8029,2,76502,1
sthilairelab,spacedotcom,3,0,5782,113,3,5895,5
wakeyamindupej,neiltyson,1,0,11330,239,1,11569,0
mommage8386,esa_rosetta,3,0,6782,249,3,7031,1
nyambose3,nasa,5,0,68473,8029,5,76502,8
nyambose3,esa_rosetta,5,0,6782,249,5,7031,4
defenseintel,nasa,8,0,68473,8029,8,76502,350
rihadan,nasa,3,0,68473,8029,3,76502,1
rihadan,nasajpl,3,0,6319,56,3,6375,1
fbi,nasa,1,0,68473,8029,1,76502,1542
iitmweb,nasa,2,0,68473,8029,2,76502,11
trixywh,nasa,1,0,68473,8029,1,76502,6
bamit_das,nasa,30,0,68473,8029,30,76502,7
robre62,nasa,13,0,68473,8029,13,76502,48
peerthru,nasa,3,0,68473,8029,3,76502,4
musicaltrees,nasa,3,0,68473,8029,3,76502,5
fadilhamman,nasa,6,0,68473,8029,6,76502,3
rtslabs,nasa,1,0,68473,8029,1,76502,7
baronboehm,nasajpl,9,0,6319,56,9,6375,7
mcadookelly,nasa,1,0,68473,8029,1,76502,3
debwhite,nasa,5,0,68473,8029,5,76502,31
brotherbat,nasa,3,0,68473,8029,3,76502,2
gammacounter,nasa,0,1,68473,8029,1,76502,29
varon_carol,nasa,16,1,68473,8029,17,76502,13
imnazim,nasa_astronauts,3,0,4004,58,3,4062,1
imnazim,nasa,3,0,68473,8029,3,76502,1
isaacgaye,nasa,6,0,68473,8029,6,76502,9
whyilikescience,nasa,18,0,68473,8029,18,76502,63
whyilikescience,spacedotcom,18,0,5782,113,18,5895,41
stemedu_johnson,nasa,5,0,68473,8029,5,76502,11
usembassysweden,nasa,7,0,68473,8029,7,76502,59
birdseye1,nasa,10,5,68473,8029,15,76502,64
letiziacaruso,nasa,13,2,68473,8029,15,76502,3
sisteragenda,spacedotcom,1,0,5782,113,1,5895,0
chrislucard,nasa,14,0,68473,8029,14,76502,4
epicroxy,nasa,11,1,68473,8029,12,76502,8
plabbe1,nasa,11,0,68473,8029,11,76502,14
plabbe1,space_station,11,0,11599,539,11,12138,11
etphonegemini,nasa,8,0,68473,8029,8,76502,38
physorg_com,nasa,23,3,68473,8029,26,76502,1691
tanyamariev,nasa,6,0,68473,8029,6,76502,1
aldoadastra,nasa,24,3,68473,8029,27,76502,29
aldoadastra,astro_davids,24,3,922,1,27,923,21
aldoadastra,space_station,24,3,11599,539,27,12138,28
californiakara,nasa,6,2,68473,8029,8,76502,44
peterfortna,nasa,1,0,68473,8029,1,76502,8
caseydreier,nasa,63,2,68473,8029,65,76502,354
fyiscipolicy,nasa,37,1,68473,8029,38,76502,126
stiltonninja,space_station,20,2,11599,539,22,12138,17
stiltonninja,nasa,20,2,68473,8029,22,76502,23
maximaxoo,nasa,94,6,68473,8029,100,76502,652
marty_bolton,space_station,18,0,11599,539,18,12138,20
marty_bolton,nasa,18,0,68473,8029,18,76502,26
wieilc,spacedotcom,13,0,5782,113,13,5895,23
grizzleytrubble,nasa,5,0,68473,8029,5,76502,3
grizzleytrubble,marscuriosity,5,0,8368,44,5,8412,3
davelavery,marscuriosity,16,0,8368,44,16,8412,60
ashekulhuq,space_station,9,0,11599,539,9,12138,8
ashekulhuq,nasa,9,0,68473,8029,9,76502,32
adrianginger,nasa,34,0,68473,8029,34,76502,49
skyatnightmag,marscuriosity,33,5,8368,44,38,8412,290
irialouise,nasa,2,0,68473,8029,2,76502,7
irialouise,space_station,2,0,11599,539,2,12138,4
neurosocialself,nasa,4,0,68473,8029,4,76502,51
dmvanderhoof,nasa,24,1,68473,8029,25,76502,74
mayramontrose,nasa,22,0,68473,8029,22,76502,33
thinkin_ape,nasa,2,0,68473,8029,2,76502,0
helloclodagh,nasa,5,0,68473,8029,5,76502,28
spacecasper,nasa,162,1,68473,8029,163,76502,484
awb_org,nasa,52,30,68473,8029,82,76502,239
awb_org,astro_nicole,52,30,1023,14,82,1037,128
onesynam,nasa,9,0,68473,8029,9,76502,13
andjtjoeng,nasa,2,0,68473,8029,2,76502,4
marksan04731571,iss_research,11,0,5280,55,11,5335,5
marksan04731571,stationcdrkelly,11,0,6655,23,11,6678,6
marksan04731571,nasa,11,0,68473,8029,11,76502,6
housescience,nasa,19,0,68473,8029,19,76502,294
shawnleenerts,nasa,10,0,68473,8029,10,76502,24
doctorbrijpatel,nasa,6,1,68473,8029,7,76502,10
jbprime,dalcantonjd,22,0,1231,0,22,1231,76
cmcelraft,nasa,5,0,68473,8029,5,76502,6
edierodriguez,stationcdrkelly,1,0,6655,23,1,6678,5
crgonzalez,nasa,5,0,68473,8029,5,76502,22
artshumana,nasa,9,0,68473,8029,9,76502,44
genefangirl,nasa,7,0,68473,8029,7,76502,19
genefangirl,nasa_johnson,7,0,5603,37,7,5640,16
13blackangel13,nasa,2,0,68473,8029,2,76502,4
eeg_uae,nasa,1,0,68473,8029,1,76502,9
shuttlealmanac,nasa,106,4,68473,8029,110,76502,527
charisgroup,nasa,2,0,68473,8029,2,76502,16
janineingram7,nasa,1,0,68473,8029,1,76502,12
lindyloo1979,aqua_ogriofa,82,0,120,2,82,122,39
lindyloo1979,nasa,82,0,68473,8029,82,76502,91
rasamataz_lv,nasa,1,0,68473,8029,1,76502,2
trinity_u,nasa,5,0,68473,8029,5,76502,43
zezeswanson,nasajpl,24,0,6319,56,24,6375,34
zezeswanson,nasa,24,0,68473,8029,24,76502,35
realkyleolbert,nasa,6,0,68473,8029,6,76502,23
ouphyssci,marscuriosity,2,0,8368,44,2,8412,21
aircraftnerds,nasa,8,0,68473,8029,8,76502,11
jonathanlhall,nasa,16,4,68473,8029,20,76502,33
svathome,nasa,1,0,68473,8029,1,76502,1
storybywill,universetoday,17,1,2413,15,18,2428,64
glytchtech,nasa,23,1,68473,8029,24,76502,65
changeequation,nasa,23,0,68473,8029,23,76502,277
p5umno,space_station,0,1,11599,539,1,12138,2
glennostrosky,nasa,12,1,68473,8029,13,76502,29
gracetiscareno,nasa,5,0,68473,8029,5,76502,32
stormseeker79,space_station,2,1,11599,539,3,12138,4
hivezine_,nasa,8,3,68473,8029,11,76502,1
cntroversyincda,space_station,71,7,11599,539,78,12138,20
spacecoral,nasa,76,0,68473,8029,76,76502,141
spacecoral,esa,76,0,9106,113,76,9219,117
joesibanez,nasa,5,0,68473,8029,5,76502,4
claudiaalvaran2,nasa,59,0,68473,8029,59,76502,51
gomez4224,nasa,6,0,68473,8029,6,76502,4
keystounlocking,nasa,71,1,68473,8029,72,76502,162
pillownaut,nasa,36,4,68473,8029,40,76502,465
kurafire,nasa,11,0,68473,8029,11,76502,49
maximodalmau,nasa,4,0,68473,8029,4,76502,4
smittydarling,nasa,2,0,68473,8029,2,76502,3
pc0101,iss_research,54,0,5280,55,54,5335,187
pc0101,stationcdrkelly,54,0,6655,23,54,6678,203
pc0101,nasa,54,0,68473,8029,54,76502,236
annie2488,bryankeiiy,16,3,19,0,19,19,4
usembislamabad,nasa,6,0,68473,8029,6,76502,53
drunken_neo,nasa,15,2,68473,8029,17,76502,41
drunken_neo,marscuriosity,15,2,8368,44,17,8412,19
bricknix,nasa,1,1,68473,8029,2,76502,3
hocochamber,nasa,6,0,68473,8029,6,76502,3
wmckimney,astro_mike,4,0,2253,21,4,2274,2
wmckimney,nasa,4,0,68473,8029,4,76502,2
its_en_not_on,nasa,7,0,68473,8029,7,76502,5
lindyloo1979,astro_mike,82,0,2253,21,82,2274,75
masoomjethwa,space_station,70,5,11599,539,75,12138,72
masoomjethwa,nasa,70,5,68473,8029,75,76502,120
masoomjethwa,esa,70,5,9106,113,75,9219,100
masoomjethwa,csa_asc,70,5,2359,11,75,2370,65
masoomjethwa,iss_research,70,5,5280,55,75,5335,59
draken50,nasa,9,3,68473,8029,12,76502,6
0x4e0x650x6f,nasa,6,0,68473,8029,6,76502,8
sydneysneckka,nasa,1,0,68473,8029,1,76502,1
smoothcat,nasa,11,0,68473,8029,11,76502,11
usgao,nasa,7,0,68473,8029,7,76502,155
fueladdicts,nasa,17,2,68473,8029,19,76502,17
kiss999,nasa,1,0,68473,8029,1,76502,3
power965,nasa,1,0,68473,8029,1,76502,19
johnsanders0,nasa,3,3,68473,8029,6,76502,5
jorgego98249461,astroannimal,151,8,495,7,159,502,10
claudiaalvaran2,astroannimal,59,0,495,7,59,502,28
javifenoy,nasa,3,0,68473,8029,3,76502,2
chughtaienge813,nasa,8,0,68473,8029,8,76502,3
heyarnoldc,nasa,1,0,68473,8029,1,76502,0
hpstan,nasa,4,0,68473,8029,4,76502,5
lauriecantillo,nasa,87,0,68473,8029,87,76502,261
19921974,astroannimal,74,0,495,7,74,502,12
xeni,nasakennedy,72,1,4181,49,73,4230,230
mikenasatir,nasa,35,0,68473,8029,35,76502,18
robertjshoupe,nasagoddard,3,0,3329,22,3,3351,1
meddevcentre,nasa,4,0,68473,8029,4,76502,9
darkparadise0m,nasa,12,0,68473,8029,12,76502,10
annmaura,nasa,1,0,68473,8029,1,76502,22
storyblockmedia,nasa,1,0,68473,8029,1,76502,2
americorps,nasa,19,0,68473,8029,19,76502,141
avramovk,nasa,50,0,68473,8029,50,76502,70
discoveryhour,nasa,43,0,68473,8029,43,76502,91
phibetakappa,nasa,11,0,68473,8029,11,76502,48
ufnations,nasa,3,0,68473,8029,3,76502,6
usveteransmag,nasa,4,0,68473,8029,4,76502,26
mindy777,nasa,3,0,68473,8029,3,76502,4
mindy777,space_station,3,0,11599,539,3,12138,4
jmuplanetarium,nasa,133,1,68473,8029,134,76502,233
atm_husband,nasa,2,2,68473,8029,4,76502,4
atm_husband,nasa_johnson,2,2,5603,37,4,5640,2
robinhicks_,nasa,4,1,68473,8029,5,76502,32
roysimangunsong,nasa,12,0,68473,8029,12,76502,27
maggiecort,nasa,2,0,68473,8029,2,76502,7
sannsibble,astroterry,105,0,2181,3,105,2184,111
astrotek,nasa,52,0,68473,8029,52,76502,122
mermaidcarnell,iss_research,8,0,5280,55,8,5335,6
mermaidcarnell,space_station,8,0,11599,539,8,12138,9
mermaidcarnell,nasa,8,0,68473,8029,8,76502,10
edbailey1957,nasa,14,0,68473,8029,14,76502,17
vabeachteach,nasa,2,0,68473,8029,2,76502,3
minorleaguesman,nasa,10,2,68473,8029,12,76502,10
upportunityu,nasa,109,1,68473,8029,110,76502,388
shravansaxena,nasa,15,1,68473,8029,16,76502,4
usambindia,nasa,2,0,68473,8029,2,76502,61
tracy_karin,nasa,188,0,68473,8029,188,76502,510
tracy_karin,astrowendyl,188,0,147,0,188,147,72
spaceleclerc,csa_asc,49,0,2359,11,49,2370,113
spaceleclerc,nasa,49,0,68473,8029,49,76502,133
obastronomy,chabotspace,20,0,464,0,20,464,14
obastronomy,nasa,20,0,68473,8029,20,76502,40
sylvia_opella,nasa,4,0,68473,8029,4,76502,3
lmb_spa,nasa,1,0,68473,8029,1,76502,0
eternal_voyager,nasa,12,0,68473,8029,12,76502,13
micha_louis,nasa,16,3,68473,8029,19,76502,9
heriabusufyan92,nasa,6,0,68473,8029,6,76502,1
udaykarve,nasa,9,0,68473,8029,9,76502,10
udaykarve,cassinisaturn,9,0,5365,77,9,5442,8
daaronherman,nasa,7,0,68473,8029,7,76502,14
daaronherman,space_station,7,0,11599,539,7,12138,7
bis_spaceflight,esa,82,0,9106,113,82,9219,507
bis_spaceflight,nasa,82,0,68473,8029,82,76502,530
lislelibrary,nasa,2,0,68473,8029,2,76502,4
sannsibble,nasa,105,0,68473,8029,105,76502,206
tylerfeague,nasa,9,0,68473,8029,9,76502,4
edmatters,nasa,3,0,68473,8029,3,76502,18
edmatters,cassinisaturn,3,0,5365,77,3,5442,5
dtlafave,nasa,0,1,68473,8029,1,76502,1
sannsibble,space_station,105,0,11599,539,105,12138,159
misspattyx,nasa,2,0,68473,8029,2,76502,1
engineeringcom,nasa,3,1,68473,8029,4,76502,159
educateeng,nasa,1,1,68473,8029,2,76502,4
stampydragon,nasa,1,1,68473,8029,2,76502,1
the_real_isamar,nasa,1,1,68473,8029,2,76502,0
imam_a_siddique,nasa,2,0,68473,8029,2,76502,6
imam_a_siddique,nasa_astronauts,2,0,4004,58,2,4062,2
ageekmom,nasa,249,1,68473,8029,250,76502,1025
exeteruninews,nasa,3,0,68473,8029,3,76502,8
gabeberto57,nasa,1,0,68473,8029,1,76502,1
licholding,nasa,4,0,68473,8029,4,76502,16
happynestmegi,nasa,1,0,68473,8029,1,76502,0
avramovk,cassinisaturn,50,0,5365,77,50,5442,41
dannytheinfidel,nasa,23,8,68473,8029,31,76502,30
dannytheinfidel,space_station,23,8,11599,539,31,12138,15
misterhw,nasa,6,0,68473,8029,6,76502,5
feonixforever,nasa,24,2,68473,8029,26,76502,25
feonixforever,cassinisaturn,24,2,5365,77,26,5442,24
comicbooknerd23,nasa,6,0,68473,8029,6,76502,7
nehayadav2058,nasa,4,0,68473,8029,4,76502,3
spacecenterhou,astro_mike,60,2,2253,21,62,2274,261
rinchenmtp,nasavoyager,42,0,3788,4,42,3792,34
sannsibble,esa,105,0,9106,113,105,9219,163
sannsibble,astro_alex,105,0,2397,1,105,2398,101
nicharsh,nasa_johnson,3,0,5603,37,3,5640,3
nickfalacci,nasa,7,0,68473,8029,7,76502,11
19921974,marscuriosity,74,0,8368,44,74,8412,10
prishkachu,nasa,8,0,68473,8029,8,76502,5
rieinspire,nasa,8,0,68473,8029,8,76502,50
ilovemarsfans,therealbuzz,85,0,3484,28,85,3512,205
eusapient,nasa,2,0,68473,8029,2,76502,2
lorimoreno,nasa,38,0,68473,8029,38,76502,238
oetkb2,nasa,9,0,68473,8029,9,76502,10
v_septembre,nasa,0,1,68473,8029,1,76502,3
selvynk,nasa,7,0,68473,8029,7,76502,14
therealdjflux,nasa,136,1,68473,8029,137,76502,436
therealdjflux,astropeggy,136,1,875,2,137,877,163
ouachitaways,nasa,5,2,68473,8029,7,76502,4
ouachitaways,space_station,5,2,11599,539,7,12138,3
iss_casis,space_station,110,0,11599,539,110,12138,1104
iss_casis,iss_research,110,0,5280,55,110,5335,1162
lomhow1234,nasa,2,2,68473,8029,4,76502,3
lomhow1234,nasa_astronauts,2,2,4004,58,4,4062,1
brooklynweaver,nasa,3,0,68473,8029,3,76502,18
reinepsy,nasa,1,0,68473,8029,1,76502,1
27chips,nasa,14,0,68473,8029,14,76502,27
posco69,space_station,10,0,11599,539,10,12138,11
posco69,nasa,10,0,68473,8029,10,76502,17
dreducacion,nasa,5,0,68473,8029,5,76502,3
jenoconnell,nasa,7,0,68473,8029,7,76502,34
astromicerule,spacex,56,0,13054,288,56,13342,191
donalddjl,nasa,2,0,68473,8029,2,76502,0
squasherg,nasa,2,0,68473,8029,2,76502,0
tentivetodetail,nasa,6,0,68473,8029,6,76502,14
mattpegram,nasa,0,1,68473,8029,1,76502,2
callyra,nasa,31,2,68473,8029,33,76502,38
edisonawards,nasa,6,0,68473,8029,6,76502,58
jorgeglz00,ellenstofan,82,5,475,4,87,479,11
coloradonewsccm,nasa,1,0,68473,8029,1,76502,1
mighty_humanzee,nasa,4,1,68473,8029,5,76502,8
nasakepler,nasa,32,0,68473,8029,32,76502,2616
dara2c,nasa,11,0,68473,8029,11,76502,16
jeffdsalisbury,exploreplanets,7,0,2535,10,7,2545,10
jeffdsalisbury,spacedotcom,7,0,5782,113,7,5895,8
holygoat_420,nasa,18,2,68473,8029,20,76502,6
r_sharrock,nasa,5,0,68473,8029,5,76502,57
skankbones,nasa,7,0,68473,8029,7,76502,20
studiokca,nasajpl,6,0,6319,56,6,6375,7
lsullivan,astropeggy,39,1,875,2,40,877,35
lsullivan,nasasocial,39,1,2789,8,40,2797,91
lsullivan,nasa,39,1,68473,8029,40,76502,115
sp_johnsullivan,nasa,35,3,68473,8029,38,76502,72
raverfrom95,nasa,41,0,68473,8029,41,76502,54
saber_smith,nasa,6,0,68473,8029,6,76502,14
saber_smith,space_station,6,0,11599,539,6,12138,4
jorgego98249461,space_station,151,8,11599,539,159,12138,15
epbock,nasa,4,0,68473,8029,4,76502,10
koz_99,nasa,45,1,68473,8029,46,76502,109
surfsidesams,nasa,11,0,68473,8029,11,76502,22
surfsidesams,space_station,11,0,11599,539,11,12138,14
orbitalatk,nasa,53,0,68473,8029,53,76502,1632
jstephengagnon,nasa,24,0,68473,8029,24,76502,37
restlessone14,nasa,13,0,68473,8029,13,76502,8
aims600doc,nasa,21,0,68473,8029,21,76502,29
aims600doc,nasa_orion,21,0,3491,43,21,3534,11
nasa360,space_station,81,1,11599,539,82,12138,715
cheriedlyon1,nasa,3,2,68473,8029,5,76502,4
needimages,nasa,5,0,68473,8029,5,76502,87
whybankcollapse,nasasocial,26,0,2789,8,26,2797,19
whybankcollapse,space_station,26,0,11599,539,26,12138,23
lwaltzing,nasa,1,0,68473,8029,1,76502,0
duckhunter9090,nasa,23,0,68473,8029,23,76502,23
duckhunter9090,space_station,23,0,11599,539,23,12138,18
h_t_adams,therealbuzz,6,0,3484,28,6,3512,5
h_t_adams,nasa_johnson,6,0,5603,37,6,5640,4
h_t_adams,astro_kate7,6,0,1083,17,6,1100,4
lilcuriouscatt,nasa,3,0,68473,8029,3,76502,5
sanchiaalasia,nasa,1,0,68473,8029,1,76502,8
tlaustin,space_station,10,0,11599,539,10,12138,22
tlaustin,nasa,10,0,68473,8029,10,76502,26
tlaustin,nasahqphoto,10,0,2736,16,10,2752,24
smartvedha,nasa,2,1,68473,8029,3,76502,0
slyfoxninja,nasa,13,0,68473,8029,13,76502,14
heywerner59,astro_mike,3,0,2253,21,3,2274,3
allisonkkelly,nasa,91,1,68473,8029,92,76502,230
uglyfossils,nasa,1,0,68473,8029,1,76502,5
rajkvx,nasa,6,2,68473,8029,8,76502,1
eclark1946,nasa,10,1,68473,8029,11,76502,10
jorgeglz00,nasa_astronauts,82,5,4004,58,87,4062,12
jennikeleher1,nasa_astronauts,7,0,4004,58,7,4062,2
jennikeleher1,nasa,7,0,68473,8029,7,76502,4
isaacvollmer,nasa,29,0,68473,8029,29,76502,29
nmarascio,nasa,63,0,68473,8029,63,76502,114
cindyrourke23,nasa,1,0,68473,8029,1,76502,1
oo2112,nasa,7,0,68473,8029,7,76502,3
oo2112,space_station,7,0,11599,539,7,12138,3
bryanbriggs6,nasahqphoto,4,0,2736,16,4,2752,2
bryanbriggs6,nasa,4,0,68473,8029,4,76502,3
gracieruiz,nasa,1,0,68473,8029,1,76502,0
jgoku18,nasa,4,0,68473,8029,4,76502,2
easysun_power,nasa,31,0,68473,8029,31,76502,94
mrsgyde,nasa,1,0,68473,8029,1,76502,3
spaceflightins,nasa,210,0,68473,8029,210,76502,887
miss_space_geek,nasa,32,1,68473,8029,33,76502,72
uppitynycupcake,nasa,4,0,68473,8029,4,76502,6
addisonryan,nasa,10,2,68473,8029,12,76502,15
addisonryan,space_station,10,2,11599,539,12,12138,12
scaley_jencen,nasa,3,0,68473,8029,3,76502,4
t_dubs82,nasa,1,0,68473,8029,1,76502,4
ruthspiro,nasa,7,0,68473,8029,7,76502,27
to_the_breach,nasa,2,1,68473,8029,3,76502,5
redidbull,nasa,9,0,68473,8029,9,76502,12
redidbull,space_station,9,0,11599,539,9,12138,7
skiestercfi,nasa,2,0,68473,8029,2,76502,11
kneazleknickers,nasa,5,0,68473,8029,5,76502,11
kneazleknickers,space_station,5,0,11599,539,5,12138,7
livn2lo19,nasa,11,0,68473,8029,11,76502,20
livn2lo19,space_station,11,0,11599,539,11,12138,16
psutympany,nasa,94,1,68473,8029,95,76502,158
comfort_y,space_station,11,0,11599,539,11,12138,2
jess_walker,nasa,2,0,68473,8029,2,76502,1
kuppachiravi,nasa,12,0,68473,8029,12,76502,13
kuppachiravi,space_station,12,0,11599,539,12,12138,7
mamtajain4215,nasa,3,0,68473,8029,3,76502,1
mamtajain4215,space_station,3,0,11599,539,3,12138,1
patf758,nasajpl,18,0,6319,56,18,6375,19
patf758,ellenstofan,18,0,475,4,18,479,13
patf758,nasa,18,0,68473,8029,18,76502,19
patf758,marscuriosity,18,0,8368,44,18,8412,20
jaisinghessar,neiltyson,3,0,11330,239,3,11569,1
x_gillian_x,astro_timpeake,2,0,5424,28,2,5452,0
applixir,neiltyson,1,0,11330,239,1,11569,1
denkbots,cosmosontv,10,0,869,1,10,870,4
anjalikolachala,neiltyson,2,0,11330,239,2,11569,0
skywatchapps,marscuriosity,75,1,8368,44,76,8412,168
king_rkin279,neiltyson,23,0,11330,239,23,11569,24
oubey,universetoday,53,1,2413,15,54,2428,39
tsgz7zv3ydwqted,esa,21,0,9106,113,21,9219,14
tsgz7zv3ydwqted,hubble_space,21,0,2263,2,21,2265,5
djfrankieee,universetoday,45,1,2413,15,46,2428,38
matthewnorris82,neiltyson,4,0,11330,239,4,11569,2
belinsan61,astro_timpeake,4,0,5424,28,4,5452,2
meiklewilliam,astrokatie,12,0,3548,34,12,3582,10
dunlapcj,neiltyson,6,1,11330,239,7,11569,7
huile_de_olive,neiltyson,4,0,11330,239,4,11569,2
maskinjunior,neiltyson,2,0,11330,239,2,11569,0
cinberas,esa_rosetta,3,0,6782,249,3,7031,1
jrmsaunders,esa_rosetta,24,0,6782,249,24,7031,36
rachreneebell,neiltyson,4,0,11330,239,4,11569,5
discoverdonovan,neiltyson,0,1,11330,239,1,11569,1
raminsubzero,neiltyson,1,0,11330,239,1,11569,4
lotusg13,marscuriosity,7,0,8368,44,7,8412,6
thegatecast,neiltyson,1,0,11330,239,1,11569,8
krystalondesign,neiltyson,5,0,11330,239,5,11569,8
krystalondesign,startalkradio,5,0,1562,8,5,1570,4
michelelauriat,neiltyson,6,0,11330,239,6,11569,8
adrianf1erros,neiltyson,9,0,11330,239,9,11569,7
agiantjenna,neiltyson,2,0,11330,239,2,11569,0
disruptive55,spacedotcom,6,0,5782,113,6,5895,15
immortalmirco,neiltyson,2,0,11330,239,2,11569,2
rtdasilva3,neiltyson,2,1,11330,239,3,11569,0
rgesthuizen,astroduff,41,1,611,2,42,613,59
dayne_cov,startalkradio,15,0,1562,8,15,1570,12
leerum6,neiltyson,4,0,11330,239,4,11569,4
mr_james_c,astrokatie,4,0,3548,34,4,3582,4
mr_james_c,cassinisaturn,4,0,5365,77,4,5442,5
miss_lewis5,neiltyson,3,0,11330,239,3,11569,4
ajpearson23,astrokatie,20,0,3548,34,20,3582,19
ajpearson23,elakdawalla,20,0,4232,19,20,4251,20
tinapanossian,astrokatie,37,0,3548,34,37,3582,39
nancyfordephoto,astrokatie,21,0,3548,34,21,3582,33
beardedsavagenh,neiltyson,2,0,11330,239,2,11569,0
beegejohnson,esa,7,0,9106,113,7,9219,9
eringreeson,exploreplanets,80,0,2535,10,80,2545,225
astrophiz,lisaharveysmith,25,0,306,0,25,306,38
bhgross144,stationcdrkelly,27,0,6655,23,27,6678,59
randy00312,lkrauss1,3,0,1327,2,3,1329,1
astronobeads,stationcdrkelly,26,0,6655,23,26,6678,34
smithsk,universetoday,47,0,2413,15,47,2428,59
frankowluke,neiltyson,2,0,11330,239,2,11569,0
theiet,astro_timpeake,9,0,5424,28,9,5452,115
slaydott,neiltyson,5,0,11330,239,5,11569,4
fcojlg,neiltyson,3,0,11330,239,3,11569,1
ldaycalico,neiltyson,14,0,11330,239,14,11569,15
giftofwealth,elakdawalla,4,0,4232,19,4,4251,5
jamesgis,astro_davids,4,0,922,1,4,923,12
907natalie,neiltyson,10,0,11330,239,10,11569,14
melissa_shelley,astro_timpeake,2,0,5424,28,2,5452,6
andrej_gross,astrosamantha,3,0,3290,7,3,3297,3
sannsibble,stationcdrkelly,105,0,6655,23,105,6678,143
jcbreckjac,foreman_mike,2,0,773,0,2,773,0
kamla_sharbear,cmdr_hadfield,2,0,4803,46,2,4849,2
calminc,csa_asc,5,0,2359,11,5,2370,7
irondog55,cmdr_hadfield,3,0,4803,46,3,4849,1
irondog55,astro_timpeake,3,0,5424,28,3,5452,1
jaggeroriginal,neiltyson,3,0,11330,239,3,11569,2
margeaux_fr,stationcdrkelly,2,0,6655,23,2,6678,0
xadellebellex,stationcdrkelly,19,0,6655,23,19,6678,18
_herbbaker,astro_luca,69,0,2131,1,69,2132,172
robinwhitsell,nasa_astronauts,3,0,4004,58,3,4062,2
just1fix2004,spacex,4,0,13054,288,4,13342,2
stwilfridsmaths,astro_timpeake,3,0,5424,28,3,5452,3
stwilfridsmaths,spacegovuk,3,0,1465,2,3,1467,3
uolnewscentre,astro_timpeake,12,0,5424,28,12,5452,28
uniofleicester,astro_timpeake,19,0,5424,28,19,5452,53
plasmarmuse,astro_sandy,82,1,851,1,83,852,77
rjmlaird,astro_timpeake,127,0,5424,28,127,5452,392
chrisfflyer,stationcdrkelly,45,0,6655,23,45,6678,82
clcwju,space_station,43,0,11599,539,43,12138,48
sannsibble,astro_mike,105,0,2253,21,105,2274,137
antarikshghosh1,astro_127,9,0,449,0,9,449,7
consultseuss,astro_andre,3,0,653,2,3,655,0
thechaosclangfa,astroterry,37,0,2181,3,37,2184,32
sannsibble,astro_andre,105,0,653,2,105,655,103
shasani61,astro_davids,42,0,922,1,42,923,60
shasani61,esa,42,0,9106,113,42,9219,93
shasani61,astro_alex,42,0,2397,1,42,2398,79
theobproject,astro_timpeake,31,0,5424,28,31,5452,31
smoroi,nmpanek,14,0,253,0,14,253,16
fionaaldridge,astro_timpeake,2,0,5424,28,2,5452,2
fallenstar_ana,stationcdrkelly,26,1,6655,23,27,6678,25
bigdaddypete,astro_timpeake,39,0,5424,28,39,5452,49
ukspaceacademy,astro_timpeake,30,0,5424,28,30,5452,100
lancecaraccioli,astro_timpeake,7,0,5424,28,7,5452,5
carbon_flight,astro_reid,60,2,2958,8,62,2966,282
capitalemnews,astro_timpeake,5,0,5424,28,5,5452,5
jean_labbe,space_station,59,0,11599,539,59,12138,76
kulganofcrydee,astro_timpeake,4,0,5424,28,4,5452,14
davidsornberger,cmdr_hadfield,5,1,4803,46,6,4849,10
rocketmanjrs,space_station,160,33,11599,539,193,12138,136
robamorg,stationcdrkelly,1,0,6655,23,1,6678,1
astroperseo,universetoday,39,0,2413,15,39,2428,64
jgrplanets,nasajuno,23,0,4715,21,23,4736,111
hmns,universetoday,28,0,2413,15,28,2428,40
kevindavis338,spacex,29,0,13054,288,29,13342,71
4girlcrew,universetoday,4,0,2413,15,4,2428,2
4girlcrew,spacex,4,0,13054,288,4,13342,3
allstuffspace,spacex,37,0,13054,288,37,13342,68
richwajda,exploreplanets,3,0,2535,10,3,2545,2
taustation,spacex,5,0,13054,288,5,13342,5
fizzbulous,esa_rosetta,4,2,6782,249,6,7031,2
fizzbulous,philae2014,4,2,3698,20,6,3718,2
mmmukalla,cassinisaturn,3,0,5365,77,3,5442,3
creepertrent115,drfunkyspoon,5,0,858,9,5,867,3
scottpiano1,exploreplanets,19,0,2535,10,19,2545,14
callyra,therealbuzz,31,2,3484,28,33,3512,29
windsormorning,spacex,2,0,13054,288,2,13342,8
craignorriscbc,spacex,1,0,13054,288,1,13342,7
morningnorth,spacex,3,0,13054,288,3,13342,7
im_ebg,spacex,3,0,13054,288,3,13342,2
cosmos4u,cassinisaturn,151,2,5365,77,153,5442,444
mrmonster911,spacex,37,0,13054,288,37,13342,119
rory_mg,spacex,16,1,13054,288,17,13342,41
emspeck,spacex,38,1,13054,288,39,13342,111
joseph_eilert,spacex,4,0,13054,288,4,13342,6
classic_thuli,spacex,6,0,13054,288,6,13342,6
vaidabhishek,spacex,8,0,13054,288,8,13342,10
orbital_decay,spacex,17,2,13054,288,19,13342,43
zachadams74,spacex,2,0,13054,288,2,13342,1
tallandtrue,spacex,19,0,13054,288,19,13342,29
anime_fan77,spacex,3,0,13054,288,3,13342,2
flndr6,startalkradio,74,13,1562,8,87,1570,25
rotosequence,spacex,4,1,13054,288,5,13342,6
doughensel,spacex,12,1,13054,288,13,13342,5
tsgz7zv3ydwqted,newhorizons2015,21,0,2965,2,21,2967,13
transcendtales,therealbuzz,8,0,3484,28,8,3512,5
masanorimusic,esa_rosetta,16,2,6782,249,18,7031,22
spacedlaw,esa_rosetta,15,0,6782,249,15,7031,15
tskynet,esa,8,0,9106,113,8,9219,9
tskynet,esa_rosetta,8,0,6782,249,8,7031,7
cosmos4u,elakdawalla,151,2,4232,19,153,4251,478
cosmos4u,chrislintott,151,2,1333,1,153,1334,286
cosmos4u,esa,151,2,9106,113,153,9219,519
algi80,elakdawalla,7,0,4232,19,7,4251,5
algi80,astrokatie,7,0,3548,34,7,3582,5
philae_ptolemy,esa_rosetta,8,0,6782,249,8,7031,180
vincenzoloscalz,esa,11,0,9106,113,11,9219,9
mnmlbit,esa_rosetta,10,0,6782,249,10,7031,9
mnmlbit,esa,10,0,9106,113,10,9219,12
askewmind,esa_rosetta,2,1,6782,249,3,7031,4
bp_hutch,esa_rosetta,134,0,6782,249,134,7031,254
bp_hutch,esaoperations,134,0,2903,15,134,2918,276
splinister,esa_rosetta,2,1,6782,249,3,7031,12
i_we_gaia,esa_rosetta,83,1,6782,249,84,7031,127
loubrutus,esa_rosetta,4,0,6782,249,4,7031,3
mattkronner,astrokatie,3,0,3548,34,3,3582,0
thev1nce,esa_rosetta,1,0,6782,249,1,7031,0
dwenius,esa_rosetta,3,0,6782,249,3,7031,2
thatawesometerr,spacex,0,1,13054,288,1,13342,3
grilled_onion,esa_rosetta,2,0,6782,249,2,7031,1
grilled_onion,esa,2,0,9106,113,2,9219,1
ocultado,esa_rosetta,2,0,6782,249,2,7031,2
bernhard_weyhe,esa_rosetta,15,1,6782,249,16,7031,48
jeanneb1962,esascience,30,3,2233,6,33,2239,28
jeanneb1962,esa_rosetta,30,3,6782,249,33,7031,36
fragraptor,esa_rosetta,0,1,6782,249,1,7031,0
dunn_pa,astrokatie,6,0,3548,34,6,3582,5
ryanmerkley,esa,15,1,9106,113,16,9219,29
robcwolfe,spacex,1,0,13054,288,1,13342,1
paxxman,esa_rosetta,30,0,6782,249,30,7031,40
timmermansr,esa_rosetta,248,0,6782,249,248,7031,804
jeev12194,neiltyson,1,0,11330,239,1,11569,0
lord_bung,neiltyson,4,0,11330,239,4,11569,10
sinkoj,esa,3,0,9106,113,3,9219,1
ronbaalke,exploreplanets,119,0,2535,10,119,2545,445
giannipetitti,neiltyson,6,0,11330,239,6,11569,4
kssecrets,neiltyson,3,0,11330,239,3,11569,4
vyomnaut,neiltyson,22,1,11330,239,23,11569,18
only1marcia,neiltyson,8,0,11330,239,8,11569,16
jon__hoff,neiltyson,2,0,11330,239,2,11569,0
sergey_reznik,neiltyson,10,0,11330,239,10,11569,8
jjuday,neiltyson,82,0,11330,239,82,11569,143
writertracy,cassinisaturn,2,0,5365,77,2,5442,0
mhs_science,cassinisaturn,34,1,5365,77,35,5442,20
jovanbkt,spacex,5,0,13054,288,5,13342,5
ploberman,spacex,3,0,13054,288,3,13342,3
ieeeorg,spacex,19,0,13054,288,19,13342,284
uoyastrosoc,neiltyson,41,0,11330,239,41,11569,42
uoyastrosoc,exploreplanets,41,0,2535,10,41,2545,44
uoyastrosoc,therealbuzz,41,0,3484,28,41,3512,48
uoyastrosoc,esa,41,0,9106,113,41,9219,49
wingdcanada,setiinstitute,4,2,2744,17,6,2761,5
wingdcanada,nasajpl,4,2,6319,56,6,6375,9
scienceatwingd,setiinstitute,22,2,2744,17,24,2761,37
scienceatwingd,nasajpl,22,2,6319,56,24,6375,40
guerillascience,esa_rosetta,10,0,6782,249,10,7031,52
hal9000and1,spacex,45,0,13054,288,45,13342,71
princecyboi,spacedotcom,16,3,5782,113,19,5895,17
stuartaken,universetoday,44,0,2413,15,44,2428,29
paul_hayslip,spacex,3,1,13054,288,4,13342,2
f_rodriguezjr,spacex,17,0,13054,288,17,13342,41
asimpleresponse,esa_exomars,35,0,1417,6,35,1423,44
onreact_com,universetoday,6,0,2413,15,6,2428,5
bernhard_weyhe,esa_exomars,15,1,1417,6,16,1423,40
cosmocrops,esascience,30,0,2233,6,30,2239,40
trassens,astrobiology,38,0,451,1,38,452,13
acecentric,spacedotcom,29,0,5782,113,29,5895,68
astrobiologytop,spacedotcom,50,0,5782,113,50,5895,117
ecroydon,drfunkyspoon,2,0,858,9,2,867,0
esfs_canada,nasa,4,0,68473,8029,4,76502,13
chrisdmarshall,astrobiology,181,1,451,1,182,452,95
biophyskrys,nasa,2,0,68473,8029,2,76502,12
mew19forever,astrobiology,2,0,451,1,2,452,1
gograzi,cmdr_hadfield,2,0,4803,46,2,4849,0
meister_art,neiltyson,3,0,11330,239,3,11569,1
expresstechie,nasa,10,1,68473,8029,11,76502,19
chic4change,nasa,60,0,68473,8029,60,76502,101
flos_ad_mare,nasa,2,0,68473,8029,2,76502,1
interplanetypod,nasa,189,1,68473,8029,190,76502,506
cselas,nasa,14,0,68473,8029,14,76502,20
cselas,cassinisaturn,14,0,5365,77,14,5442,15
pollick_chris,nasa,11,0,68473,8029,11,76502,11
hellobezlo,nasa,3,0,68473,8029,3,76502,23
harrisonfinnian,nasa,11,0,68473,8029,11,76502,25
dstephen132,nasa,3,0,68473,8029,3,76502,1
kartikparija,nasa,18,0,68473,8029,18,76502,41
nasahistory,nasa,75,0,68473,8029,75,76502,2070
pemcoworldair,nasa,4,0,68473,8029,4,76502,19
fertaddei,nasa,13,0,68473,8029,13,76502,11
peoplewcooljobs,nasa,2,0,68473,8029,2,76502,0
piotr_wiorek,nasa,24,0,68473,8029,24,76502,39
cary_northrop,nasa,7,0,68473,8029,7,76502,5
cary_northrop,esa_rosetta,7,0,6782,249,7,7031,3
lamboholic1,esa_rosetta,60,3,6782,249,63,7031,16
kirstinmcewan,esa_rosetta,12,1,6782,249,13,7031,17
handsanfeet,nasa,30,0,68473,8029,30,76502,52
handsanfeet,esa_rosetta,30,0,6782,249,30,7031,31
umakantgohatre,space_station,7,0,11599,539,7,12138,9
asnell620,nasa,3,0,68473,8029,3,76502,1
aviationheritag,nasa,9,0,68473,8029,9,76502,29
stevespaleta,nasa,57,3,68473,8029,60,76502,135
stevespaleta,esa_rosetta,57,3,6782,249,60,7031,85
stevespaleta,spacedotcom,57,3,5782,113,60,5895,121
davidlxho,spacex,8,0,13054,288,8,13342,27
exor_dg,nasa,1,0,68473,8029,1,76502,0
tcmindy,nasa,27,2,68473,8029,29,76502,88
deepakrajgor,nasa,9,0,68473,8029,9,76502,19
ijaz7425,nasa,2,0,68473,8029,2,76502,0
kuldeep89815740,nasa,3,0,68473,8029,3,76502,0
catphrodite,nasa,9,0,68473,8029,9,76502,13
fadumzz,nasa,7,0,68473,8029,7,76502,16
davidbsweather,nasa,10,0,68473,8029,10,76502,20
gobusurv,nasa,1,0,68473,8029,1,76502,0
ayeiibor,nasa,12,0,68473,8029,12,76502,18
rubennews,nasa,9,0,68473,8029,9,76502,32
bunting29,nasa,2,0,68473,8029,2,76502,0
spacemonkeyluvn,nasa,8,0,68473,8029,8,76502,9
renecc,nasa,6,0,68473,8029,6,76502,12
pamfloresmusic,nasa,12,0,68473,8029,12,76502,9
parkerhuse,nasa,10,0,68473,8029,10,76502,11
wms00bowvgy3efx,nasa,10,0,68473,8029,10,76502,20
kenleypdx,nasa,4,0,68473,8029,4,76502,3
akhil_am_,nasa,9,0,68473,8029,9,76502,9
space_wombat,nasa,9,0,68473,8029,9,76502,8
zaynsmjolnir,nasa,5,0,68473,8029,5,76502,4
ddmarketingtalk,kirkdborne,3,0,504,0,3,504,2
ddmarketingtalk,nasa,3,0,68473,8029,3,76502,4
mallory_mack,nasa,4,0,68473,8029,4,76502,5
pamelacayne,nasa,2,0,68473,8029,2,76502,4
voidsebastian,nasa,2,0,68473,8029,2,76502,0
cosmiccuttlefsh,nasa,4,0,68473,8029,4,76502,4
charlesgare40,esa_rosetta,4,0,6782,249,4,7031,3
garrixhuman,nasa,28,2,68473,8029,30,76502,40
victoria_ramen,nasa,7,0,68473,8029,7,76502,6
steveyeasting,nasa,2,0,68473,8029,2,76502,0
omandoriginal,nasajpl,2,0,6319,56,2,6375,0
nerdforaliving,nasa,1,0,68473,8029,1,76502,7
leahazucenas,nasa,5,0,68473,8029,5,76502,6
yoda,nasa,7,0,68473,8029,7,76502,95
gabrielpbruce,nasa,5,0,68473,8029,5,76502,5
mimi_ohare,stationcdrkelly,1,0,6655,23,1,6678,1
josiecreates,cmdr_hadfield,2,0,4803,46,2,4849,3
jennclitler,neiltyson,4,0,11330,239,4,11569,3
janetbooklady,astro_timpeake,1,0,5424,28,1,5452,0
alexteha,neiltyson,10,0,11330,239,10,11569,7
alexteha,startalkradio,10,0,1562,8,10,1570,6
bobsfeedback,nasa,4,0,68473,8029,4,76502,2
richard_bruschi,nasa,8,0,68473,8029,8,76502,10
richard_bruschi,startalkradio,8,0,1562,8,8,1570,6
munglooh,nasa,3,0,68473,8029,3,76502,2
cvdevkatesakal,nasa,1,0,68473,8029,1,76502,0
ogharit,nasa,2,0,68473,8029,2,76502,7
traidmark,nasa,49,0,68473,8029,49,76502,5
natashacormac,nasa,5,0,68473,8029,5,76502,4
apeximagingmike,neiltyson,4,0,11330,239,4,11569,4
taylormmeredith,neiltyson,3,0,11330,239,3,11569,0
docnotdoctor,neiltyson,3,0,11330,239,3,11569,1
markpaintt,neiltyson,3,0,11330,239,3,11569,0
astroguyz,esa_rosetta,114,1,6782,249,115,7031,426
miss_bored_alot,neiltyson,2,0,11330,239,2,11569,1
saxopolis,elakdawalla,21,0,4232,19,21,4251,20
magicsanchez4,neiltyson,3,0,11330,239,3,11569,1
egeline1958,spacedotcom,3,0,5782,113,3,5895,1
ianakki07,neiltyson,6,0,11330,239,6,11569,5
rockandjoel,neiltyson,1,0,11330,239,1,11569,0
manthonybrowne,cmdr_hadfield,1,0,4803,46,1,4849,4
jonoabroad,nasa,14,0,68473,8029,14,76502,31
kennymcpirate,cmdr_hadfield,8,0,4803,46,8,4849,5
kennymcpirate,nasa,8,0,68473,8029,8,76502,7
marietherrien45,cmdr_hadfield,3,0,4803,46,3,4849,1
issaboveyou,nasa_johnson,2386,2,5603,37,2388,5640,118
issaboveyou,iss_research,2386,2,5280,55,2388,5335,118
bwgibbo333,cmdr_hadfield,2,0,4803,46,2,4849,0
gimamedjian,cmdr_hadfield,3,0,4803,46,3,4849,3
crkarla,esa,42,0,9106,113,42,9219,124
crkarla,space_station,42,0,11599,539,42,12138,97
algotechnews,spacex,22,3,13054,288,25,13342,4
carlaxys5,stationcdrkelly,38,0,6655,23,38,6678,44
jamesmoore_org,cmdr_hadfield,1,0,4803,46,1,4849,33
kkidsny,nasa,6,0,68473,8029,6,76502,8
spooninspace,stationcdrkelly,67,0,6655,23,67,6678,83
spooninspace,shuttlecdrkelly,67,0,1709,10,67,1719,69
engphoto,nasa,37,0,68473,8029,37,76502,61
engphoto,stationcdrkelly,37,0,6655,23,37,6678,42
engphoto,nasasocial,37,0,2789,8,37,2797,46
engphoto,iss_research,37,0,5280,55,37,5335,42
mrm0726,stationcdrkelly,31,1,6655,23,32,6678,43
ks_edmktg,nasa,2,0,68473,8029,2,76502,10
hammersuit,neiltyson,3,0,11330,239,3,11569,1
sarahcamille95,neiltyson,3,0,11330,239,3,11569,1
hackerspacela,stationcdrkelly,23,0,6655,23,23,6678,37
lotg60,stationcdrkelly,1,0,6655,23,1,6678,8
dslsynth,elakdawalla,34,2,4232,19,36,4251,32
bosrealteolaiga,esa,11,0,9106,113,11,9219,8
ujs6591,esa_rosetta,8,0,6782,249,8,7031,8
thebutcher_st,esa_rosetta,1,0,6782,249,1,7031,0
tomtom28115,spacedotcom,63,0,5782,113,63,5895,120
funkygreencomet,esa,13,0,9106,113,13,9219,22
funkygreencomet,esa_rosetta,13,0,6782,249,13,7031,18
morningexp,esa_rosetta,1,0,6782,249,1,7031,12
youkenn_doit,nasa,14,0,68473,8029,14,76502,25
longquint,nasa,22,0,68473,8029,22,76502,22
longquint,esa,22,0,9106,113,22,9219,23
science_hooker,esa_caves,51,1,421,0,52,421,31
science_hooker,esa,51,1,9106,113,52,9219,135
science_hooker,esaoperations,51,1,2903,15,52,2918,109
amylia80,neiltyson,8,0,11330,239,8,11569,7
heinrichalberts,neiltyson,3,0,11330,239,3,11569,1
alexbiebricher,eso,49,4,1950,2,53,1952,56
spac307cowboy,spacex,27,1,13054,288,28,13342,28
aschwortz,summer_ash,18,0,1200,3,18,1203,28
anissagoesrawr,neiltyson,2,0,11330,239,2,11569,0
thesoulfulemu,spacex,6,1,13054,288,7,13342,62
lilygwenya,neiltyson,4,0,11330,239,4,11569,3
ffff2003cn20051,neiltyson,10,0,11330,239,10,11569,10
korsasap,esa_rosetta,46,0,6782,249,46,7031,51
ripudaman_usha,esa_rosetta,8,0,6782,249,8,7031,8
adrianw_w,spacex,2,0,13054,288,2,13342,2
alastairkingon,neiltyson,2,0,11330,239,2,11569,0
brooklyncybele,neiltyson,8,0,11330,239,8,11569,9
lenalazyeye,neiltyson,2,0,11330,239,2,11569,0
aicsinspace,esa_rosetta,43,1,6782,249,44,7031,82
allensaakyan,neiltyson,29,0,11330,239,29,11569,31
allensaakyan,startalkradio,29,0,1562,8,29,1570,30
elizejackson,neiltyson,2,0,11330,239,2,11569,3
traumajunkie17,exploreplanets,26,0,2535,10,26,2545,31
fwd79,esa_rosetta,40,6,6782,249,46,7031,31
fwd79,philae2014,40,6,3698,20,46,3718,28
fwd79,esa,40,6,9106,113,46,9219,40
efayeme,neiltyson,2,1,11330,239,3,11569,1
krrrod24,neiltyson,3,0,11330,239,3,11569,1
teachkidsnews,csa_asc,10,0,2359,11,10,2370,11
_andrewgregg,neiltyson,3,0,11330,239,3,11569,1
ericbaize,esa_rosetta,2,0,6782,249,2,7031,2
pyrotasticuk,esa_rosetta,1,0,6782,249,1,7031,0
libertyscictr,esa_rosetta,45,0,6782,249,45,7031,76
sabareeshpa,astro_timpeake,16,0,5424,28,16,5452,12
sabareeshpa,esa_rosetta,16,0,6782,249,16,7031,14
casualelephant,neiltyson,12,0,11330,239,12,11569,10
whatdamath,spacex,35,0,13054,288,35,13342,26
alicia_j_burke,neiltyson,13,1,11330,239,14,11569,14
___missfisher,neiltyson,9,0,11330,239,9,11569,6
richworkzone,neiltyson,3,0,11330,239,3,11569,3
hermann250,badastronomer,7,0,4249,26,7,4275,10
madik,neiltyson,71,0,11330,239,71,11569,98
mal7798,neiltyson,1,0,11330,239,1,11569,3
marsroverdriver,spacex,60,1,13054,288,61,13342,416
profmike_m,scibry,17,0,580,1,17,581,65
nebogipfelwho,coreyspowell,9,1,842,3,10,845,9
msangelapacheco,therealbuzz,19,0,3484,28,19,3512,22
laurabaxter3,nasa,1,0,68473,8029,1,76502,2
kierandean,nasa,2,0,68473,8029,2,76502,10
meg_eastwood,nasa,19,1,68473,8029,20,76502,42
chaosaholic,nasa,1,0,68473,8029,1,76502,2
californiiya,nasa,0,1,68473,8029,1,76502,0
c_holce,nasa,0,1,68473,8029,1,76502,0
dionadrienne24,nasa,0,1,68473,8029,1,76502,0
realindytaiis24,nasa,6,5,68473,8029,11,76502,16
realindytaiis24,space_station,6,5,11599,539,11,12138,6
mechtwintailed,nasa,4,14,68473,8029,18,76502,12
jethrotoll,nasa,2,5,68473,8029,7,76502,35
danieljoneslee1,nasa,6,1,68473,8029,7,76502,3
captamerica1787,spacedotcom,8,3,5782,113,11,5895,16
captamerica1787,nasa,8,3,68473,8029,11,76502,21
paul_kidk9299,cassinisaturn,7,3,5365,77,10,5442,6
yohangerm,nasa,5,5,68473,8029,10,76502,7
yohangerm,iss_research,5,5,5280,55,10,5335,4
yohangerm,space_station,5,5,11599,539,10,12138,5
ashpeeweezy,nasa,0,1,68473,8029,1,76502,2
_paigemaddy,nasa,0,1,68473,8029,1,76502,2
cyberen,nasa,9,1,68473,8029,10,76502,8
lifebypierre,nasa,0,1,68473,8029,1,76502,0
stellarplanet,nasagoddard,79,0,3329,22,79,3351,152
spaceagenda,astrobiologynai,28,0,604,1,28,605,142
brainmaker,astrobiology,24,0,451,1,24,452,7
gpknopp,astrobiology,20,0,451,1,20,452,8
iteratedmnifold,astrokatie,54,0,3548,34,54,3582,78
iteratedmnifold,astrolisa,54,0,218,1,54,219,35
marsanalogues,esa_exomars,26,0,1417,6,26,1423,25
livingarchitect,astrobiology,102,0,451,1,102,452,57
jpmajor,astrobiology,228,0,451,1,228,452,190
nccomfort,drfunkyspoon,13,0,858,9,13,867,28
greenstemsuoy,spacegovuk,1,0,1465,2,1,1467,1
astronomymike,catherineq,40,0,1198,6,40,1204,81
erthscicarleton,nasa,4,0,68473,8029,4,76502,8
humanoidhistory,nasa,101,4,68473,8029,105,76502,309
ststherapies,nasa,0,1,68473,8029,1,76502,4
poison_iveen,nasa,29,2,68473,8029,31,76502,32
djcalla7,nasa,1,0,68473,8029,1,76502,0
faithelarue,nasa,1,1,68473,8029,2,76502,1
daryariz,nasa,0,1,68473,8029,1,76502,0
thefuckfather,nasa,1,0,68473,8029,1,76502,0
kelseyevans1411,nasa,1,1,68473,8029,2,76502,3
kaethe_butcher,nasa,0,1,68473,8029,1,76502,0
grimmly_icarus,nasa,1,0,68473,8029,1,76502,0
realesttruthsof,nasa,1,1,68473,8029,2,76502,1
yel_sales,nasa,1,0,68473,8029,1,76502,0
jaquelineza14,nasa,0,1,68473,8029,1,76502,1
nectvr,nasa,0,1,68473,8029,1,76502,1
traphikpromo,nasa,0,1,68473,8029,1,76502,2
oliviaspyra,nasa,0,1,68473,8029,1,76502,2
tomgranzzz,nasa,0,1,68473,8029,1,76502,0
therealqaisar,nasa,0,1,68473,8029,1,76502,1
matttyy_x,nasa,0,1,68473,8029,1,76502,3
sacc_daddy,nasa,0,1,68473,8029,1,76502,1
shanaduchin,nasa,0,2,68473,8029,2,76502,0
mischaparry,nasa,1,1,68473,8029,2,76502,1
thedarkestsq,nasa,1,2,68473,8029,3,76502,0
larrry_,nasa,0,1,68473,8029,1,76502,0
theillestone_,nasa,0,1,68473,8029,1,76502,0
kerouazy,nasa,0,1,68473,8029,1,76502,0
michinojosa,nasa,0,2,68473,8029,2,76502,0
gq_ds,nasa,0,1,68473,8029,1,76502,0
chalexiss,nasa,0,1,68473,8029,1,76502,0
devlishboy10,nasa,0,1,68473,8029,1,76502,0
mberwebb,nasa,0,1,68473,8029,1,76502,0
suckmy_wayne,nasa,0,2,68473,8029,2,76502,1
psdifabio,nasa,4,1,68473,8029,5,76502,7
bmas925yeah12,nasa,0,1,68473,8029,1,76502,0
f000lsg0ld,nasa,0,1,68473,8029,1,76502,2
shelbz_1997,nasa,0,1,68473,8029,1,76502,3
megsbella,nasa,1,1,68473,8029,2,76502,0
sadiyayoung,nasa,0,1,68473,8029,1,76502,4
rosieshamoon,nasa,0,1,68473,8029,1,76502,0
g333jordan,nasa,7,3,68473,8029,10,76502,19
mikey_shai,nasa,0,1,68473,8029,1,76502,0
oceonwalker,nasa,0,1,68473,8029,1,76502,0
vivianacalianno,nasa,0,1,68473,8029,1,76502,1
pyq87,nasa,0,1,68473,8029,1,76502,1
spkrshutup,nasa,0,1,68473,8029,1,76502,1
thatoneoffig,nasa,0,1,68473,8029,1,76502,0
camillezy,nasa,1,1,68473,8029,2,76502,0
nikki_muffin,nasa,0,1,68473,8029,1,76502,1
joseuzi_32,nasa,0,1,68473,8029,1,76502,0
kdaileydose,nasa,0,1,68473,8029,1,76502,1
youngkainno,nasa,0,1,68473,8029,1,76502,1
410383n719505w,nasa,1,1,68473,8029,2,76502,4
kokoalak0900,nasa,0,1,68473,8029,1,76502,0
handynsac,drshepherd2013,0,2,357,1,2,358,2
handynsac,nasa,0,2,68473,8029,2,76502,2
samskit82,nasa,1,1,68473,8029,2,76502,2
fcallian,nasa,0,1,68473,8029,1,76502,0
coolblkguy,nasa,1,1,68473,8029,2,76502,3
glamretweet,nasa,1,1,68473,8029,2,76502,6
haydenmrut,nasa,1,1,68473,8029,2,76502,0
kaidaddy219,nasa,2,2,68473,8029,4,76502,6
stackshabazz,nasa,0,1,68473,8029,1,76502,0
donsean_,nasa,0,1,68473,8029,1,76502,0
semendemon25,nasa,0,1,68473,8029,1,76502,1
c_cakau,nasa,0,1,68473,8029,1,76502,0
emilymaine_,nasa,0,1,68473,8029,1,76502,0
boristhespiderr,nasa,1,1,68473,8029,2,76502,3
mrmarshallman3,nasa,3,1,68473,8029,4,76502,5
ajtweetss,nasa,1,1,68473,8029,2,76502,0
updatenewslive,nasa,27,9,68473,8029,36,76502,4
_elholmes,nasa,0,1,68473,8029,1,76502,0
imperatortruth,space_station,7,0,11599,539,7,12138,9
imperatortruth,astro_reid,7,0,2958,8,7,2966,6
_patrek_,nasa,0,2,68473,8029,2,76502,1
_patrek_,marscuriosity,0,2,8368,44,2,8412,1
greennnelly,nasa,0,1,68473,8029,1,76502,0
briannacostaa,nasa,0,2,68473,8029,2,76502,1
insidertruelife,nasa,2,1,68473,8029,3,76502,0
khvdimbaye,nasa,1,1,68473,8029,2,76502,1
adit_prada,nasa,1,0,68473,8029,1,76502,0
beachy_jack,nasa,0,1,68473,8029,1,76502,31
k9rotts,nasa,0,1,68473,8029,1,76502,18
shoutingvoids,nasa,0,1,68473,8029,1,76502,0
victor17115660,nasa,5,1,68473,8029,6,76502,4
nicolesteenrod,nasa,1,2,68473,8029,3,76502,1
beneluxufo,nasa,9,1,68473,8029,10,76502,10
wozzels,nasa,8,1,68473,8029,9,76502,13
jasoncrg,nasa,0,3,68473,8029,3,76502,5
mur06067673,nasa,1,1,68473,8029,2,76502,0
popelawson2011,nasa,1,1,68473,8029,2,76502,1
megvivacious,nasa,1,0,68473,8029,1,76502,1
vipasha1999,nasa,0,1,68473,8029,1,76502,0
19jpullen68,nasa,1,2,68473,8029,3,76502,3
kamakapahinui,nasa,17,2,68473,8029,19,76502,10
sunsetsari,nasa,3,1,68473,8029,4,76502,0
dclintf,nasa,0,1,68473,8029,1,76502,1
yogabbygabbax,nasa,0,1,68473,8029,1,76502,0
jaimecook13,nasa,0,1,68473,8029,1,76502,0
7_samgrande_7,nasa,0,1,68473,8029,1,76502,5
eliz_gaskins,nasa,1,0,68473,8029,1,76502,0
urbanblisslife,nasa,0,1,68473,8029,1,76502,29
jessevlogs123,nasa,1,1,68473,8029,2,76502,7
jamia_rain,nasa,3,5,68473,8029,8,76502,33
alxxa966,nasa,5,0,68473,8029,5,76502,10
logesteele,nasa,1,0,68473,8029,1,76502,2
thischickgigi,nasa,0,1,68473,8029,1,76502,0
ipressthis,nasa,0,3,68473,8029,3,76502,43
dale_katy,nasa,0,1,68473,8029,1,76502,0
zclaor,nasa,0,1,68473,8029,1,76502,1
callummiley74,nasa,0,1,68473,8029,1,76502,0
zzahraalqahtani,nasa,1,0,68473,8029,1,76502,1
simplyalyss,nasa,1,0,68473,8029,1,76502,3
simplycinfulxxx,nasa,0,1,68473,8029,1,76502,1
kkksavannah,nasa,1,0,68473,8029,1,76502,1
jmswsr,nasa,1,0,68473,8029,1,76502,0
realninolord,nasa,0,1,68473,8029,1,76502,0
suit_kase_,nasa,1,0,68473,8029,1,76502,1
shae_best_,nasa,1,0,68473,8029,1,76502,0
carlaandrade_,nasa,0,1,68473,8029,1,76502,1
savionwright,nasa,0,1,68473,8029,1,76502,22
kiera_5sos,nasa,0,2,68473,8029,2,76502,1
shankhunt69,nasa,5,1,68473,8029,6,76502,4
themadhatter355,nasa,5,3,68473,8029,8,76502,10
midnight__music,nasa,1,1,68473,8029,2,76502,0
obeys_creek,nasa,1,0,68473,8029,1,76502,2
christineeekim,nasa,0,1,68473,8029,1,76502,0
brittfink,nasa,1,0,68473,8029,1,76502,0
rothtravo,nasa,1,0,68473,8029,1,76502,0
lstoff2,nasa,0,1,68473,8029,1,76502,2
rolljleah,nasa,7,5,68473,8029,12,76502,3
alienboy708,nasa,1,1,68473,8029,2,76502,2
peterfelth,nasa,5,7,68473,8029,12,76502,32
dtreco13,nasa,1,1,68473,8029,2,76502,8
amir_hali,nasa,0,1,68473,8029,1,76502,7
jlgnava,nasa,30,11,68473,8029,41,76502,15
jlgnava,esa_rosetta,30,11,6782,249,41,7031,9
auntiejamamab,nasa,4,0,68473,8029,4,76502,6
rcgoodman02,nasa,1,0,68473,8029,1,76502,1
ruperthucks,nasa,6,3,68473,8029,9,76502,20
kompananzi,nasa,3,5,68473,8029,8,76502,31
eyeswide2see,nasa,2,1,68473,8029,3,76502,16
nomorelobbiest,nasa,1,1,68473,8029,2,76502,2
internatlgmr1,nasa,0,1,68473,8029,1,76502,1
lniggeling1,nasa,0,1,68473,8029,1,76502,3
chadoakhill,nasa,7,4,68473,8029,11,76502,48
tjalmere,nasa,1,1,68473,8029,2,76502,9
kevinni75074015,nasa,7,4,68473,8029,11,76502,45
regalinterloper,nasa,5,2,68473,8029,7,76502,48
regalinterloper,space_station,5,2,11599,539,7,12138,14
ilooktwice,nasa,0,1,68473,8029,1,76502,1
_monkey_boy_,nasa,1,1,68473,8029,2,76502,5
killjoy044,nasa,1,1,68473,8029,2,76502,0
ireland_rhain,nasa,2,2,68473,8029,4,76502,1
robbofoz,nasa,33,10,68473,8029,43,76502,18
robbofoz,cassinisaturn,33,10,5365,77,43,5442,8
jennae16_,nasa,0,1,68473,8029,1,76502,1
violet1962,nasa,0,1,68473,8029,1,76502,5
meagswins,nasa,0,1,68473,8029,1,76502,2
delozier_m,nasa,6,2,68473,8029,8,76502,2
_e0ll4a_,nasa,0,1,68473,8029,1,76502,1
infotechnologi,nasa,2,1,68473,8029,3,76502,19
juanp12_227,nasa,11,1,68473,8029,12,76502,20
gl3a99,nasa,2,1,68473,8029,3,76502,1
bikinatroll,nasa,23,9,68473,8029,32,76502,67
jamariqui2,nasa,1,1,68473,8029,2,76502,2
lazer789,space_station,8,0,11599,539,8,12138,13
lazer789,nasagoddard,8,0,3329,22,8,3351,12
maskulin4_life,nasa,0,2,68473,8029,2,76502,1
maskulin4_life,esa_rosetta,0,2,6782,249,2,7031,1
misserdoodles,nasa,1,4,68473,8029,5,76502,8
misserdoodles,esa_rosetta,1,4,6782,249,5,7031,2
red4eva71,nasa,2,7,68473,8029,9,76502,36
red4eva71,iss_research,2,7,5280,55,9,5335,6
red4eva71,space_station,2,7,11599,539,9,12138,13
actionb0ss,nasa,6,1,68473,8029,7,76502,17
neerovra,nasa,0,1,68473,8029,1,76502,0
devnull23,nasa,4,3,68473,8029,7,76502,9
surgpathatlas,nasa,5,2,68473,8029,7,76502,5
surgpathatlas,esa_rosetta,5,2,6782,249,7,7031,1
whorerfilms,nasa,0,1,68473,8029,1,76502,0
golddraco_13,nasa,1,2,68473,8029,3,76502,1
bizzyblazinbudz,nasa,0,1,68473,8029,1,76502,13
arc_nu,nasa,6,4,68473,8029,10,76502,12
arc_nu,space_station,6,4,11599,539,10,12138,5
jeaighwalker,astro_mike,6,4,2253,21,10,2274,4
jeaighwalker,nasa,6,4,68473,8029,10,76502,10
mentestropeada,nasa,0,1,68473,8029,1,76502,1
conorivera,nasa,2,3,68473,8029,5,76502,9
yaboijose_,nasa,2,1,68473,8029,3,76502,2
nebiund,nasa,3,1,68473,8029,4,76502,11
dahk_holliday,nasa,2,1,68473,8029,3,76502,4
hashtag1o1,nasa,5,1,68473,8029,6,76502,10
thelordnoel,nasa,1,1,68473,8029,2,76502,3
mr_5h33pd06,nasa,3,1,68473,8029,4,76502,13
tallamotorsport,nasa,0,1,68473,8029,1,76502,1
ironmanindiandr,nasa,4,2,68473,8029,6,76502,2
rahulsangwan111,nasa,4,1,68473,8029,5,76502,2
garbtweeter,nasa,1,4,68473,8029,5,76502,19
d_nicee11,nasa,0,1,68473,8029,1,76502,0
iseedjustice,nasa,0,1,68473,8029,1,76502,0
kampotyler,nasa,1,1,68473,8029,2,76502,0
markgarrington,nasa,0,1,68473,8029,1,76502,0
sawdust1620,exploreplanets,2,2,2535,10,4,2545,3
sawdust1620,nasa,2,2,68473,8029,4,76502,4
darealassassin,nasa,0,1,68473,8029,1,76502,6
tarawasjesus,nasa,18,1,68473,8029,19,76502,33
ay_strike,nasa,0,1,68473,8029,1,76502,1
