0,0,0,0,0,0,0,0,0,0,0,0,0,0,0,0,trust_no
0,1,0,0,0,0,0,0,0,1,0,0,0,0,0,0,trust_no
0,1,0,0,0,0,0,0,0,1,0,0,0,0,0,0,trust_no
0,1,0,0,0,0,0,0,0,0,0,0,0,0,0,0,trust_no
6,0,2,0,0,0,0,0,0,0,0,0,0,0,0,0,trust_no
6,1,4,0,0,0,0,0,0,1,0,0,0,0,0,0,trust_yes
2,0,1,0,0,0,0,0,0,0,0,0,0,0,0,0,trust_yes
1,0,0,0,0,0,0,0,0,0,0,0,0,0,0,0,trust_no
3,1,0,0,0,0,0,0,0,1,0,0,0,0,0,0,trust_no
2,0,2,0,0,0,0,0,0,0,0,0,0,0,0,0,trust_no
0,1,0,0,0,0,0,0,0,1,0,0,0,0,0,0,trust_no
0,0,0,0,0,0,0,0,0,0,0,0,0,0,0,0,trust_no
0,0,0,0,0,0,0,0,0,0,0,0,0,0,0,0,trust_no
0,0,0,0,0,0,0,0,0,0,0,0,0,0,0,0,trust_no
0,0,0,0,0,0,0,0,0,0,0,0,0,0,0,0,trust_no
0,0,0,0,0,0,0,0,0,0,0,0,0,0,0,0,trust_no
3,0,2,0,0,0,0,0,0,0,0,0,0,0,0,0,trust_no
1,1,0,0,0,0,0,0,0,0,0,0,0,0,0,0,trust_no
1,1,0,0,0,0,0,0,0,1,0,0,0,0,0,0,trust_no
1,1,1,0,0,0,0,0,0,0,0,0,0,0,0,0,trust_yes
0,0,0,0,0,0,0,0,0,0,0,0,0,0,0,0,trust_no
1,0,0,0,0,0,0,0,0,0,1,0,0,0,0,0,trust_no
3,0,1,0,0,0,0,0,0,0,0,0,0,0,0,0,trust_no
0,0,0,0,0,0,0,0,0,0,0,0,0,0,0,0,trust_no
0,0,0,0,0,0,0,0,0,0,0,0,0,0,0,0,trust_no
1,1,1,0,0,0,0,0,0,1,0,0,0,0,0,0,trust_no
1,1,0,0,0,0,0,0,0,1,0,0,0,0,0,0,trust_no
1,1,0,0,0,0,0,0,0,1,0,0,0,0,0,0,trust_no
1,0,1,0,0,0,0,0,0,0,0,0,0,0,0,0,trust_no
0,0,0,0,0,0,0,0,0,0,0,0,0,0,0,0,trust_no
1,0,0,0,0,0,0,0,0,0,0,0,0,0,0,0,trust_no
1,0,0,0,0,0,0,0,0,0,0,0,0,0,0,0,trust_no
0,0,0,0,0,0,0,0,0,1,0,0,0,0,0,0,trust_no
1,0,0,0,0,0,0,0,0,0,0,0,0,0,0,0,trust_no
1,1,0,0,0,0,0,0,0,1,0,0,0,0,0,0,trust_no
0,0,0,0,0,0,0,0,0,0,0,0,0,0,0,0,trust_no
0,0,0,0,0,0,0,0,0,0,0,0,0,0,0,0,trust_no
0,0,0,0,0,0,0,0,0,0,0,0,0,0,0,0,trust_no
2,0,0,0,0,0,0,0,0,0,0,0,0,0,0,0,trust_no
2,0,0,0,0,0,0,0,0,0,0,0,0,0,0,0,trust_no
12,1,4,0,0,0,0,0,0,0,0,0,0,0,0,0,trust_no
1,0,1,0,0,0,0,0,0,0,0,0,0,0,0,0,trust_no
0,1,0,0,0,0,0,0,0,1,0,0,0,0,0,0,trust_no
5,1,4,0,1,0,1,0,0,0,0,0,0,0,0,0,trust_no
5,0,5,0,1,0,1,0,0,0,0,0,0,0,0,0,trust_no
2,0,0,0,0,0,0,0,0,0,0,0,0,0,0,0,trust_no
2,0,1,0,0,0,0,0,0,0,0,0,0,0,0,0,trust_no
5,2,0,0,0,0,0,0,0,1,0,0,0,0,0,0,trust_no
0,1,0,0,0,0,0,0,0,1,0,0,0,0,0,0,trust_no
1,0,0,0,0,0,0,0,0,6,0,0,0,0,0,0,trust_no
0,1,0,0,0,0,0,0,0,1,0,0,0,0,0,0,trust_no
1,0,0,0,0,0,0,0,0,0,0,0,0,0,0,0,trust_no
2,0,1,0,0,0,0,0,0,0,0,0,0,0,0,0,trust_no
1,0,1,0,0,0,0,0,0,0,0,0,0,0,0,0,trust_no
1,0,0,0,0,0,0,0,0,0,0,0,0,0,0,0,trust_no
0,1,0,0,0,0,0,0,0,1,0,0,0,0,0,0,trust_no
2,0,0,0,0,0,0,0,0,0,0,0,0,0,0,0,trust_no
0,0,0,0,0,0,0,0,0,1,0,0,0,0,0,0,trust_no
0,0,0,0,0,0,0,0,0,0,0,0,0,0,0,0,trust_no
1,0,0,0,0,0,0,0,0,0,0,0,0,0,0,0,trust_no
0,2,0,0,0,0,0,0,0,2,0,0,0,0,0,0,trust_no
0,0,0,0,0,0,0,0,0,0,0,0,0,0,0,0,trust_no
2,0,1,0,0,0,0,0,0,0,0,0,0,0,0,0,trust_no
3,0,3,0,0,0,0,0,0,3,0,0,0,0,0,0,trust_no
0,0,0,0,0,0,0,0,0,0,0,0,0,0,0,0,trust_no
3,1,2,0,0,0,0,0,0,0,0,0,0,0,0,0,trust_no
0,0,0,0,0,0,0,0,0,1,0,0,0,0,0,0,trust_no
0,0,0,0,0,0,0,0,0,0,0,0,0,0,0,0,trust_no
0,0,0,0,0,0,0,0,0,0,0,0,0,0,0,0,trust_no
0,0,0,0,0,0,0,0,0,0,0,0,0,0,0,0,trust_no
1,0,0,0,0,0,0,0,0,0,0,0,0,0,0,0,trust_no
0,0,0,0,0,0,0,0,0,0,0,0,0,0,0,0,trust_no
0,0,0,0,0,0,0,0,0,0,0,0,0,0,0,0,trust_no
1,0,0,0,0,0,0,0,0,0,0,0,0,0,0,0,trust_no
1,0,0,0,0,0,0,0,0,0,0,0,0,0,0,0,trust_no
7,0,1,0,0,0,0,0,0,1,0,0,0,0,0,0,trust_no
0,0,0,0,0,0,0,0,0,0,0,0,0,0,0,0,trust_no
122,5,19,0,1,0,1,0,0,0,0,0,0,0,0,0,trust_no
1,1,1,0,0,0,0,0,0,0,0,0,0,0,0,0,trust_no
2,0,0,0,0,0,0,0,0,0,0,0,0,0,0,0,trust_no
1,0,0,0,0,0,0,0,0,0,0,0,0,0,0,0,trust_no
0,0,0,0,0,0,0,0,0,0,0,0,0,0,0,0,trust_no
0,0,0,0,0,0,0,0,0,0,0,0,0,0,0,0,trust_no
6,0,4,0,0,0,0,0,0,0,0,0,0,0,0,0,trust_no
0,0,0,0,1,0,1,0,0,0,0,0,0,0,0,0,trust_yes
0,0,0,0,0,0,0,0,0,0,0,0,0,0,0,0,trust_yes
6,2,1,0,0,0,0,0,0,2,0,0,0,0,0,0,trust_yes
14,1,6,0,0,0,0,0,0,2,0,0,0,0,0,0,trust_yes
0,0,0,0,2,0,1,0,0,0,0,0,0,0,0,0,trust_no
0,2,0,0,0,0,0,0,0,2,0,0,0,0,0,0,trust_no
0,0,0,0,0,0,0,0,0,0,0,0,0,0,0,0,trust_yes
33,2,26,0,0,0,0,0,0,1,0,0,0,0,0,0,trust_no
23,0,20,0,0,0,0,0,0,0,0,0,0,0,0,0,trust_no
0,0,0,0,0,0,0,0,0,0,0,0,0,0,0,0,trust_no
0,0,0,0,0,0,0,0,0,0,0,0,0,0,0,0,trust_no
0,0,0,0,0,0,0,0,0,0,0,0,0,0,0,0,trust_no
13,1,5,0,0,0,0,0,0,1,0,0,0,0,0,0,trust_no
1,0,1,0,1,0,1,0,0,0,0,0,0,0,0,0,trust_no
1,0,1,0,1,0,1,0,0,0,0,0,0,0,0,0,trust_no
1,0,1,0,0,0,0,0,0,0,0,0,0,0,0,0,trust_yes
0,1,0,0,0,0,0,0,0,1,0,0,0,0,0,0,trust_no
2,0,2,0,0,0,0,0,0,0,0,0,0,0,0,0,trust_no
0,0,0,0,0,0,0,0,0,0,0,0,0,0,0,0,trust_no
0,0,0,0,0,0,0,0,0,0,0,0,0,0,0,0,trust_no
1,0,0,0,0,0,0,0,0,0,0,0,0,0,0,0,trust_no
1,0,0,0,0,0,0,0,0,0,0,0,0,0,0,0,trust_no
1,0,0,0,0,0,0,0,0,0,0,0,0,0,0,0,trust_no
0,0,0,0,0,0,0,0,0,0,0,0,0,0,0,0,trust_no
4,1,0,0,0,0,0,0,0,1,0,0,0,0,0,0,trust_no
5,0,2,0,0,0,0,0,0,40,0,0,0,0,0,0,trust_no
22,9,1,0,1,0,1,0,0,7,0,0,0,0,0,0,trust_no
0,1,0,0,0,0,0,0,0,0,0,0,0,0,0,0,trust_no
0,0,0,0,0,0,0,0,0,0,0,0,0,0,0,0,trust_no
2,0,1,0,0,0,0,0,0,0,0,0,0,0,0,0,trust_no
3,0,0,0,0,0,0,0,0,1,0,0,0,0,0,0,trust_no
0,0,0,0,0,0,0,0,0,0,0,0,0,0,0,0,trust_no
0,0,0,0,0,0,0,0,0,0,0,0,0,0,0,0,trust_no
2,2,1,0,0,0,0,0,0,0,0,0,0,0,0,0,trust_no
1,0,1,0,0,0,0,0,0,0,0,0,0,0,0,0,trust_no
88,9,71,0,0,0,0,0,0,7,0,0,0,0,0,0,trust_no
2,0,1,0,0,0,0,0,0,0,0,0,0,0,0,0,trust_no
3,0,1,0,0,0,0,0,0,0,0,0,0,0,0,0,trust_no
3,1,0,0,0,0,0,0,0,1,0,0,0,0,0,0,trust_no
7,3,2,0,0,0,0,0,0,4,0,0,0,0,0,0,trust_yes
1,1,0,0,0,0,0,0,0,0,0,0,0,0,0,0,trust_no
1,0,0,0,0,0,0,0,0,0,0,0,0,0,0,0,trust_no
1,0,0,0,0,0,0,0,0,0,0,0,0,0,0,0,trust_no
4,0,2,0,0,0,0,0,0,0,0,0,0,0,0,0,trust_no
4,0,2,0,0,0,0,0,0,0,0,0,0,0,0,0,trust_no
1,0,1,0,0,0,0,0,0,0,0,0,0,0,0,0,trust_no
0,0,0,0,0,0,0,0,0,0,0,0,0,0,0,0,trust_no
0,0,0,0,0,0,0,0,0,0,0,0,0,0,0,0,trust_no
1,1,0,0,0,0,0,0,0,0,0,0,0,0,0,0,trust_no
18,5,3,0,0,0,0,0,0,9,0,0,0,0,0,0,trust_no
2,0,0,0,0,0,0,0,0,0,0,0,0,0,0,0,trust_no
1,0,0,0,0,0,0,0,0,0,0,0,0,0,0,0,trust_no
0,0,0,0,0,0,0,0,0,0,0,0,0,0,0,0,trust_no
0,0,0,0,0,0,0,0,0,0,0,0,0,0,0,0,trust_no
0,1,0,0,0,0,0,0,0,2,0,0,0,0,0,0,trust_no
1,1,1,0,0,0,0,0,0,1,0,0,0,0,0,0,trust_no
0,0,0,0,0,0,0,0,0,0,0,0,0,0,0,0,trust_no
3,1,0,0,0,0,0,0,0,1,0,0,0,0,0,0,trust_no
4,0,0,0,0,0,0,0,0,0,0,0,0,0,0,0,trust_no
3,0,1,0,0,0,0,0,0,0,0,0,0,0,0,0,trust_no
3,0,2,0,0,0,0,0,0,0,0,0,0,0,0,0,trust_no
0,0,0,0,0,0,0,0,0,0,0,0,0,0,0,0,trust_no
1,0,0,0,0,0,0,0,0,0,0,0,0,0,0,0,trust_no
1,1,0,0,0,0,0,0,0,1,0,0,0,0,0,0,trust_no
1,0,1,0,0,0,0,0,0,0,0,0,0,0,0,0,trust_no
0,0,0,0,0,0,0,0,0,0,0,0,0,0,0,0,trust_no
0,0,0,0,0,0,0,0,0,0,0,0,0,0,0,0,trust_no
2,0,0,0,0,0,0,0,0,0,0,0,0,0,0,0,trust_no
1,0,0,0,0,0,0,0,0,0,0,0,0,0,0,0,trust_no
3,1,1,0,0,0,0,0,0,0,0,0,0,0,0,0,trust_no
1,0,0,0,0,0,0,0,0,0,0,0,0,0,0,0,trust_no
1,0,1,0,0,0,0,0,0,0,0,0,0,0,0,0,trust_no
1,0,0,0,0,0,0,0,0,0,0,0,0,0,0,0,trust_no
10,0,9,0,0,0,0,0,0,0,0,0,0,0,0,0,trust_yes
0,0,0,0,0,0,0,0,0,0,0,0,0,0,0,0,trust_no
1,0,0,0,0,0,0,0,0,0,0,0,0,0,0,0,trust_no
2,0,0,0,0,0,0,0,0,0,0,0,0,0,0,0,trust_no
8,2,1,0,0,0,0,0,0,0,0,0,0,0,0,0,trust_no
0,0,0,0,0,0,0,0,0,0,0,0,0,0,0,0,trust_no
0,0,0,0,0,0,0,0,0,0,0,0,0,0,0,0,trust_no
3,8,0,0,0,0,0,0,0,8,0,0,0,0,0,0,trust_no
18,0,29,0,3,0,3,0,0,0,0,0,0,0,0,0,trust_no
19,0,13,0,3,0,3,0,0,0,0,0,0,0,0,0,trust_no
11,0,15,0,3,0,3,0,0,0,0,0,0,0,0,0,trust_no
1,0,0,0,0,0,0,0,0,0,0,0,0,0,0,0,trust_yes
1,0,1,0,0,0,0,0,0,0,0,0,0,0,0,0,trust_yes
2,0,0,0,0,0,0,0,0,0,0,0,0,0,0,0,trust_no
0,1,0,0,0,0,0,0,0,0,0,0,0,0,0,0,trust_no
11,0,3,0,0,0,0,0,0,0,0,0,0,0,0,0,trust_yes
1,0,0,0,0,0,0,0,0,0,0,0,0,0,0,0,trust_no
9,0,1,0,0,0,0,0,0,1,0,0,0,0,0,0,trust_yes
30,11,1,0,0,0,0,0,0,11,1,0,0,0,0,0,trust_no
1,0,0,0,0,0,0,0,0,0,0,0,0,0,0,0,trust_no
146,13,37,0,0,0,0,0,0,11,0,0,0,0,0,0,trust_yes
0,0,0,0,0,0,0,0,0,0,0,0,0,0,0,0,trust_no
7,0,3,0,0,0,0,0,0,0,0,0,0,0,0,0,trust_no
0,0,0,0,0,0,0,0,0,0,0,0,0,0,0,0,trust_no
49,24,1,0,0,0,0,0,0,20,0,0,0,0,0,0,trust_no
12,10,2,0,0,0,0,0,0,9,0,0,0,0,0,0,trust_no
0,0,0,0,0,0,0,0,0,0,0,0,0,0,0,0,trust_no
8,1,1,0,0,0,0,0,0,1,0,0,0,0,0,0,trust_yes
3,1,1,0,0,0,0,0,0,1,0,0,0,0,0,0,trust_no
0,0,0,0,0,0,0,0,0,0,0,0,0,0,0,0,trust_no
14,1,4,0,0,0,0,0,0,3,0,0,0,0,0,0,trust_yes
0,0,0,0,0,0,0,0,0,0,0,0,0,0,0,0,trust_no
2,1,1,0,0,0,0,0,0,1,0,0,0,0,0,0,trust_no
0,1,0,0,0,0,0,0,0,1,0,0,0,0,0,0,trust_no
7,0,4,0,0,0,0,0,0,0,1,0,0,0,0,0,trust_yes
8,0,6,0,0,0,0,0,0,0,0,0,0,0,0,0,trust_yes
2,0,2,0,0,0,0,0,0,0,0,0,0,0,0,0,trust_yes
0,0,0,0,0,0,0,0,0,0,0,0,0,0,0,0,trust_no
0,0,0,0,0,0,0,0,0,0,0,0,0,0,0,0,trust_no
0,0,0,0,0,0,0,0,0,0,0,0,0,0,0,0,trust_no
0,0,0,0,0,0,0,0,0,0,0,0,0,0,0,0,trust_no
2,0,1,0,0,0,0,0,0,0,0,0,0,0,0,0,trust_no
13,1,6,0,0,0,0,0,0,0,0,0,0,0,0,0,trust_no
2,0,1,0,0,0,0,0,0,0,0,0,0,0,0,0,trust_no
1,0,0,0,0,0,0,0,0,0,0,0,0,0,0,0,trust_no
0,1,0,0,0,0,0,0,0,1,0,0,0,0,0,0,trust_no
14,4,2,0,0,0,0,0,0,2,0,0,0,0,0,0,trust_no
2,1,2,0,0,0,0,0,0,1,0,0,0,0,0,0,trust_no
2,0,0,0,0,0,0,0,0,0,0,0,0,0,0,0,trust_no
10,0,1,0,0,0,0,0,0,0,0,0,0,0,0,0,trust_yes
0,0,0,0,0,0,0,0,0,0,0,0,0,0,0,0,trust_no
3,0,2,0,0,0,0,0,0,0,0,0,0,0,0,0,trust_no
0,0,0,0,0,0,0,0,0,0,0,0,0,0,0,0,trust_no
9,0,5,0,0,0,0,0,0,0,0,0,0,0,0,0,trust_no
2,0,1,0,0,0,0,0,0,0,0,0,0,0,0,0,trust_no
1,0,0,0,0,0,0,0,0,0,0,0,0,0,0,0,trust_no
1,0,0,0,0,0,0,0,0,0,0,0,0,0,0,0,trust_no
0,0,1,0,0,0,0,0,0,0,0,0,0,0,0,0,trust_no
2,0,2,0,1,0,0,0,0,0,0,0,0,0,0,0,trust_no
1,0,0,0,0,0,0,0,0,0,0,0,0,0,0,0,trust_no
0,1,0,0,0,0,0,0,0,1,0,0,0,0,0,0,trust_no
1,0,0,0,0,0,0,0,0,0,0,0,0,0,0,0,trust_no
11,0,3,0,0,0,0,0,0,0,0,0,0,0,0,0,trust_no
4,1,0,0,0,0,0,0,0,26,0,0,0,0,0,0,trust_no
1,0,0,0,0,0,0,0,0,0,0,0,0,0,0,0,trust_no
0,0,0,0,0,0,0,0,0,0,0,0,0,0,0,0,trust_no
1,0,1,0,0,0,0,0,0,0,0,0,0,0,0,0,trust_no
0,0,0,0,0,0,0,0,0,0,0,0,0,0,0,0,trust_no
1,0,1,0,0,0,0,0,0,0,0,0,0,0,0,0,trust_no
1,0,0,0,0,0,0,0,0,0,0,0,0,0,0,0,trust_no
1,0,0,0,0,0,0,0,0,0,0,0,0,0,0,0,trust_no
0,1,0,0,0,0,0,0,0,1,0,0,0,0,0,0,trust_no
1,0,0,0,0,0,0,0,0,0,0,0,0,0,0,0,trust_no
0,0,0,0,0,0,0,0,0,0,0,0,0,0,0,0,trust_no
87,12,7,0,0,0,0,0,0,10,0,0,0,0,0,0,trust_no
1,0,1,0,0,0,0,0,0,0,0,0,0,0,0,0,trust_no
5,0,2,0,0,0,0,0,0,0,0,0,0,0,0,0,trust_no
11,0,1,0,0,0,0,0,0,4,0,0,0,0,0,0,trust_yes
2,0,1,0,0,0,0,0,0,0,0,0,0,0,0,0,trust_no
0,0,0,0,0,0,0,0,0,0,0,0,0,0,0,0,trust_no
1,0,0,0,0,0,0,0,0,0,0,0,0,0,0,0,trust_no
15,2,1,0,0,0,0,0,0,0,0,0,0,0,0,0,trust_yes
6,0,6,0,0,0,0,0,0,0,0,0,0,0,0,0,trust_no
0,0,0,0,0,0,0,0,0,0,0,0,0,0,0,0,trust_no
0,0,0,0,0,0,0,0,0,0,0,0,0,0,0,0,trust_no
1,0,0,0,0,0,0,0,0,0,0,0,0,0,0,0,trust_no
4,1,0,0,0,0,0,0,0,2,0,0,0,0,0,0,trust_no
5,0,4,0,0,0,0,0,0,0,0,0,0,0,0,0,trust_no
3,2,0,0,0,0,0,0,0,1,0,0,0,0,0,0,trust_no
0,0,0,0,0,0,0,0,0,0,0,0,0,0,0,0,trust_no
1,1,1,0,0,0,0,0,0,1,0,0,0,0,0,0,trust_no
0,0,0,0,0,0,0,0,0,0,0,0,0,0,0,0,trust_no
7,0,3,0,3,0,1,0,0,0,0,0,0,0,0,0,trust_yes
11,1,1,0,3,0,3,0,0,0,0,0,0,0,0,0,trust_yes
2,0,2,0,2,0,3,0,0,0,0,0,0,0,0,0,trust_yes
1,0,0,0,0,0,0,0,0,0,0,0,0,0,0,0,trust_no
1,1,0,0,0,0,0,0,0,1,0,0,0,0,0,0,trust_no
0,1,0,0,0,0,0,0,0,1,0,0,0,0,0,0,trust_no
0,4,0,0,0,0,0,0,0,4,0,0,0,0,0,0,trust_no
3,0,3,0,1,0,0,0,0,0,0,0,0,0,0,0,trust_no
19,2,3,0,1,0,1,0,0,1,0,0,0,0,0,0,trust_no
0,0,0,0,0,0,0,0,0,0,0,0,0,0,0,0,trust_no
1,1,2,0,0,0,0,0,0,1,0,0,0,0,0,0,trust_yes
2,0,1,0,0,0,0,0,0,0,0,0,0,0,0,0,trust_no
1,1,0,0,0,0,0,0,0,1,0,0,0,0,0,0,trust_no
0,3,0,0,0,0,0,0,0,3,0,0,0,0,0,0,trust_no
1,0,0,0,0,0,0,0,0,0,0,0,0,0,0,0,trust_no
38,16,0,0,2,0,2,0,0,15,0,0,0,0,0,0,trust_yes
2,0,0,0,0,0,0,0,0,0,0,0,0,0,0,0,trust_no
2,0,0,0,0,0,0,0,0,0,0,0,0,0,0,0,trust_no
25,2,14,0,4,0,4,0,0,1,0,0,0,0,0,0,trust_yes
0,1,0,0,0,0,0,0,0,1,0,0,0,0,0,0,trust_no
0,0,0,0,0,0,0,0,0,0,0,0,0,0,0,0,trust_no
0,0,0,0,0,0,0,0,0,0,0,0,0,0,0,0,trust_no
0,0,0,0,0,0,0,0,0,0,0,0,0,0,0,0,trust_no
3,0,3,0,0,0,0,0,0,0,0,0,0,0,0,0,trust_no
0,0,0,0,0,0,0,0,0,0,0,0,0,0,0,0,trust_no
0,0,0,0,0,0,0,0,0,0,0,0,0,0,0,0,trust_no
0,0,0,0,0,0,0,0,0,0,0,0,0,0,0,0,trust_no
2,0,0,0,0,0,0,0,0,0,0,0,0,0,0,0,trust_no
104,17,0,0,0,0,0,0,0,14,0,0,0,0,0,0,trust_yes
1,0,1,0,0,0,0,0,0,0,0,0,0,0,0,0,trust_no
0,0,0,0,0,0,0,0,0,0,0,0,0,0,0,0,trust_no
0,0,0,0,0,0,0,0,0,0,0,0,0,0,0,0,trust_no
1,1,0,0,0,0,0,0,0,1,0,0,0,0,0,0,trust_no
0,0,0,0,0,0,0,0,0,0,0,0,0,0,0,0,trust_no
0,0,0,0,0,0,0,0,0,0,0,0,0,0,0,0,trust_no
0,0,0,0,0,0,0,0,0,0,0,0,0,0,0,0,trust_no
1,0,0,0,0,0,0,0,0,0,0,0,0,0,0,0,trust_no
7,0,1,0,0,0,0,0,0,0,0,0,0,0,0,0,trust_no
2,0,1,0,0,0,0,0,0,0,0,0,0,0,0,0,trust_yes
0,0,0,0,0,0,0,0,0,0,0,0,0,0,0,0,trust_no
0,0,0,0,0,0,0,0,0,0,0,0,0,0,0,0,trust_no
0,0,0,0,0,0,0,0,0,0,0,0,0,0,0,0,trust_no
2,0,0,0,0,0,0,0,0,0,0,0,0,0,0,0,trust_no
0,0,0,0,0,0,0,0,0,0,0,0,0,0,0,0,trust_no
0,1,0,0,0,0,0,0,0,0,0,0,0,0,0,0,trust_no
1,0,0,0,0,0,0,0,0,0,0,0,0,0,0,0,trust_no
0,0,0,0,0,0,0,0,0,0,0,0,0,0,0,0,trust_no
1,1,1,0,0,0,0,0,0,0,0,0,0,0,0,0,trust_yes
0,0,0,0,0,0,0,0,0,0,0,0,0,0,0,0,trust_no
0,0,0,0,0,0,0,0,0,0,0,0,0,0,0,0,trust_no
0,0,0,0,0,0,0,0,0,0,0,0,0,0,0,0,trust_no
0,0,0,0,0,0,0,0,0,0,0,0,0,0,0,0,trust_no
2,0,0,0,0,0,0,0,0,0,0,0,0,0,0,0,trust_no
1,0,0,0,0,0,0,0,0,0,0,0,0,0,0,0,trust_no
1,2,0,0,0,0,0,0,0,1,0,0,0,0,0,0,trust_no
0,1,0,0,0,0,0,0,0,1,0,0,0,0,0,0,trust_no
1,0,0,0,0,0,0,0,0,0,0,0,0,0,0,0,trust_no
0,0,0,0,0,0,0,0,0,0,0,0,0,0,0,0,trust_no
1,1,0,0,0,0,0,0,0,1,0,0,0,0,0,0,trust_no
7,0,6,0,0,0,0,0,0,0,0,0,0,0,0,0,trust_yes
3,0,1,0,0,0,0,0,0,0,0,0,0,0,0,0,trust_no
7,1,2,0,0,0,0,0,0,0,0,0,0,0,0,0,trust_yes
0,0,0,0,0,0,0,0,0,0,0,0,0,0,0,0,trust_no
1,0,0,0,0,0,0,0,0,0,0,0,0,0,0,0,trust_no
0,0,0,0,0,0,0,0,0,0,0,0,0,0,0,0,trust_no
0,0,0,0,0,0,0,0,0,0,0,0,0,0,0,0,trust_no
2,1,1,0,0,0,0,0,0,0,0,0,0,0,0,0,trust_no
0,0,0,0,0,0,0,0,0,0,0,0,0,0,0,0,trust_no
0,0,0,0,0,0,0,0,0,0,0,0,0,0,0,0,trust_no
1,1,0,0,0,0,0,0,0,1,0,0,0,0,0,0,trust_no
8,0,6,0,0,0,0,0,0,1,0,0,0,0,0,0,trust_yes
0,0,0,0,0,0,0,0,0,1,0,0,0,0,0,0,trust_no
0,0,0,0,0,0,0,0,0,0,0,0,0,0,0,0,trust_no
1,0,0,0,0,0,0,0,0,0,0,0,0,0,0,0,trust_no
2,0,0,0,0,0,0,0,0,0,0,0,0,0,0,0,trust_no
1,0,0,0,0,0,0,0,0,1,0,0,0,0,0,0,trust_no
0,0,0,0,0,0,0,0,0,0,0,0,0,0,0,0,trust_no
4,0,2,0,0,0,0,0,0,0,0,0,0,0,0,0,trust_no
0,0,0,0,0,0,0,0,0,0,0,0,0,0,0,0,trust_no
1,0,0,0,0,0,0,0,0,0,0,0,0,0,0,0,trust_no
1,0,0,0,0,0,0,0,0,0,0,0,0,0,0,0,trust_no
4,0,2,0,0,0,0,0,0,0,0,0,0,0,0,0,trust_no
2,1,0,0,0,0,0,0,0,0,0,0,0,0,0,0,trust_no
1,1,0,0,0,0,0,0,0,0,0,0,0,0,0,0,trust_no
0,0,1,0,0,0,0,0,0,0,0,0,0,0,0,0,trust_no
1,0,0,0,0,0,0,0,0,0,0,0,0,0,0,0,trust_no
2,0,0,0,0,0,0,0,0,0,0,0,0,0,0,0,trust_no
10,2,0,0,0,0,0,0,0,2,0,0,0,0,0,0,trust_no
0,2,0,0,0,0,0,0,0,2,0,0,0,0,0,0,trust_no
11,1,0,0,0,0,0,0,0,0,0,0,0,0,0,0,trust_no
0,0,0,0,0,0,0,0,0,0,0,0,0,0,0,0,trust_no
4,0,1,0,0,0,0,0,0,0,0,0,0,0,0,0,trust_no
0,0,0,0,0,0,0,0,0,0,0,0,0,0,0,0,trust_no
0,0,0,0,0,0,0,0,0,0,0,0,0,0,0,0,trust_no
5,0,1,0,0,0,0,0,0,0,0,0,0,0,0,0,trust_no
0,0,0,0,0,0,0,0,0,0,0,0,0,0,0,0,trust_no
0,0,0,0,0,0,0,0,0,0,0,0,0,0,0,0,trust_no
2,0,1,0,0,0,0,0,0,0,0,0,0,0,0,0,trust_no
2,0,0,0,0,0,0,0,0,0,0,0,0,0,0,0,trust_no
0,0,0,0,0,0,0,0,0,0,0,0,0,0,0,0,trust_no
1,0,0,0,0,0,0,0,0,0,0,0,0,0,0,0,trust_no
1,0,1,0,0,0,0,0,0,0,0,0,0,0,0,0,trust_no
2,0,0,0,0,0,0,0,0,0,0,0,0,0,0,0,trust_no
0,0,0,0,0,0,0,0,0,0,0,0,0,0,0,0,trust_no
0,0,0,0,0,0,0,0,0,0,0,0,0,0,0,0,trust_no
2,0,2,0,0,0,0,0,0,1,0,0,0,0,0,0,trust_no
0,0,0,0,0,0,0,0,0,0,0,0,0,0,0,0,trust_no
6,1,2,0,0,0,0,0,0,1,0,0,0,0,0,0,trust_no
1,1,0,0,0,0,0,0,0,1,0,0,0,0,0,0,trust_no
0,1,0,0,0,0,0,0,0,1,0,0,0,0,0,0,trust_no
1,1,0,0,0,0,0,0,0,1,0,0,0,0,0,0,trust_no
4,0,2,0,0,0,0,0,0,0,0,0,0,0,0,0,trust_no
0,0,0,0,0,0,0,0,0,0,0,0,0,0,0,0,trust_no
1,0,1,0,0,0,0,0,0,0,0,0,0,0,0,0,trust_no
0,0,0,0,0,0,0,0,0,0,0,0,0,0,0,0,trust_no
1,0,0,0,0,0,0,0,0,0,0,0,0,0,0,0,trust_no
17,5,0,0,0,0,0,0,0,6,0,0,0,0,0,0,trust_no
0,0,0,0,0,0,0,0,0,0,0,0,0,0,0,0,trust_no
0,0,0,0,0,0,0,0,0,0,0,0,0,0,0,0,trust_no
0,0,0,0,0,0,0,0,0,0,0,0,0,0,0,0,trust_no
0,0,0,0,0,0,0,0,0,0,0,0,0,0,0,0,trust_no
5,0,0,0,0,0,0,0,0,0,0,0,0,0,0,0,trust_no
0,0,0,0,0,0,0,0,0,0,0,0,0,0,0,0,trust_no
0,0,0,0,0,0,0,0,0,0,0,0,0,0,0,0,trust_no
0,0,0,0,0,0,0,0,0,0,0,0,0,0,0,0,trust_no
1,0,0,0,0,0,0,0,0,0,0,0,0,0,0,0,trust_no
2,2,0,0,0,0,0,0,0,4,0,0,0,0,0,0,trust_no
1,0,1,0,0,0,0,0,0,0,0,0,0,0,0,0,trust_no
0,1,0,0,0,0,0,0,0,2,0,0,0,0,0,0,trust_no
3,0,3,0,0,0,0,0,0,0,0,0,0,0,0,0,trust_no
2,1,0,0,0,0,0,0,0,1,0,0,0,0,0,0,trust_no
4,1,0,0,0,0,0,0,0,1,0,0,0,0,0,0,trust_no
1,0,0,0,0,0,0,0,0,2,0,0,0,0,0,0,trust_no
3,1,0,0,0,0,0,0,0,1,0,0,0,0,0,0,trust_no
1,0,1,0,0,0,0,0,0,0,0,0,0,0,0,0,trust_no
0,0,0,0,0,0,0,0,0,0,0,0,0,0,0,0,trust_no
0,0,0,0,0,0,0,0,0,0,0,0,0,0,0,0,trust_no
1,0,0,0,0,0,0,0,0,0,0,0,0,0,0,0,trust_no
0,0,0,0,0,0,0,0,0,0,0,0,0,0,0,0,trust_no
7,0,2,0,0,0,0,0,0,0,0,0,0,0,0,0,trust_no
12,2,2,0,0,0,0,0,0,1,0,0,0,0,0,0,trust_no
1,0,0,0,0,0,0,0,0,0,0,0,0,0,0,0,trust_no
2,0,0,0,0,0,0,0,0,0,0,0,0,0,0,0,trust_no
1,0,0,0,0,0,0,0,0,0,0,0,0,0,0,0,trust_no
1,1,0,0,0,0,0,0,0,0,0,0,0,0,0,0,trust_no
1,2,0,0,0,0,0,0,0,2,0,0,0,0,0,0,trust_no
1,1,0,0,0,0,0,0,0,1,0,0,0,0,0,0,trust_no
1,1,0,0,0,0,0,0,0,1,0,0,0,0,0,0,trust_no
1,0,0,0,0,0,0,0,0,0,0,0,0,0,0,0,trust_no
0,1,0,0,0,0,0,0,0,1,0,0,0,0,0,0,trust_no
0,0,0,0,0,0,0,0,0,0,0,0,0,0,0,0,trust_no
0,0,0,0,0,0,0,0,0,0,0,0,0,0,0,0,trust_no
2,1,0,0,0,0,0,0,0,2,0,0,0,0,0,0,trust_no
0,0,0,0,0,0,0,0,0,0,0,0,0,0,0,0,trust_no
0,0,0,0,0,0,0,0,0,0,0,0,0,0,0,0,trust_no
0,1,0,0,0,0,0,0,0,0,0,0,0,0,0,0,trust_no
0,0,0,0,0,0,0,0,0,0,0,0,0,0,0,0,trust_no
0,0,0,0,0,0,0,0,0,0,0,0,0,0,0,0,trust_no
0,0,0,0,0,0,0,0,0,0,0,0,0,0,0,0,trust_no
1,0,0,0,0,0,0,0,0,0,0,0,0,0,0,0,trust_no
1,0,0,0,0,0,0,0,0,0,0,0,0,0,0,0,trust_no
0,0,0,0,0,0,0,0,0,0,0,0,0,0,0,0,trust_no
1,0,0,0,0,0,0,0,0,0,0,0,0,0,0,0,trust_no
0,0,0,0,0,0,0,0,0,0,0,0,0,0,0,0,trust_no
1,0,0,0,0,0,0,0,0,0,0,0,0,0,0,0,trust_no
0,0,0,0,0,0,0,0,0,0,0,0,0,0,0,0,trust_no
2,0,0,0,0,0,0,0,0,0,0,0,0,0,0,0,trust_no
0,1,0,0,0,0,0,0,0,1,0,0,0,0,0,0,trust_no
0,0,0,0,0,0,0,0,0,0,0,0,0,0,0,0,trust_no
0,0,0,0,0,0,0,0,0,0,0,0,0,0,0,0,trust_no
2,0,0,0,0,0,0,0,0,0,0,0,0,0,0,0,trust_no
2,1,1,0,1,0,1,0,0,1,0,0,0,0,0,0,trust_yes
2,0,2,0,0,0,0,0,0,0,0,0,0,0,0,0,trust_yes
0,0,0,0,0,0,0,0,0,0,0,0,0,0,0,0,trust_no
1,6,0,0,0,0,0,0,0,5,0,0,0,0,0,0,trust_no
11,7,1,0,0,0,0,0,0,8,1,0,0,0,0,0,trust_no
4,0,1,0,0,0,0,0,0,0,0,0,0,0,0,0,trust_no
41,14,4,0,0,0,0,0,0,107,1,0,0,0,0,0,trust_no
3,0,0,0,0,0,0,0,0,0,0,0,0,0,0,0,trust_no
1,2,0,0,0,0,0,0,0,1,0,0,0,0,0,0,trust_no
2,0,0,0,0,0,0,0,0,0,0,0,0,0,0,0,trust_no
3,0,0,0,0,0,0,0,0,2,0,0,0,0,0,0,trust_no
2,2,0,0,0,0,0,0,0,1,0,0,0,0,0,0,trust_no
17,6,3,0,0,0,0,0,0,0,0,0,0,0,0,0,trust_no
1,0,0,0,0,0,0,0,0,0,0,0,0,0,0,0,trust_no
6,2,1,0,0,0,0,0,0,1,0,0,0,0,0,0,trust_no
3,2,0,0,0,0,0,0,0,4,0,0,0,0,0,0,trust_no
4,2,0,0,0,0,0,0,0,2,0,0,0,0,0,0,trust_no
1,0,0,0,0,0,0,0,0,0,0,0,0,0,0,0,trust_no
4,0,0,0,0,0,0,0,0,0,0,0,0,0,0,0,trust_no
1,0,0,0,0,0,0,0,0,0,0,0,0,0,0,0,trust_no
1,1,0,0,0,0,0,0,0,0,0,0,0,0,0,0,trust_no
1,0,0,0,0,0,0,0,0,0,0,0,0,0,0,0,trust_no
1,0,0,0,0,0,0,0,0,0,0,0,0,0,0,0,trust_no
1,0,0,0,0,0,0,0,0,0,0,0,0,0,0,0,trust_no
0,0,0,0,0,0,0,0,0,0,0,0,0,0,0,0,trust_no
2,0,0,0,0,0,0,0,0,0,0,0,0,0,0,0,trust_no
1,0,0,0,0,0,0,0,0,0,0,0,0,0,0,0,trust_no
1,0,0,0,0,0,0,0,0,0,0,0,0,0,0,0,trust_no
1,3,0,0,0,0,0,0,0,1,0,0,0,0,0,0,trust_no
1,0,0,0,0,0,0,0,0,0,0,0,0,0,0,0,trust_no
0,0,0,0,0,0,0,0,0,0,0,0,0,0,0,0,trust_no
1,0,0,0,0,0,0,0,0,0,0,0,0,0,0,0,trust_no
3,0,2,0,0,0,0,0,0,0,0,0,0,0,0,0,trust_yes
0,1,0,0,0,0,0,0,0,1,0,0,0,0,0,0,trust_no
1,0,0,0,0,0,0,0,0,0,0,0,0,0,0,0,trust_no
1,0,0,0,0,0,0,0,0,0,0,0,0,0,0,0,trust_no
2,0,1,0,0,0,0,0,0,0,0,0,0,0,0,0,trust_no
2,1,0,0,0,0,0,0,0,0,0,0,0,0,0,0,trust_no
2,0,1,0,0,0,0,0,0,0,0,0,0,0,0,0,trust_no
5,0,1,0,0,0,0,0,0,0,0,0,0,0,0,0,trust_no
0,0,0,0,0,0,0,0,0,0,0,0,0,0,0,0,trust_no
0,0,0,0,0,0,0,0,0,0,0,0,0,0,0,0,trust_no
0,0,0,0,0,0,0,0,0,0,0,0,0,0,0,0,trust_no
0,0,0,0,0,0,0,0,0,0,0,0,0,0,0,0,trust_no
0,0,0,0,0,0,0,0,0,0,0,0,0,0,0,0,trust_no
1,0,0,0,0,0,0,0,0,0,0,0,0,0,0,0,trust_no
0,1,0,0,0,0,0,0,0,1,0,0,0,0,0,0,trust_no
0,0,0,0,0,0,0,0,0,0,0,0,0,0,0,0,trust_no
5,3,0,0,0,0,0,0,0,1,0,0,0,0,0,0,trust_no
0,0,0,0,0,0,0,0,0,0,0,0,0,0,0,0,trust_no
5,2,0,0,0,0,0,0,0,2,0,0,0,0,0,0,trust_no
1,5,0,0,0,0,0,0,0,5,0,0,0,0,0,0,trust_no
0,0,0,0,0,0,0,0,0,0,0,0,0,0,0,0,trust_no
14,0,6,0,0,0,0,0,0,0,0,0,0,0,0,0,trust_no
1,0,0,0,0,0,0,0,0,0,0,0,0,0,0,0,trust_no
1,1,0,0,0,0,0,0,0,1,0,0,0,0,0,0,trust_no
0,0,0,0,0,0,0,0,0,0,0,0,0,0,0,0,trust_no
0,0,0,0,0,0,0,0,0,0,0,0,0,0,0,0,trust_no
3,1,0,0,0,0,0,0,0,3,0,0,0,0,0,0,trust_no
0,0,0,0,0,0,0,0,0,0,0,0,0,0,0,0,trust_no
0,1,0,0,0,0,0,0,0,1,0,0,0,0,0,0,trust_no
2,0,0,0,0,0,0,0,0,0,0,0,0,0,0,0,trust_no
0,1,0,0,0,0,0,0,0,0,0,0,0,0,0,0,trust_no
0,1,0,0,0,0,0,0,0,1,0,0,0,0,0,0,trust_no
1,0,1,0,0,0,0,0,0,0,0,0,0,0,0,0,trust_no
0,0,0,0,0,0,0,0,0,0,0,0,0,0,0,0,trust_no
4,0,0,0,0,0,0,0,0,0,0,0,0,0,0,0,trust_no
0,0,0,0,0,0,0,0,0,0,0,0,0,0,0,0,trust_no
1,2,0,0,0,0,0,0,0,1,0,0,0,0,0,0,trust_no
0,0,0,0,0,0,0,0,0,0,0,0,0,0,0,0,trust_no
29,6,1,0,0,0,0,0,0,5,0,0,0,0,0,0,trust_no
0,1,0,0,0,0,0,0,0,1,0,0,0,0,0,0,trust_no
0,0,0,0,0,0,0,0,0,0,0,0,0,0,0,0,trust_no
3,3,0,0,0,0,0,0,0,4,0,0,0,0,0,0,trust_no
1,0,0,0,0,0,0,0,0,0,0,0,0,0,0,0,trust_no
1,0,1,0,0,0,0,0,0,0,0,0,0,0,0,0,trust_no
1,0,0,0,0,0,0,0,0,0,0,0,0,0,0,0,trust_no
1,0,0,0,0,0,0,0,0,0,0,0,0,0,0,0,trust_no
1,1,0,0,0,0,0,0,0,1,0,0,0,0,0,0,trust_no
16,2,0,0,0,0,0,0,0,1,0,0,0,0,0,0,trust_no
2,0,0,0,0,0,0,0,0,0,0,0,0,0,0,0,trust_no
3,0,1,0,0,0,0,0,0,0,0,0,0,0,0,0,trust_no
0,0,0,0,0,0,0,0,0,0,0,0,0,0,0,0,trust_no
6,0,1,0,0,0,0,0,0,0,0,0,0,0,0,0,trust_no
1,0,0,0,0,0,0,0,0,0,0,0,0,0,0,0,trust_no
0,0,0,0,0,0,0,0,0,0,0,0,0,0,0,0,trust_no
1,2,0,0,0,0,0,0,0,1,0,0,0,0,0,0,trust_no
1,1,0,0,0,0,0,0,0,1,0,0,0,0,0,0,trust_no
2,0,0,0,0,0,0,0,0,0,0,0,0,0,0,0,trust_no
0,0,0,0,0,0,0,0,0,0,0,0,0,0,0,0,trust_no
3,0,0,0,0,0,0,0,0,0,0,0,0,0,0,0,trust_no
0,0,0,0,0,0,0,0,0,0,0,0,0,0,0,0,trust_no
0,0,0,0,0,0,0,0,0,0,0,0,0,0,0,0,trust_no
1,0,0,0,0,0,0,0,0,0,0,0,0,0,0,0,trust_no
1,0,0,0,0,0,0,0,0,0,0,0,0,0,0,0,trust_no
0,0,0,0,1,0,1,0,0,0,0,0,0,0,0,0,trust_yes
1,0,0,0,1,0,1,0,0,0,0,0,0,0,0,0,trust_yes
2,0,0,0,0,0,0,0,0,0,0,0,0,0,0,0,trust_no
7,4,0,0,0,0,0,0,0,2,0,0,0,0,0,0,trust_no
1,1,0,0,0,0,0,0,0,1,0,0,0,0,0,0,trust_no
0,0,0,0,0,0,0,0,0,0,0,0,0,0,0,0,trust_no
1,0,0,0,0,0,0,0,0,0,0,0,0,0,0,0,trust_no
0,1,0,0,0,0,0,0,0,0,0,0,0,0,0,0,trust_no
1,0,0,0,0,0,0,0,0,0,0,0,0,0,0,0,trust_no
0,0,0,0,0,0,0,0,0,0,0,0,0,0,0,0,trust_no
3,1,0,0,0,0,0,0,0,1,0,0,0,0,0,0,trust_no
1,0,0,0,0,0,0,0,0,0,0,0,0,0,0,0,trust_no
0,0,0,0,0,0,0,0,0,0,0,0,0,0,0,0,trust_no
0,0,0,0,0,0,0,0,0,0,0,0,0,0,0,0,trust_no
1,0,0,0,0,0,0,0,0,0,0,0,0,0,0,0,trust_no
0,0,1,0,0,0,0,0,0,0,0,0,0,0,0,0,trust_yes
1,0,0,0,0,0,0,0,0,0,0,0,0,0,0,0,trust_no
0,0,0,0,0,0,0,0,0,0,0,0,0,0,0,0,trust_no
0,1,0,0,0,0,0,0,0,1,0,0,0,0,0,0,trust_no
2,2,0,0,0,0,0,0,0,1,0,0,0,0,0,0,trust_no
0,1,0,0,0,0,0,0,0,1,0,0,0,0,0,0,trust_no
0,0,0,0,0,0,0,0,0,0,0,0,0,0,0,0,trust_no
0,0,0,0,0,0,0,0,0,0,0,0,0,0,0,0,trust_no
1,0,1,0,0,0,0,0,0,0,0,0,0,0,0,0,trust_no
1,0,0,0,0,0,0,0,0,0,0,0,0,0,0,0,trust_no
1,0,1,0,0,0,0,0,0,0,0,0,0,0,0,0,trust_no
2,1,0,0,0,0,0,0,0,1,0,0,0,0,0,0,trust_no
13,1,2,0,0,0,0,0,0,0,0,0,0,0,0,0,trust_no
0,1,0,0,0,0,0,0,0,1,0,0,0,0,0,0,trust_no
0,2,0,0,0,0,0,0,0,2,0,0,0,0,0,0,trust_no
1,0,0,0,0,0,0,0,0,0,0,0,0,0,0,0,trust_no
0,0,0,0,0,0,0,0,0,0,0,0,0,0,0,0,trust_no
0,0,0,0,0,0,0,0,0,0,0,0,0,0,0,0,trust_no
1,0,0,0,0,0,0,0,0,0,0,0,0,0,0,0,trust_no
2,2,0,0,0,0,0,0,0,2,0,0,0,0,0,0,trust_no
1,1,1,0,0,0,0,0,0,1,0,0,0,0,0,0,trust_no
0,0,0,0,0,0,0,0,0,0,0,0,0,0,0,0,trust_no
1,1,0,0,1,0,1,0,0,3,0,0,0,0,0,0,trust_no
0,0,0,0,1,0,1,0,0,0,0,0,0,0,0,0,trust_no
0,0,0,0,0,0,0,0,0,0,0,0,0,0,0,0,trust_no
1,0,0,0,0,0,0,0,0,0,0,0,0,0,0,0,trust_no
1,0,0,0,0,0,0,0,0,0,0,0,0,0,0,0,trust_no
0,0,0,0,0,0,0,0,0,0,0,0,0,0,0,0,trust_no
0,0,0,0,0,0,0,0,0,0,0,0,0,0,0,0,trust_no
2,0,1,0,0,0,0,0,0,0,1,0,0,0,0,0,trust_no
2,0,1,0,0,0,0,0,0,0,0,0,0,0,0,0,trust_no
2,0,1,0,0,0,0,0,0,0,0,0,0,0,0,0,trust_no
9,2,1,0,0,0,0,0,0,2,0,0,0,0,0,0,trust_no
31,16,8,0,0,0,0,0,0,7,1,0,0,0,0,0,trust_no
2,1,1,0,0,0,0,0,0,1,0,0,0,0,0,0,trust_no
3,0,1,0,0,0,0,0,0,0,0,0,0,0,0,0,trust_no
4,1,0,0,0,0,0,0,0,0,0,0,0,0,0,0,trust_no
1,1,0,0,0,0,0,0,0,1,0,0,0,0,0,0,trust_no
0,0,0,0,0,0,0,0,0,0,0,0,0,0,0,0,trust_no
1,1,0,0,0,0,0,0,0,1,0,0,0,0,0,0,trust_no
1,1,0,0,0,0,0,0,0,1,0,0,0,0,0,0,trust_no
2,0,1,0,0,0,0,0,0,0,0,0,0,0,0,0,trust_no
10,0,6,0,8,0,5,0,0,1,0,0,0,0,0,0,trust_no
0,0,0,0,0,0,0,0,0,0,0,0,0,0,0,0,trust_no
1,0,0,0,0,0,0,0,0,0,0,0,0,0,0,0,trust_no
1,0,0,0,0,0,0,0,0,0,0,0,0,0,0,0,trust_no
0,0,0,0,0,0,0,0,0,0,0,0,0,0,0,0,trust_no
2,0,0,0,0,0,0,0,0,0,0,0,0,0,0,0,trust_no
0,0,0,0,0,0,0,0,0,0,0,0,0,0,0,0,trust_no
0,0,0,0,0,0,0,0,0,0,0,0,0,0,0,0,trust_no
1,1,0,0,0,0,0,0,0,1,0,0,0,0,0,0,trust_no
0,1,0,0,0,0,0,0,0,0,0,0,0,0,0,0,trust_no
47,1,33,0,0,0,0,0,0,0,0,0,0,0,0,0,trust_no
0,0,0,0,0,0,0,0,0,0,0,0,0,0,0,0,trust_no
1,0,0,0,0,0,0,0,0,0,0,0,0,0,0,0,trust_no
0,1,0,0,0,0,0,0,0,0,0,0,0,0,0,0,trust_no
0,0,0,0,0,0,0,0,0,0,0,0,0,0,0,0,trust_no
2,0,1,0,0,0,0,0,0,0,0,0,0,0,0,0,trust_no
4,0,1,0,0,0,0,0,0,0,0,0,0,0,0,0,trust_no
2,0,0,0,0,0,0,0,0,0,0,0,0,0,0,0,trust_no
48,22,0,0,0,0,0,0,0,11,0,0,0,0,0,0,trust_no
0,0,0,0,0,0,0,0,0,0,0,0,0,0,0,0,trust_no
3,0,1,0,0,0,0,0,0,0,0,0,0,0,0,0,trust_yes
44,10,5,0,0,0,0,0,0,6,0,0,0,0,0,0,trust_yes
4,0,1,0,0,0,0,0,0,0,0,0,0,0,0,0,trust_no
5,2,0,0,0,0,0,0,0,2,0,0,0,0,0,0,trust_no
3,1,1,0,0,0,0,0,0,1,0,0,0,0,0,0,trust_no
9,1,2,0,0,0,0,0,0,0,0,0,0,0,0,0,trust_no
1,0,1,0,0,0,0,0,0,0,0,0,0,0,0,0,trust_no
0,0,0,0,0,0,0,0,0,0,0,0,0,0,0,0,trust_no
2,0,0,0,0,0,0,0,0,0,0,0,0,0,0,0,trust_no
24,3,4,0,0,0,0,0,0,0,0,0,0,0,0,0,trust_yes
7,0,6,0,0,0,0,0,0,0,0,0,0,0,0,0,trust_yes
8,2,2,0,0,0,0,0,0,0,0,0,0,0,0,0,trust_no
0,0,0,0,0,0,0,0,0,0,0,0,0,0,0,0,trust_no
0,0,0,0,0,0,0,0,0,0,0,0,0,0,0,0,trust_no
1,0,0,0,0,0,0,0,0,0,0,0,0,0,0,0,trust_no
38,6,1,0,0,0,0,0,0,2,0,0,0,0,0,0,trust_no
2,0,0,0,0,0,0,0,0,0,0,0,0,0,0,0,trust_no
2,0,1,0,0,0,0,0,0,0,0,0,0,0,0,0,trust_no
1,0,0,0,0,0,0,0,0,0,0,0,0,0,0,0,trust_yes
0,0,0,0,0,0,0,0,0,0,0,0,0,0,0,0,trust_no
0,0,0,0,0,0,0,0,0,0,0,0,0,0,0,0,trust_no
1,1,0,0,0,0,0,0,0,1,0,0,0,0,0,0,trust_no
3,1,0,0,0,0,0,0,0,1,0,0,0,0,0,0,trust_no
7,0,2,0,0,0,0,0,0,0,0,0,0,0,0,0,trust_no
10,5,0,0,0,0,0,0,0,2,0,0,0,0,0,0,trust_no
0,0,0,0,0,0,0,0,0,0,0,0,0,0,0,0,trust_no
1,0,0,0,0,0,0,0,0,0,0,0,0,0,0,0,trust_no
1,0,1,0,0,0,0,0,0,0,0,0,0,0,0,0,trust_no
0,0,0,0,0,0,0,0,0,0,0,0,0,0,0,0,trust_no
0,0,0,0,0,0,0,0,0,0,0,0,0,0,0,0,trust_no
1,0,0,0,0,0,0,0,0,0,0,0,0,0,0,0,trust_no
1,0,0,0,0,0,0,0,0,0,0,0,0,0,0,0,trust_no
2,0,1,0,0,0,0,0,0,0,0,0,0,0,0,0,trust_no
0,0,0,0,0,0,0,0,0,0,0,0,0,0,0,0,trust_no
4,4,0,0,0,0,0,0,0,2,0,0,0,0,0,0,trust_no
0,0,0,0,0,0,0,0,0,0,0,0,0,0,0,0,trust_no
5,0,0,0,0,0,0,0,0,0,0,0,0,0,0,0,trust_no
1,2,1,0,0,0,0,0,0,1,0,0,0,0,0,0,trust_no
0,0,0,0,0,0,0,0,0,0,0,0,0,0,0,0,trust_no
0,0,0,0,0,0,0,0,0,0,0,0,0,0,0,0,trust_no
0,0,0,0,0,0,0,0,0,0,0,0,0,0,0,0,trust_no
0,0,0,0,0,0,0,0,0,0,0,0,0,0,0,0,trust_no
0,0,0,0,0,0,0,0,0,0,0,0,0,0,0,0,trust_no
1,1,0,0,0,0,0,0,0,1,0,0,0,0,0,0,trust_no
0,1,0,0,0,0,0,0,0,1,0,0,0,0,0,0,trust_no
2,1,1,0,0,0,0,0,0,1,0,0,0,0,0,0,trust_no
4,1,0,0,0,0,0,0,0,0,0,0,0,0,0,0,trust_no
0,0,0,0,0,0,0,0,0,0,0,0,0,0,0,0,trust_no
4,0,0,0,0,0,0,0,0,0,0,0,0,0,0,0,trust_no
1,0,0,0,0,0,0,0,0,0,0,0,0,0,0,0,trust_no
2,0,1,0,0,0,0,0,0,0,0,0,0,0,0,0,trust_no
0,0,0,0,0,0,0,0,0,0,0,0,0,0,0,0,trust_no
0,0,0,0,0,0,0,0,0,0,0,0,0,0,0,0,trust_no
2,0,1,0,0,0,0,0,0,0,0,0,0,0,0,0,trust_yes
1,0,1,0,0,0,0,0,0,0,0,0,0,0,0,0,trust_yes
2,2,1,0,0,0,0,0,0,0,0,0,0,0,0,0,trust_yes
4,0,1,0,0,0,0,0,0,0,0,0,0,0,0,0,trust_no
0,0,0,0,0,0,0,0,0,0,0,0,0,0,0,0,trust_no
1,0,0,0,0,0,0,0,0,0,0,0,0,0,0,0,trust_no
4,0,2,0,1,0,1,0,0,0,0,0,0,0,0,0,trust_no
2,0,2,0,0,0,0,0,0,0,0,0,0,0,0,0,trust_no
1,0,0,0,0,0,0,0,0,0,0,0,0,0,0,0,trust_no
1,0,0,0,0,0,0,0,0,0,0,0,0,0,0,0,trust_no
2,0,0,0,0,0,0,0,0,0,0,0,0,0,0,0,trust_no
2,2,1,0,0,0,0,0,0,2,0,0,0,0,0,0,trust_no
0,0,0,0,0,0,0,0,0,0,0,0,0,0,0,0,trust_no
1,0,0,0,0,0,0,0,0,0,0,0,0,0,0,0,trust_no
0,0,0,0,0,0,0,0,0,0,0,0,0,0,0,0,trust_no
0,0,0,0,0,0,0,0,0,0,0,0,0,0,0,0,trust_no
0,0,0,0,0,0,0,0,0,0,0,0,0,0,0,0,trust_no
11,0,3,0,0,0,0,0,0,0,0,0,0,0,0,0,trust_no
4,1,1,0,0,0,0,0,0,0,0,0,0,0,0,0,trust_no
8,1,2,0,0,0,0,0,0,1,0,0,0,0,0,0,trust_no
1,0,1,0,0,0,0,0,0,0,0,0,0,0,0,0,trust_no
0,0,0,0,0,0,0,0,0,0,0,0,0,0,0,0,trust_no
0,0,0,0,0,0,0,0,0,0,0,0,0,0,0,0,trust_no
1,0,0,0,0,0,0,0,0,0,0,0,0,0,0,0,trust_no
0,0,0,0,0,0,0,0,0,0,0,0,0,0,0,0,trust_no
4,1,0,0,0,0,0,0,0,0,0,0,0,0,0,0,trust_no
0,0,0,0,0,0,0,0,0,0,0,0,0,0,0,0,trust_no
1,0,0,0,0,0,0,0,0,0,0,0,0,0,0,0,trust_no
0,0,0,0,0,0,0,0,0,0,0,0,0,0,0,0,trust_no
6,3,2,0,0,0,0,0,0,1,0,0,0,0,0,0,trust_yes
0,0,0,0,0,0,0,0,0,0,0,0,0,0,0,0,trust_no
1,0,0,0,0,0,0,0,0,0,0,0,0,0,0,0,trust_no
1,0,0,0,0,0,0,0,0,0,0,0,0,0,0,0,trust_no
3,2,0,0,0,0,0,0,0,2,0,0,0,0,0,0,trust_no
79,0,42,0,0,0,0,0,0,0,0,0,0,0,0,0,trust_no
0,3,0,0,0,0,0,0,0,3,0,0,0,0,0,0,trust_no
2,0,1,0,0,0,0,0,0,0,0,0,0,0,0,0,trust_no
2,0,1,0,0,0,0,0,0,0,0,0,0,0,0,0,trust_no
6,2,0,0,0,0,0,0,0,1,0,0,0,0,0,0,trust_no
2,0,0,0,0,0,0,0,0,0,0,0,0,0,0,0,trust_no
0,1,0,0,0,0,0,0,0,1,0,0,0,0,0,0,trust_no
32,1,29,0,3,0,3,0,0,0,0,0,0,0,0,0,trust_no
0,0,0,0,0,0,0,0,0,0,0,0,0,0,0,0,trust_no
1,0,0,0,0,0,0,0,0,0,0,0,0,0,0,0,trust_no
1,3,1,0,0,0,0,0,0,3,0,0,0,0,0,0,trust_no
1,1,0,0,0,0,0,0,0,2,0,0,0,0,0,0,trust_no
0,0,0,0,0,0,0,0,0,0,0,0,0,0,0,0,trust_no
0,0,0,0,0,0,0,0,0,0,0,0,0,0,0,0,trust_no
4,0,3,0,0,0,0,0,0,0,0,0,0,0,0,0,trust_no
19,0,11,0,0,0,0,0,0,0,0,0,0,0,0,0,trust_no
1,0,0,0,0,0,0,0,0,0,0,0,0,0,0,0,trust_no
0,0,0,0,0,0,0,0,0,0,0,0,0,0,0,0,trust_no
6,0,3,0,0,0,0,0,0,0,0,0,0,0,0,0,trust_no
1,0,1,0,0,0,0,0,0,0,0,0,0,0,0,0,trust_no
3,1,0,0,0,0,0,0,0,9,0,0,0,0,0,0,trust_no
0,0,0,0,0,0,0,0,0,0,0,0,0,0,0,0,trust_no
0,0,0,0,0,0,0,0,0,0,0,0,0,0,0,0,trust_no
1,0,1,0,0,0,0,0,0,0,0,0,0,0,0,0,trust_no
1,1,0,0,0,0,0,0,0,1,0,0,0,0,0,0,trust_no
2,0,1,0,0,0,0,0,0,0,0,0,0,0,0,0,trust_no
1,0,1,0,0,0,0,0,0,0,0,0,0,0,0,0,trust_no
30,0,38,0,0,0,0,0,0,0,13,0,0,0,0,0,trust_no
69,4,6,0,0,0,0,0,0,2,0,0,0,0,0,0,trust_no
0,0,0,0,0,0,0,0,0,0,0,0,0,0,0,0,trust_no
1,0,0,0,0,0,0,0,0,0,0,0,0,0,0,0,trust_no
19,0,22,0,0,0,0,0,0,0,8,0,0,0,0,0,trust_no
14,0,17,0,0,0,0,0,0,0,6,0,0,0,0,0,trust_no
31,1,5,0,0,0,0,0,0,0,0,0,0,0,0,0,trust_no
0,0,0,0,0,0,0,0,0,0,0,0,0,0,0,0,trust_no
5,1,3,0,0,0,0,0,0,6,0,0,0,0,0,0,trust_no
7,0,6,0,0,0,0,0,0,0,0,0,0,0,0,0,trust_no
0,0,0,0,0,0,0,0,0,0,0,0,0,0,0,0,trust_no
0,1,0,0,0,0,0,0,0,1,0,0,0,0,0,0,trust_no
0,0,0,0,0,0,0,0,0,0,0,0,0,0,0,0,trust_no
4,0,2,0,0,0,0,0,0,0,0,0,0,0,0,0,trust_no
1,0,0,0,0,0,0,0,0,0,0,0,0,0,0,0,trust_no
2,0,1,0,0,0,0,0,0,0,0,0,0,0,0,0,trust_no
1,1,0,0,0,0,0,0,0,0,0,0,0,0,0,0,trust_no
4,0,2,0,1,0,1,0,0,0,0,0,0,0,0,0,trust_yes
3,0,2,0,1,0,1,0,0,0,0,0,0,0,0,0,trust_yes
0,0,0,0,0,0,0,0,0,0,0,0,0,0,0,0,trust_no
2,1,0,0,0,0,0,0,0,0,0,0,0,0,0,0,trust_no
190,3,77,0,0,0,0,0,0,1,0,0,0,0,0,0,trust_yes
157,2,115,0,0,0,0,0,0,1,2,0,0,0,0,0,trust_yes
0,2,0,0,0,0,0,0,0,1,0,0,0,0,0,0,trust_no
3,1,0,0,0,0,0,0,0,0,0,0,0,0,0,0,trust_no
15,1,3,0,0,0,0,0,0,1,0,0,0,0,0,0,trust_yes
1,1,0,0,0,0,0,0,0,0,0,0,0,0,0,0,trust_no
3,0,1,0,0,0,0,0,0,0,0,0,0,0,0,0,trust_no
4,3,0,0,0,0,0,0,0,3,0,0,0,0,0,0,trust_no
2,0,0,0,0,0,0,0,0,0,0,0,0,0,0,0,trust_no
1,0,0,0,0,0,0,0,0,0,0,0,0,0,0,0,trust_no
13,3,2,0,0,0,0,0,0,2,0,0,0,0,0,0,trust_no
0,0,0,0,0,0,0,0,0,0,0,0,0,0,0,0,trust_no
0,0,0,0,0,0,0,0,0,0,0,0,0,0,0,0,trust_no
9,0,6,0,0,0,0,0,0,0,1,0,0,0,0,0,trust_yes
3,3,2,0,0,0,0,0,0,2,0,0,0,0,0,0,trust_yes
0,0,0,0,0,0,0,0,0,0,0,0,0,0,0,0,trust_no
1,0,0,0,0,0,0,0,0,0,0,0,0,0,0,0,trust_no
0,0,0,0,0,0,0,0,0,0,0,0,0,0,0,0,trust_no
7,2,1,0,0,0,0,0,0,0,0,0,0,0,0,0,trust_no
0,0,0,0,0,0,0,0,0,0,0,0,0,0,0,0,trust_no
1,0,0,0,0,0,0,0,0,0,0,0,0,0,0,0,trust_no
5,0,1,0,0,0,0,0,0,0,0,0,0,0,0,0,trust_yes
3,0,2,0,0,0,0,0,0,0,0,0,0,0,0,0,trust_no
0,0,0,0,0,0,0,0,0,0,0,0,0,0,0,0,trust_no
0,0,0,0,0,0,0,0,0,0,0,0,0,0,0,0,trust_no
0,0,0,0,0,0,0,0,0,0,0,0,0,0,0,0,trust_no
4,4,0,0,0,0,0,0,0,2,0,0,0,0,0,0,trust_yes
0,0,0,0,0,0,0,0,0,0,0,0,0,0,0,0,trust_no
10,0,10,0,0,0,0,0,0,0,0,0,0,0,0,0,trust_yes
1,0,1,0,0,0,0,0,0,0,0,0,0,0,0,0,trust_no
6,0,4,0,0,0,0,0,0,0,0,0,0,0,0,0,trust_no
0,0,0,0,0,0,0,0,0,0,0,0,0,0,0,0,trust_no
17,3,4,0,0,0,0,0,0,1,0,0,0,0,0,0,trust_no
1,0,0,0,0,0,0,0,0,0,0,0,0,0,0,0,trust_no
2,0,2,0,0,0,0,0,0,0,0,0,0,0,0,0,trust_no
1,0,1,0,0,0,0,0,0,0,0,0,0,0,0,0,trust_no
2,0,0,0,0,0,0,0,0,0,0,0,0,0,0,0,trust_no
0,0,0,0,0,0,0,0,0,0,0,0,0,0,0,0,trust_no
0,0,0,0,0,0,0,0,0,0,0,0,0,0,0,0,trust_no
1,0,0,0,0,0,0,0,0,0,0,0,0,0,0,0,trust_no
0,0,0,0,0,0,0,0,0,0,0,0,0,0,0,0,trust_no
0,0,0,0,0,0,0,0,0,0,0,0,0,0,0,0,trust_no
4,1,1,0,0,0,0,0,0,0,0,0,0,0,0,0,trust_no
7,0,5,0,1,0,1,0,0,0,0,0,0,0,0,0,trust_yes
16,0,9,0,1,0,1,0,0,1,0,0,0,0,0,0,trust_yes
37,0,16,0,1,0,1,0,0,0,0,0,0,0,0,0,trust_yes
0,0,0,0,0,0,0,0,0,0,0,0,0,0,0,0,trust_no
1,0,0,0,0,0,0,0,0,0,0,0,0,0,0,0,trust_no
1,0,1,0,0,0,0,0,0,0,0,0,0,0,0,0,trust_no
41,24,0,0,0,0,0,0,0,23,0,0,0,0,0,0,trust_no
23,4,1,0,1,0,1,0,0,2,0,0,0,0,0,0,trust_no
1,1,0,0,0,0,0,0,0,1,0,0,0,0,0,0,trust_no
2,0,0,0,0,0,0,0,0,0,0,0,0,0,0,0,trust_no
5,0,0,0,0,0,0,0,0,0,0,0,0,0,0,0,trust_no
20,0,18,0,0,0,0,0,0,0,0,0,0,0,0,0,trust_no
14,0,6,0,0,0,0,0,0,0,0,0,0,0,0,0,trust_no
0,0,0,0,0,0,0,0,0,0,0,0,0,0,0,0,trust_no
3,1,0,0,0,0,0,0,0,1,0,0,0,0,0,0,trust_yes
0,0,0,0,0,0,0,0,0,0,0,0,0,0,0,0,trust_no
0,0,0,0,0,0,0,0,0,0,0,0,0,0,0,0,trust_no
3,0,1,0,0,0,0,0,0,0,0,0,0,0,0,0,trust_no
1,0,1,0,0,0,0,0,0,0,0,0,0,0,0,0,trust_yes
0,0,0,0,0,0,0,0,0,0,0,0,0,0,0,0,trust_no
1,0,0,0,0,0,0,0,0,0,0,0,0,0,0,0,trust_no
2,0,0,0,0,0,0,0,0,0,0,0,0,0,0,0,trust_no
3,1,1,0,0,0,0,0,0,1,0,0,0,0,0,0,trust_no
6,0,2,0,0,0,0,0,0,0,0,0,0,0,0,0,trust_no
0,0,0,0,0,0,0,0,0,0,0,0,0,0,0,0,trust_no
0,0,0,0,0,0,0,0,0,0,0,0,0,0,0,0,trust_no
0,0,0,0,0,0,0,0,0,0,0,0,0,0,0,0,trust_no
1,0,0,0,0,0,0,0,0,0,0,0,0,0,0,0,trust_no
1,1,0,0,0,0,0,0,0,0,0,0,0,0,0,0,trust_no
0,0,0,0,0,0,0,0,0,0,0,0,0,0,0,0,trust_no
17,2,12,0,0,0,0,0,0,2,0,0,0,0,0,0,trust_no
0,0,0,0,0,0,0,0,0,0,0,0,0,0,0,0,trust_no
5,0,4,0,0,0,0,0,0,0,0,0,0,0,0,0,trust_no
10,1,1,0,0,0,0,0,0,0,0,0,0,0,0,0,trust_no
0,0,0,0,0,0,0,0,0,0,0,0,0,0,0,0,trust_no
0,1,0,0,0,0,0,0,0,0,0,0,0,0,0,0,trust_no
1,2,0,0,0,0,0,0,0,0,0,0,0,0,0,0,trust_no
8,0,4,0,0,0,0,0,0,0,0,0,0,0,0,0,trust_no
2,0,0,0,0,0,0,0,0,0,0,0,0,0,0,0,trust_no
14,0,6,0,0,0,0,0,0,0,0,0,0,0,0,0,trust_no
2,1,0,0,0,0,0,0,0,1,0,0,0,0,0,0,trust_no
0,0,1,0,0,0,0,0,0,0,0,0,0,0,0,0,trust_no
0,0,0,0,0,0,0,0,0,0,0,0,0,0,0,0,trust_no
12,5,0,0,0,0,0,0,0,4,0,0,0,0,0,0,trust_no
2,0,2,0,0,0,0,0,0,0,0,0,0,0,0,0,trust_yes
4,0,2,0,0,0,0,0,0,0,0,0,0,0,0,0,trust_yes
2,0,2,0,1,0,1,0,0,0,0,0,0,0,0,0,trust_yes
2,0,2,0,1,0,1,0,0,0,0,0,0,0,0,0,trust_yes
18,2,9,0,0,0,0,0,0,0,0,0,0,0,0,0,trust_no
6,1,7,0,1,0,1,0,0,0,0,0,0,0,0,0,trust_yes
10,0,6,0,1,0,1,0,0,0,0,0,0,0,0,0,trust_yes
11,2,0,0,0,0,0,0,0,4,0,0,0,0,0,0,trust_no
3,1,0,0,0,0,0,0,0,1,0,0,0,0,0,0,trust_no
0,0,0,0,0,0,0,0,0,0,0,0,0,0,0,0,trust_no
4,0,0,0,0,0,0,0,0,0,0,0,0,0,0,0,trust_no
7,2,4,0,0,0,0,0,0,0,0,0,0,0,0,0,trust_yes
2,0,2,0,0,0,0,0,0,0,0,0,0,0,0,0,trust_yes
1,0,0,0,0,0,0,0,0,0,0,0,0,0,0,0,trust_no
0,0,0,0,0,0,0,0,0,0,0,0,0,0,0,0,trust_no
1,0,0,0,0,0,0,0,0,0,0,0,0,0,0,0,trust_no
2,0,0,0,0,0,0,0,0,0,0,0,0,0,0,0,trust_no
2,1,0,0,0,0,0,0,0,1,0,0,0,0,0,0,trust_no
2,0,0,0,0,0,0,0,0,2,0,0,0,0,0,0,trust_no
4,0,0,0,0,0,0,0,0,0,0,0,0,0,0,0,trust_no
17,6,0,0,1,0,1,0,0,8,0,0,0,0,0,0,trust_no
1,0,0,0,0,0,0,0,0,0,0,0,0,0,0,0,trust_no
0,0,0,0,0,0,0,0,0,0,0,0,0,0,0,0,trust_no
0,0,0,0,0,0,0,0,0,0,0,0,0,0,0,0,trust_no
3,0,1,0,0,0,0,0,0,0,0,0,0,0,0,0,trust_no
0,0,0,0,0,0,0,0,0,0,0,0,0,0,0,0,trust_no
8,2,2,0,0,0,0,0,0,0,0,0,0,0,0,0,trust_no
2,0,0,0,0,0,0,0,0,0,0,0,0,0,0,0,trust_no
3,0,2,0,0,0,0,0,0,0,0,0,0,0,0,0,trust_no
3,0,0,0,0,0,0,0,0,0,0,0,0,0,0,0,trust_no
0,0,0,0,0,0,0,0,0,0,0,0,0,0,0,0,trust_no
1,0,0,0,0,0,0,0,0,0,0,0,0,0,0,0,trust_no
0,1,0,0,0,0,0,0,0,2,0,0,0,0,0,0,trust_no
0,0,0,0,0,0,0,0,0,0,0,0,0,0,0,0,trust_no
3,0,1,0,0,0,0,0,0,0,0,0,0,0,0,0,trust_no
0,0,0,0,0,0,0,0,0,0,0,0,0,0,0,0,trust_no
0,0,0,0,0,0,0,0,0,0,0,0,0,0,0,0,trust_no
0,0,0,0,0,0,0,0,0,0,0,0,0,0,0,0,trust_no
0,0,0,0,0,0,0,0,0,0,0,0,0,0,0,0,trust_no
13,2,1,0,0,0,0,0,0,2,0,0,0,0,0,0,trust_no
13,1,5,0,0,0,0,0,0,1,0,0,0,0,0,0,trust_no
4,0,3,0,0,0,0,0,0,0,0,0,0,0,0,0,trust_no
1,0,0,0,0,0,0,0,0,0,0,0,0,0,0,0,trust_no
0,1,0,0,0,0,0,0,0,1,0,0,0,0,0,0,trust_no
0,0,0,0,0,0,0,0,0,0,0,0,0,0,0,0,trust_no
2,0,1,0,0,0,0,0,0,0,0,0,0,0,0,0,trust_no
0,0,0,0,0,0,0,0,0,0,0,0,0,0,0,0,trust_no
9,0,9,0,1,0,1,0,0,0,0,0,0,0,0,0,trust_no
7,0,5,0,0,0,0,0,0,0,0,0,0,0,0,0,trust_no
1,0,1,0,1,0,1,0,0,0,0,0,0,0,0,0,trust_no
1,0,1,0,1,0,1,0,0,0,0,0,0,0,0,0,trust_no
0,0,0,0,0,0,0,0,0,0,0,0,0,0,0,0,trust_no
3,1,0,0,0,0,0,0,0,1,0,0,0,0,0,0,trust_no
2,0,1,0,0,0,0,0,0,0,0,0,0,0,0,0,trust_no
0,0,0,0,0,0,0,0,0,0,0,0,0,0,0,0,trust_no
2,0,2,0,0,0,0,0,0,0,0,0,0,0,0,0,trust_no
1,0,0,0,0,0,0,0,0,0,0,0,0,0,0,0,trust_no
4,0,1,0,0,0,0,0,0,0,0,0,0,0,0,0,trust_no
10,4,0,0,0,0,0,0,0,12,0,0,0,0,0,0,trust_no
14,0,0,0,1,0,1,0,0,0,0,0,0,0,0,0,trust_yes
17,4,1,0,1,0,1,0,0,3,0,0,0,0,0,0,trust_yes
0,0,0,0,0,0,0,0,0,0,0,0,0,0,0,0,trust_no
0,1,0,0,0,0,0,0,0,0,0,0,0,0,0,0,trust_no
9,0,8,0,0,0,0,0,0,0,0,0,0,0,0,0,trust_yes
20,0,14,0,0,0,0,0,0,1,1,0,0,0,0,0,trust_no
18,0,18,0,0,0,0,0,0,0,1,0,0,0,0,0,trust_no
24,0,19,0,0,0,0,0,0,0,1,0,0,0,0,0,trust_no
20,0,18,0,0,0,0,0,0,0,1,0,0,0,0,0,trust_no
58,27,4,0,4,0,2,0,0,37,0,0,0,0,0,0,trust_no
33,0,25,0,0,0,0,0,0,0,0,0,0,0,0,0,trust_no
3,2,0,0,0,0,0,0,0,3,0,0,0,0,0,0,trust_no
17,8,3,0,1,0,1,0,0,5,0,0,0,0,0,0,trust_no
2,1,2,0,1,0,1,0,0,0,0,0,0,0,0,0,trust_no
1,0,0,0,0,0,0,0,0,0,0,0,0,0,0,0,trust_no
0,1,0,0,0,0,0,0,0,1,0,0,0,0,0,0,trust_no
5,0,2,0,0,0,0,0,0,0,0,0,0,0,0,0,trust_no
1,0,1,0,0,0,0,0,0,0,0,0,0,0,0,0,trust_no
1,0,0,0,0,0,0,0,0,0,0,0,0,0,0,0,trust_no
14,1,4,0,0,0,0,0,0,0,0,0,0,0,0,0,trust_no
14,0,8,0,0,0,0,0,0,0,0,0,0,0,0,0,trust_no
3,0,1,0,0,0,0,0,0,0,0,0,0,0,0,0,trust_no
1,0,1,0,0,0,0,0,0,0,0,0,0,0,0,0,trust_no
22,0,16,0,0,0,0,0,0,0,0,0,0,0,0,0,trust_no
26,11,1,0,2,0,2,0,0,3,0,0,0,0,0,0,trust_no
2,3,0,0,2,0,2,0,0,1,0,0,0,0,0,0,trust_no
7,4,0,0,2,0,2,0,0,1,0,0,0,0,0,0,trust_no
4,0,4,0,0,0,0,0,0,0,0,0,0,0,0,0,trust_no
0,0,0,0,0,0,0,0,0,0,0,0,0,0,0,0,trust_no
10,1,10,0,0,0,0,0,0,0,0,0,0,0,0,0,trust_no
11,1,8,0,9,0,8,0,0,2,0,0,0,0,0,0,trust_no
7,1,7,0,7,0,8,0,0,2,0,0,0,0,0,0,trust_no
5,0,4,0,0,0,0,0,0,0,0,0,0,0,0,0,trust_no
105,48,0,0,0,0,0,0,0,29,0,0,0,0,0,0,trust_no
12,8,0,0,1,0,1,0,0,5,0,0,0,0,0,0,trust_no
6,5,0,0,1,0,1,0,0,1,0,0,0,0,0,0,trust_no
2,0,0,0,0,0,0,0,0,0,0,0,0,0,0,0,trust_no
11,3,4,0,0,0,0,0,0,2,0,0,0,0,0,0,trust_no
18,0,9,0,0,0,0,0,0,0,0,0,0,0,0,0,trust_no
8,4,0,0,1,0,1,0,0,8,0,0,0,0,0,0,trust_no
1,0,1,0,0,0,0,0,0,0,0,0,0,0,0,0,trust_no
16,0,10,0,2,0,2,0,0,0,0,0,0,0,0,0,trust_no
10,0,15,0,2,0,2,0,0,0,0,0,0,0,0,0,trust_no
25,1,17,0,2,0,2,0,0,0,0,0,0,0,0,0,trust_no
0,0,0,0,0,0,0,0,0,0,0,0,0,0,0,0,trust_no
2,0,0,0,0,0,0,0,0,0,0,0,0,0,0,0,trust_no
0,0,1,0,0,0,0,0,0,0,4,0,0,0,0,0,trust_yes
15,2,1,0,0,0,0,0,0,2,0,0,0,0,0,0,trust_yes
0,0,0,0,0,0,0,0,0,0,0,0,0,0,0,0,trust_yes
5,0,3,0,0,0,0,0,0,0,0,0,0,0,0,0,trust_yes
3,0,4,0,0,0,0,0,0,0,0,0,0,0,0,0,trust_yes
133,4,56,0,0,0,0,0,0,0,0,0,0,0,0,0,trust_yes
159,15,38,0,0,0,0,0,0,8,0,0,0,0,0,0,trust_yes
102,0,64,0,0,0,0,0,0,0,1,0,0,0,0,0,trust_yes
0,0,12,0,0,0,0,0,0,0,0,0,0,0,0,0,trust_yes
32,2,17,0,0,0,0,0,0,0,0,0,0,0,0,0,trust_yes
3,2,1,0,0,0,0,0,0,1,0,0,0,0,0,0,trust_yes
17,3,2,0,0,0,0,0,0,1,0,0,0,0,0,0,trust_yes
2,2,0,0,0,0,0,0,0,2,0,0,0,0,0,0,trust_yes
32,1,20,0,0,0,0,0,0,0,0,0,0,0,0,0,trust_yes
24,1,7,0,0,0,0,0,0,2,0,0,0,0,0,0,trust_yes
3,0,1,0,0,0,0,0,0,0,0,0,0,0,0,0,trust_yes
3,0,0,0,0,0,0,0,0,1,0,0,0,0,0,0,trust_yes
1,0,0,0,0,0,0,0,0,0,0,0,0,0,0,0,trust_yes
1,0,0,0,0,0,0,0,0,0,0,0,0,0,0,0,trust_yes
2,0,0,0,0,0,0,0,0,0,0,0,0,0,0,0,trust_yes
3,0,2,0,0,0,0,0,0,0,0,0,0,0,0,0,trust_yes
32,1,20,0,0,0,0,0,0,0,0,0,0,0,0,0,trust_yes
5,0,5,0,0,0,0,0,0,0,2,0,0,0,0,0,trust_yes
7,0,2,0,0,0,0,0,0,0,0,0,0,0,0,0,trust_yes
1,0,0,0,0,0,0,0,0,0,0,0,0,0,0,0,trust_yes
105,13,3,0,0,0,0,0,0,53,5,0,0,0,0,0,trust_yes
8,0,0,0,0,0,0,0,0,0,0,0,0,0,0,0,trust_yes
1,0,0,0,0,0,0,0,0,0,0,0,0,0,0,0,trust_yes
5,0,3,0,0,0,0,0,0,0,0,0,0,0,0,0,trust_yes
27,0,17,0,0,0,0,0,0,0,0,0,0,0,0,0,trust_yes
28,0,19,0,0,0,0,0,0,0,0,0,0,0,0,0,trust_yes
2,0,1,0,0,0,0,0,0,0,0,0,0,0,0,0,trust_yes
4,0,1,0,0,0,0,0,0,0,0,0,0,0,0,0,trust_yes
20,0,9,0,0,0,0,0,0,0,0,0,0,0,0,0,trust_yes
1,0,1,0,0,0,0,0,0,0,0,0,0,0,0,0,trust_yes
1,0,1,0,0,0,0,0,0,0,0,0,0,0,0,0,trust_yes
12,2,1,0,0,0,0,0,0,0,0,0,0,0,0,0,trust_yes
4,0,3,0,0,0,0,0,0,0,0,0,0,0,0,0,trust_yes
1,0,1,0,0,0,0,0,0,0,0,0,0,0,0,0,trust_yes
4,1,0,0,0,0,0,0,0,1,0,0,0,0,0,0,trust_yes
45,1,9,0,0,0,0,0,0,0,0,0,0,0,0,0,trust_yes
4,0,3,0,0,0,0,0,0,0,0,0,0,0,0,0,trust_yes
100,0,29,0,0,0,0,0,0,0,1,0,0,0,0,0,trust_yes
313,9,60,0,0,0,0,0,0,38,46,0,0,0,0,0,trust_yes
1,0,1,0,0,0,0,0,0,0,0,0,0,0,0,0,trust_yes
1,0,1,0,0,0,0,0,0,0,0,0,0,0,0,0,trust_yes
18,0,14,0,0,0,0,0,0,0,1,0,0,0,0,0,trust_yes
16,0,7,0,0,0,0,0,0,0,0,0,0,0,0,0,trust_yes
1,0,0,0,0,0,0,0,0,0,0,0,0,0,0,0,trust_yes
104,0,107,0,0,0,0,0,0,0,11,0,0,0,0,0,trust_yes
409,5,88,0,0,0,0,0,0,3,10,0,0,0,0,0,trust_yes
0,0,0,0,0,0,0,0,0,0,0,0,0,0,0,0,trust_yes
10,3,1,0,0,0,0,0,0,4,1,0,0,0,0,0,trust_yes
4,0,3,0,0,0,0,0,0,0,0,0,0,0,0,0,trust_yes
38,0,8,0,0,0,0,0,0,0,7,0,0,0,0,0,trust_yes
310,6,71,0,1,0,0,0,0,8,15,0,0,0,0,0,trust_yes
1,1,1,0,0,0,0,0,0,0,0,0,0,0,0,0,trust_yes
116,6,38,0,0,0,0,0,0,8,6,0,0,0,0,0,trust_yes
62,0,33,0,0,0,0,0,0,0,11,0,0,0,0,0,trust_yes
96,2,61,0,0,0,0,0,0,21,28,0,0,0,0,0,trust_yes
19,0,3,0,0,0,0,0,0,8,0,0,0,0,0,0,trust_yes
1,0,1,0,0,0,0,0,0,0,0,0,0,0,0,0,trust_yes
19,0,13,0,1,0,1,0,0,0,0,0,0,0,0,0,trust_yes
134,1,43,0,0,0,0,0,0,0,4,0,0,0,0,0,trust_yes
33,0,22,0,0,0,0,0,0,0,0,0,0,0,0,0,trust_yes
52,7,2,0,0,0,0,0,0,7,0,0,0,0,0,0,trust_yes
50,3,7,0,0,0,0,0,0,2,1,0,0,0,0,0,trust_yes
9,0,6,0,0,0,0,0,0,1,0,0,0,0,0,0,trust_yes
0,0,0,0,0,0,0,0,0,0,0,0,0,0,0,0,trust_yes
0,0,0,0,0,0,0,0,0,1,0,0,0,0,0,0,trust_yes
7,0,0,0,0,0,0,0,0,0,0,0,0,0,0,0,trust_yes
56,3,7,0,0,0,0,0,0,16,3,0,0,0,0,0,trust_yes
42,1,31,0,0,0,0,0,0,2,0,0,0,0,0,0,trust_yes
170,6,59,0,0,0,0,0,0,2,4,0,0,0,0,0,trust_yes
5,0,4,0,0,0,0,0,0,0,0,0,0,0,0,0,trust_yes
4,0,8,0,1,0,1,0,0,0,0,0,0,0,0,0,trust_yes
10,0,6,0,1,0,1,0,0,1,0,0,0,0,0,0,trust_yes
140,3,64,0,0,0,0,0,0,1,0,0,0,0,0,0,trust_yes
25,0,17,0,0,0,0,0,0,0,0,0,0,0,0,0,trust_yes
13,0,18,0,0,0,0,0,0,0,2,0,0,0,0,0,trust_yes
41,1,36,0,0,0,0,0,0,0,2,0,0,0,0,0,trust_yes
265,8,84,0,0,0,0,0,0,1,1,0,0,0,0,0,trust_yes
46,4,5,0,0,0,0,0,0,3,1,0,0,0,0,0,trust_yes
157,4,54,0,0,0,0,0,0,5,2,0,0,0,0,0,trust_yes
1,0,1,0,0,0,0,0,0,0,0,0,0,0,0,0,trust_yes
0,0,0,0,0,0,0,0,0,0,0,0,0,0,0,0,trust_yes
57,1,16,0,0,0,0,0,0,0,1,0,0,0,0,0,trust_yes
15,1,2,0,0,0,0,0,0,3,1,0,0,0,0,0,trust_yes
6,0,4,0,0,0,0,0,0,0,0,0,0,0,0,0,trust_yes
3,0,4,0,0,0,0,0,0,0,0,0,0,0,0,0,trust_yes
3,0,5,0,0,0,0,0,0,0,0,0,0,0,0,0,trust_yes
64,0,41,0,0,0,0,0,0,0,0,0,0,0,0,0,trust_yes
7,0,7,0,0,0,1,0,0,0,0,0,0,0,0,0,trust_yes
9,0,2,0,1,0,0,0,0,0,0,0,0,0,0,0,trust_yes
0,0,0,0,0,0,0,0,0,0,0,0,0,0,0,0,trust_yes
3,0,0,0,0,0,0,0,0,1,1,0,0,0,0,0,trust_yes
10,1,3,0,0,0,0,0,0,0,1,0,0,0,0,0,trust_yes
0,0,0,0,0,0,0,0,0,0,0,0,0,0,0,0,trust_yes
2,0,14,0,0,0,0,0,0,0,3,0,0,0,0,0,trust_yes
37,2,7,0,0,0,0,0,0,6,0,0,0,0,0,0,trust_yes
5,0,5,0,0,0,0,0,0,0,0,0,0,0,0,0,trust_yes
7,0,3,0,0,0,0,0,0,0,0,0,0,0,0,0,trust_yes
59,9,3,0,0,0,0,0,0,6,0,0,0,0,0,0,trust_yes
31,3,1,0,0,0,0,0,0,2,0,0,0,0,0,0,trust_yes
37,1,28,0,1,0,1,0,0,0,0,0,0,0,0,0,trust_yes
1,0,0,0,0,0,0,0,0,0,0,0,0,0,0,0,trust_yes
62,6,13,0,0,0,0,0,0,2,0,0,0,0,0,0,trust_yes
4,0,4,0,0,0,0,0,0,0,2,0,0,0,0,0,trust_yes
40,0,26,0,0,0,0,0,0,0,0,0,0,0,0,0,trust_yes
7,1,6,0,0,0,0,0,0,1,0,0,0,0,0,0,trust_yes
5,0,3,0,0,0,0,0,0,0,0,0,0,0,0,0,trust_yes
14,4,0,0,0,0,0,0,0,6,0,0,0,0,0,0,trust_yes
19,5,0,0,0,0,0,0,0,2,0,0,0,0,0,0,trust_yes
1,0,0,0,0,0,0,0,0,0,0,0,0,0,0,0,trust_yes
1,0,1,0,0,0,0,0,0,0,0,0,0,0,0,0,trust_yes
2,1,0,0,0,0,0,0,0,0,0,0,0,0,0,0,trust_yes
2,0,0,0,0,0,0,0,0,0,0,0,0,0,0,0,trust_yes
8,0,2,0,0,0,0,0,0,2,0,0,0,0,0,0,trust_yes
2,0,2,0,0,0,0,0,0,0,0,0,0,0,0,0,trust_yes
4,0,1,0,0,0,0,0,0,0,0,0,0,0,0,0,trust_yes
623,10,116,0,0,0,0,0,0,4,23,0,0,0,0,0,trust_yes
501,2,201,0,0,0,0,0,0,2,46,0,0,0,0,0,trust_yes
239,1,104,0,1,0,1,0,0,3,7,0,0,0,0,0,trust_yes
7,0,4,0,0,0,0,0,0,0,0,0,0,0,0,0,trust_yes
3,0,5,0,0,0,0,0,0,0,0,0,0,0,0,0,trust_yes
3,2,0,0,0,0,0,0,0,0,0,0,0,0,0,0,trust_yes
1097,37,55,0,0,0,0,0,0,33,30,0,0,0,0,0,trust_yes
0,0,0,0,0,0,0,0,0,0,0,0,0,0,0,0,trust_yes
4,0,3,0,0,0,0,0,0,0,0,0,0,0,0,0,trust_yes
52,0,74,0,0,0,0,0,0,0,1,0,0,0,0,0,trust_yes
5,0,1,0,0,0,0,0,0,0,0,0,0,0,0,0,trust_yes
16,2,4,0,0,0,0,0,0,0,0,0,0,0,0,0,trust_yes
84,0,76,0,0,0,0,0,0,0,0,0,0,0,0,0,trust_yes
12,1,1,0,0,0,0,0,0,2,0,0,0,0,0,0,trust_yes
0,0,0,0,0,0,0,0,0,0,0,0,0,0,0,0,trust_yes
0,0,0,0,0,0,0,0,0,0,0,0,0,0,0,0,trust_yes
10,0,13,0,0,0,0,0,0,0,0,0,0,0,0,0,trust_yes
6,3,5,0,0,0,0,0,0,1,0,0,0,0,0,0,trust_yes
180,5,30,0,0,0,0,0,0,3,2,0,0,0,0,0,trust_yes
102,1,61,0,0,0,0,0,0,1,15,0,0,0,0,0,trust_yes
6,0,12,0,0,0,0,0,0,0,1,0,0,0,0,0,trust_yes
2,1,0,0,0,0,0,0,0,1,0,0,0,0,0,0,trust_yes
3,0,0,0,0,0,0,0,0,0,0,0,0,0,0,0,trust_yes
14,0,27,0,0,0,0,0,0,0,0,0,0,0,0,0,trust_yes
1,0,1,0,0,0,0,0,0,0,0,0,0,0,0,0,trust_yes
4,0,3,0,0,0,0,0,0,0,0,0,0,0,0,0,trust_yes
9,0,0,0,0,0,0,0,0,0,0,0,0,0,0,0,trust_yes
7,0,1,0,0,0,0,0,0,0,0,0,0,0,0,0,trust_yes
1,0,2,0,0,0,0,0,0,0,0,0,0,0,0,0,trust_yes
85,13,3,0,0,0,0,0,0,3,0,0,0,0,0,0,trust_yes
12,0,2,0,0,0,0,0,0,0,0,0,0,0,0,0,trust_yes
1,0,1,0,0,0,0,0,0,0,0,0,0,0,0,0,trust_yes
15,3,0,0,0,0,0,0,0,1,0,0,0,0,0,0,trust_yes
72,0,49,0,0,0,0,0,0,0,6,0,0,0,0,0,trust_yes
10,0,5,0,0,0,0,0,0,0,0,0,0,0,0,0,trust_yes
14,0,22,0,0,0,0,0,0,0,0,0,0,0,0,0,trust_yes
101,3,32,0,0,0,0,0,0,4,7,0,0,0,0,0,trust_yes
42,1,10,0,0,0,0,0,0,0,0,0,0,0,0,0,trust_yes
90,4,27,0,0,0,0,0,0,4,1,0,0,0,0,0,trust_yes
5,0,6,0,0,0,0,0,0,0,0,0,0,0,0,0,trust_yes
19,1,2,0,0,0,0,0,0,8,1,0,0,0,0,0,trust_yes
12,1,5,0,0,0,0,0,0,0,0,0,0,0,0,0,trust_yes
48,0,49,0,0,0,0,0,0,0,1,0,0,0,0,0,trust_yes
95,4,8,0,0,0,0,0,0,5,4,0,0,0,0,0,trust_yes
4,0,4,0,0,0,0,0,0,0,0,0,0,0,0,0,trust_yes
15,0,16,0,0,0,0,0,0,0,1,0,0,0,0,0,trust_yes
83,4,21,0,0,0,0,0,0,3,2,0,0,0,0,0,trust_yes
2,0,0,0,0,0,0,0,0,0,0,0,0,0,0,0,trust_yes
13,1,2,0,0,0,0,0,0,0,0,0,0,0,0,0,trust_yes
71,1,55,0,0,0,0,0,0,0,0,0,0,0,0,0,trust_yes
0,0,0,0,0,0,0,0,0,33,5,0,0,0,0,0,trust_yes
6,0,3,0,0,0,0,0,0,0,0,0,0,0,0,0,trust_yes
46,0,4,0,0,0,0,0,0,0,0,0,0,0,0,0,trust_yes
15,0,10,0,0,0,0,0,0,0,1,0,0,0,0,0,trust_yes
7,0,7,0,0,0,0,0,0,0,0,0,0,0,0,0,trust_yes
4,0,4,0,0,0,0,0,0,0,0,0,0,0,0,0,trust_yes
0,0,0,0,0,0,0,0,0,0,0,0,0,0,0,0,trust_yes
9,1,3,0,0,0,0,0,0,1,0,0,0,0,0,0,trust_yes
5,0,4,0,0,0,0,0,0,0,0,0,0,0,0,0,trust_yes
2,0,2,0,0,0,0,0,0,0,0,0,0,0,0,0,trust_yes
15,0,11,0,0,0,0,0,0,0,0,0,0,0,0,0,trust_yes
16,2,7,0,0,0,0,0,0,3,0,0,0,0,0,0,trust_yes
61,0,25,0,0,0,0,0,0,0,0,0,0,0,0,0,trust_yes
36,0,29,0,0,0,0,0,0,0,0,0,0,0,0,0,trust_yes
32,0,22,0,0,0,0,0,0,0,0,0,0,0,0,0,trust_yes
2,0,1,0,0,0,0,0,0,0,0,0,0,0,0,0,trust_yes
33,5,3,0,0,0,0,0,0,1,0,0,0,0,0,0,trust_yes
6,0,1,0,0,0,0,0,0,0,0,0,0,0,0,0,trust_yes
94,10,5,0,0,0,0,0,0,5,0,0,0,0,0,0,trust_yes
3,0,0,0,0,0,0,0,0,0,0,0,0,0,0,0,trust_yes
6,2,1,0,0,0,0,0,0,0,0,0,0,0,0,0,trust_yes
292,6,63,0,0,0,0,0,0,8,18,0,0,0,0,0,trust_yes
35,6,20,0,0,0,0,0,0,2,0,0,0,0,0,0,trust_yes
5,0,3,0,0,0,0,0,0,0,0,0,0,0,0,0,trust_yes
7,0,1,0,0,0,0,0,0,1,0,0,0,0,0,0,trust_yes
12,0,10,0,0,0,0,0,0,0,0,0,0,0,0,0,trust_yes
14,0,11,0,0,0,0,0,0,0,0,0,0,0,0,0,trust_yes
127,3,71,0,1,0,1,0,0,1,0,0,0,0,0,0,trust_yes
97,0,79,0,1,0,1,0,0,0,0,0,0,0,0,0,trust_yes
7,0,1,0,0,0,0,0,0,0,0,0,0,0,0,0,trust_yes
1,0,1,0,0,0,0,0,0,0,0,0,0,0,0,0,trust_yes
142,8,41,0,0,0,0,0,0,1,0,0,0,0,0,0,trust_yes
33,0,22,0,0,0,0,0,0,0,1,0,0,0,0,0,trust_yes
39,4,18,0,0,0,0,0,0,1,0,0,0,0,0,0,trust_yes
45,0,28,0,0,0,0,0,0,0,1,0,0,0,0,0,trust_yes
208,5,54,0,0,0,0,0,0,1,2,0,0,0,0,0,trust_yes
183,1,70,0,0,0,0,0,0,0,2,0,0,0,0,0,trust_yes
8,0,9,0,0,0,0,0,0,0,0,0,0,0,0,0,trust_yes
10,0,9,0,0,0,0,0,0,0,0,0,0,0,0,0,trust_yes
21,0,6,0,0,0,0,0,0,5,1,0,0,0,0,0,trust_yes
6,0,0,0,0,0,0,0,0,0,0,0,0,0,0,0,trust_yes
45,0,32,0,0,0,0,0,0,0,4,0,0,0,0,0,trust_yes
85,4,26,0,0,0,0,0,0,3,1,0,0,0,0,0,trust_yes
47,0,14,0,0,0,0,0,0,0,1,0,0,0,0,0,trust_yes
20,1,12,0,0,0,0,0,0,1,0,0,0,0,0,0,trust_yes
3,0,2,0,0,0,0,0,0,0,0,0,0,0,0,0,trust_yes
10,0,2,0,0,0,0,0,0,0,0,0,0,0,0,0,trust_yes
0,1,0,0,0,0,0,0,0,0,0,0,0,0,0,0,trust_yes
14,0,5,0,0,0,0,0,0,0,0,0,0,0,0,0,trust_yes
11,0,4,0,0,0,0,0,0,0,0,0,0,0,0,0,trust_yes
3,0,4,0,0,0,0,0,0,0,0,0,0,0,0,0,trust_yes
22,3,4,0,0,0,0,0,0,0,0,0,0,0,0,0,trust_yes
8,0,4,0,0,0,0,0,0,0,0,0,0,0,0,0,trust_yes
4,0,0,0,0,0,0,0,0,0,0,0,0,0,0,0,trust_yes
0,0,0,0,1,0,1,0,0,0,0,0,0,0,0,0,trust_yes
2,0,1,0,0,0,0,0,0,0,0,0,0,0,0,0,trust_yes
3,0,3,0,0,0,0,0,0,0,0,0,0,0,0,0,trust_yes
11,1,1,0,0,0,0,0,0,0,0,0,0,0,0,0,trust_yes
27,1,1,0,0,0,0,0,0,0,0,0,0,0,0,0,trust_yes
7,2,0,0,0,0,0,0,0,14,1,0,0,0,0,0,trust_yes
1,0,0,0,0,0,0,0,0,0,0,0,0,0,0,0,trust_yes
2,0,0,0,0,0,0,0,0,1,0,0,0,0,0,0,trust_yes
39,4,3,0,0,0,0,0,0,3,0,0,0,0,0,0,trust_yes
17,0,4,0,0,0,0,0,0,0,0,0,0,0,0,0,trust_yes
11,0,6,0,0,0,0,0,0,0,2,0,0,0,0,0,trust_yes
56,5,9,0,0,0,0,0,0,4,1,0,0,0,0,0,trust_yes
43,0,6,0,0,0,0,0,0,0,0,0,0,0,0,0,trust_yes
71,4,35,0,0,0,0,0,0,0,2,0,0,0,0,0,trust_yes
2,0,1,0,0,0,0,0,0,0,0,0,0,0,0,0,trust_yes
24,2,3,0,0,0,0,0,0,1,0,0,0,0,0,0,trust_yes
24,0,34,0,0,0,0,0,0,0,7,0,0,0,0,0,trust_yes
28,0,22,0,0,0,0,0,0,0,4,0,0,0,0,0,trust_yes
65,1,10,0,0,0,0,0,0,2,2,0,0,0,0,0,trust_yes
14,1,1,0,0,0,0,0,0,1,0,0,0,0,0,0,trust_yes
9,2,0,0,0,0,0,0,0,3,0,0,0,0,0,0,trust_no
14,1,4,0,0,0,0,0,0,8,6,0,0,0,0,0,trust_yes
48,7,0,0,1,0,1,0,0,3,0,0,0,0,0,0,trust_yes
1,0,1,0,0,0,0,0,0,0,0,0,0,0,0,0,trust_yes
123,0,79,0,0,0,0,0,0,0,2,0,0,0,0,0,trust_yes
154,3,101,0,1,0,1,0,0,0,0,0,0,0,0,0,trust_yes
2,0,0,0,0,0,0,0,0,0,0,0,0,0,0,0,trust_yes
0,0,0,0,0,0,0,0,0,0,0,0,0,0,0,0,trust_yes
11,1,3,0,0,0,0,0,0,0,0,0,0,0,0,0,trust_yes
1,0,1,0,0,0,0,0,0,0,0,0,0,0,0,0,trust_yes
28,0,21,0,0,0,0,0,0,0,0,0,0,0,0,0,trust_yes
1,0,0,0,0,0,0,0,0,0,0,0,0,0,0,0,trust_yes
1,0,1,0,0,0,0,0,0,0,0,0,0,0,0,0,trust_yes
1,0,1,0,0,0,0,0,0,0,0,0,0,0,0,0,trust_yes
4,0,2,0,0,0,0,0,0,0,0,0,0,0,0,0,trust_yes
88,0,83,0,0,0,0,0,0,0,55,0,0,0,0,0,trust_yes
92,0,70,0,0,0,0,0,0,1,43,0,0,0,0,0,trust_yes
122,2,57,0,0,0,0,0,0,13,33,0,0,0,0,0,trust_yes
5,0,1,0,0,0,0,0,0,0,0,0,0,0,0,0,trust_yes
2,0,2,0,0,0,0,0,0,0,0,0,0,0,0,0,trust_yes
1,0,2,0,0,0,0,0,0,0,0,0,0,0,0,0,trust_yes
206,5,68,0,0,0,0,0,0,4,12,0,0,0,0,0,trust_yes
9,0,3,0,0,0,0,0,0,0,0,0,0,0,0,0,trust_yes
6,0,3,0,0,0,0,0,0,0,0,0,0,0,0,0,trust_yes
19,0,35,0,0,0,0,0,0,0,0,0,0,0,0,0,trust_yes
52,5,28,0,0,0,0,0,0,0,0,0,0,0,0,0,trust_yes
57,1,22,0,0,0,0,0,0,0,0,0,0,0,0,0,trust_yes
12,1,11,0,0,0,0,0,0,1,0,0,0,0,0,0,trust_yes
371,11,56,0,0,0,0,0,0,16,6,0,0,0,0,0,trust_yes
50,0,42,0,0,0,0,0,0,0,2,0,0,0,0,0,trust_yes
15,1,10,0,0,0,0,0,0,0,0,0,0,0,0,0,trust_yes
8,0,4,0,0,0,0,0,0,0,0,0,0,0,0,0,trust_yes
3,0,1,0,0,0,0,0,0,0,0,0,0,0,0,0,trust_yes
2,0,1,0,0,0,0,0,0,0,0,0,0,0,0,0,trust_yes
14,1,8,0,0,0,0,0,0,2,1,0,0,0,0,0,trust_yes
12,0,10,0,0,0,0,0,0,0,0,0,0,0,0,0,trust_yes
2,0,2,0,0,0,0,0,0,0,0,0,0,0,0,0,trust_yes
2,0,2,0,0,0,0,0,0,0,0,0,0,0,0,0,trust_yes
2,0,2,0,0,0,0,0,0,0,0,0,0,0,0,0,trust_yes
11,0,7,0,0,0,0,0,0,0,0,0,0,0,0,0,trust_yes
9,0,9,0,0,0,0,0,0,0,1,0,0,0,0,0,trust_yes
3,0,3,0,0,0,0,0,0,0,0,0,0,0,0,0,trust_yes
3,0,3,0,0,0,0,0,0,0,0,0,0,0,0,0,trust_yes
2,0,2,0,0,0,0,0,0,0,0,0,0,0,0,0,trust_yes
13,1,5,0,0,0,0,0,0,1,0,0,0,0,0,0,trust_yes
6,0,5,0,0,0,0,0,0,0,0,0,0,0,0,0,trust_yes
5,0,6,0,0,0,0,0,0,0,1,0,0,0,0,0,trust_yes
204,9,58,0,0,0,0,0,0,14,30,0,0,0,0,0,trust_yes
1,0,0,0,0,0,0,0,0,0,0,0,0,0,0,0,trust_yes
3,0,5,0,0,0,0,0,0,0,0,0,0,0,0,0,trust_yes
0,0,0,0,0,0,0,0,0,0,0,0,0,0,0,0,trust_yes
1,0,1,0,0,0,0,0,0,0,0,0,0,0,0,0,trust_yes
8,0,5,0,0,0,0,0,0,0,0,0,0,0,0,0,trust_yes
3,0,3,0,0,0,0,0,0,0,0,0,0,0,0,0,trust_yes
25,1,8,0,0,0,0,0,0,41,2,0,0,0,0,0,trust_yes
1,0,1,0,0,0,0,0,0,0,0,0,0,0,0,0,trust_yes
1,0,1,0,0,0,0,0,0,0,0,0,0,0,0,0,trust_yes
6,0,0,0,0,0,0,0,0,191,12,0,0,0,0,0,trust_yes
5,1,0,0,0,0,0,0,0,2,0,0,0,0,0,0,trust_yes
2,0,0,0,0,0,0,0,0,0,0,0,0,0,0,0,trust_yes
6,0,4,0,0,0,0,0,0,0,1,0,0,0,0,0,trust_yes
29,4,10,0,0,0,0,0,0,3,0,0,0,0,0,0,trust_yes
4,0,1,0,0,0,0,0,0,0,0,0,0,0,0,0,trust_yes
4,0,2,0,0,0,0,0,0,0,0,0,0,0,0,0,trust_yes
3,0,1,0,0,0,0,0,0,0,0,0,0,0,0,0,trust_yes
5,1,0,0,0,0,0,0,0,0,0,0,0,0,0,0,trust_yes
4,0,6,0,0,0,0,0,0,0,1,0,0,0,0,0,trust_yes
2,0,1,0,0,0,0,0,0,0,0,0,0,0,0,0,trust_yes
22,2,1,0,0,0,0,0,0,0,0,0,0,0,0,0,trust_yes
2,0,2,0,0,0,0,0,0,0,0,0,0,0,0,0,trust_yes
2,0,0,0,0,0,0,0,0,0,0,0,0,0,0,0,trust_yes
12,0,9,0,0,0,0,0,0,0,0,0,0,0,0,0,trust_yes
1,0,1,0,0,0,0,0,0,0,0,0,0,0,0,0,trust_yes
1,0,1,0,0,0,0,0,0,0,0,0,0,0,0,0,trust_yes
8,1,4,0,0,0,0,0,0,0,0,0,0,0,0,0,trust_yes
56,0,11,0,0,0,0,0,0,0,0,0,0,0,0,0,trust_yes
22,0,28,0,0,0,0,0,0,0,0,0,0,0,0,0,trust_yes
10,1,2,0,0,0,0,0,0,0,0,0,0,0,0,0,trust_yes
28,3,6,0,0,0,0,0,0,7,0,0,0,0,0,0,trust_yes
55,8,3,0,0,0,0,0,0,4,0,0,0,0,0,0,trust_yes
3,0,2,0,0,0,0,0,0,0,0,0,0,0,0,0,trust_yes
0,0,0,0,0,0,0,0,0,0,0,0,0,0,0,0,trust_yes
2,1,2,0,0,0,0,0,0,0,0,0,0,0,0,0,trust_yes
2,0,1,0,0,0,0,0,0,1,0,0,0,0,0,0,trust_yes
14,0,6,0,0,0,0,0,0,0,0,0,0,0,0,0,trust_yes
11,0,7,0,0,0,0,0,0,0,0,0,0,0,0,0,trust_yes
25,0,7,0,0,0,0,0,0,0,0,0,0,0,0,0,trust_yes
12,0,3,0,1,0,1,0,0,97,34,0,0,0,0,0,trust_yes
1,0,1,0,0,0,0,0,0,0,0,0,0,0,0,0,trust_yes
26,0,22,0,2,0,2,0,0,0,0,0,0,0,0,0,trust_yes
12,0,17,0,2,0,2,0,0,0,0,0,0,0,0,0,trust_yes
22,0,22,0,2,0,2,0,0,0,0,0,0,0,0,0,trust_yes
19,1,3,0,0,0,0,0,0,1,1,0,0,0,0,0,trust_yes
3,3,0,0,0,0,0,0,0,2,0,0,0,0,0,0,trust_yes
131,2,57,0,0,0,0,0,0,7,11,0,0,0,0,0,trust_yes
110,2,38,0,0,0,0,0,0,0,1,0,0,0,0,0,trust_yes
12,0,14,0,1,0,1,0,0,0,0,0,0,0,0,0,trust_yes
22,0,18,0,1,0,1,0,0,0,0,0,0,0,0,0,trust_yes
447,31,44,0,2,0,0,0,0,32,10,0,0,0,0,0,trust_yes
17,0,15,0,0,0,0,0,0,0,0,0,0,0,0,0,trust_yes
26,0,17,0,0,0,0,0,0,0,0,0,0,0,0,0,trust_yes
13,0,17,0,0,0,0,0,0,0,0,0,0,0,0,0,trust_yes
3,0,3,0,0,0,0,0,0,0,0,0,0,0,0,0,trust_yes
3,0,2,0,0,0,0,0,0,0,0,0,0,0,0,0,trust_yes
25,0,14,0,0,0,0,0,0,0,6,0,0,0,0,0,trust_yes
6,0,4,0,0,0,0,0,0,0,0,0,0,0,0,0,trust_yes
26,3,4,0,0,0,0,0,0,0,0,0,0,0,0,0,trust_yes
47,2,29,0,0,0,0,0,0,0,1,0,0,0,0,0,trust_yes
34,0,15,0,1,0,1,0,0,0,11,0,0,0,0,0,trust_yes
6,1,2,0,0,0,0,0,0,0,0,0,0,0,0,0,trust_yes
2,0,3,0,0,0,0,0,0,0,0,0,0,0,0,0,trust_yes
47,2,4,0,0,0,0,0,0,0,0,0,0,0,0,0,trust_yes
63,0,25,0,0,0,0,0,0,1,2,0,0,0,0,0,trust_yes
31,0,11,0,0,0,0,0,0,0,0,0,0,0,0,0,trust_yes
0,0,0,0,0,0,0,0,0,0,0,0,0,0,0,0,trust_yes
27,0,4,0,0,0,0,0,0,0,0,0,0,0,0,0,trust_yes
456,10,94,0,0,0,0,0,0,4,5,0,0,0,0,0,trust_yes
84,0,23,0,2,0,1,0,0,7,8,0,0,0,0,0,trust_yes
35,0,27,0,2,0,2,0,0,0,22,0,0,0,0,0,trust_yes
13,0,7,0,0,0,0,0,0,0,0,0,0,0,0,0,trust_yes
3,0,0,0,0,0,0,0,0,0,0,0,0,0,0,0,trust_yes
4,0,5,0,0,0,0,0,0,0,0,0,0,0,0,0,trust_yes
5,0,5,0,0,0,0,0,0,0,0,0,0,0,0,0,trust_yes
6,0,5,0,0,0,0,0,0,0,0,0,0,0,0,0,trust_yes
44,2,24,0,0,0,0,0,0,12,14,0,0,0,0,0,trust_yes
21,2,11,0,0,0,0,0,0,1,0,0,0,0,0,0,trust_yes
9,1,1,0,0,0,0,0,0,1,0,0,0,0,0,0,trust_yes
26,0,21,0,0,0,0,0,0,0,33,0,0,0,0,0,trust_yes
5,0,5,0,0,0,0,0,0,0,0,0,0,0,0,0,trust_yes
2,0,1,0,0,0,0,0,0,0,1,0,0,0,0,0,trust_yes
16,0,4,0,0,0,0,0,0,1,0,0,0,0,0,0,trust_yes
39,3,3,0,0,0,0,0,0,0,0,0,0,0,0,0,trust_yes
13,0,2,0,0,0,0,0,0,0,1,0,0,0,0,0,trust_yes
12,0,3,0,0,0,0,0,0,0,2,0,0,0,0,0,trust_yes
2,1,1,0,0,0,0,0,0,0,0,0,0,0,0,0,trust_yes
7,0,0,0,0,0,0,0,0,0,0,0,0,0,0,0,trust_yes
304,5,74,0,2,0,2,0,0,14,29,0,0,0,0,0,trust_yes
15,1,1,0,0,0,0,0,0,0,0,0,0,0,0,0,trust_yes
9,0,0,0,0,0,0,0,0,0,0,0,0,0,0,0,trust_yes
5,0,39,0,0,0,0,0,0,0,5,0,0,0,0,0,trust_yes
85,1,65,0,0,0,0,0,0,0,5,0,0,0,0,0,trust_yes
1,1,0,0,0,0,0,0,0,0,0,0,0,0,0,0,trust_yes
22,3,5,0,0,0,0,0,0,3,1,0,0,0,0,0,trust_yes
31,1,26,0,0,0,0,0,0,0,0,0,0,0,0,0,trust_yes
34,1,25,0,0,0,0,0,0,0,0,0,0,0,0,0,trust_yes
22,0,3,0,0,0,0,0,0,1,0,0,0,0,0,0,trust_yes
6,0,0,0,0,0,0,0,0,0,0,0,0,0,0,0,trust_yes
11,0,8,0,0,0,0,0,0,0,0,0,0,0,0,0,trust_yes
28,2,6,0,0,0,0,0,0,1,0,0,0,0,0,0,trust_yes
1,0,0,0,0,0,0,0,0,0,0,0,0,0,0,0,trust_yes
23,0,20,0,0,0,0,0,0,0,15,0,0,0,0,0,trust_yes
45,4,12,0,0,0,0,0,0,3,1,0,0,0,0,0,trust_yes
123,3,16,0,0,0,0,0,0,7,7,0,0,0,0,0,trust_yes
0,1,1,0,0,0,0,0,0,0,0,0,0,0,0,0,trust_yes
26,1,7,0,0,0,0,0,0,0,0,0,0,0,0,0,trust_yes
26,5,2,0,0,0,0,0,0,0,0,0,0,0,0,0,trust_yes
2,0,3,0,0,0,0,0,0,0,0,0,0,0,0,0,trust_yes
1,0,0,0,0,0,0,0,0,0,0,0,0,0,0,0,trust_yes
13,2,15,0,0,0,1,0,0,1,0,0,0,0,0,0,trust_yes
134,3,62,0,0,0,0,0,0,0,0,0,0,0,0,0,trust_yes
105,0,86,0,0,0,0,0,0,0,3,0,0,0,0,0,trust_yes
4,0,2,0,0,0,0,0,0,0,0,0,0,0,0,0,trust_yes
50,0,30,0,0,0,0,0,0,0,0,0,0,0,0,0,trust_yes
4,0,3,0,0,0,0,0,0,0,0,0,0,0,0,0,trust_yes
157,3,83,0,0,0,0,0,0,0,0,0,0,0,0,0,trust_yes
93,2,15,0,0,0,0,0,0,19,22,0,0,0,0,0,trust_yes
25,6,7,0,0,0,0,0,0,3,0,0,0,0,0,0,trust_yes
4,0,3,0,0,0,0,0,0,0,1,0,0,0,0,0,trust_yes
3,0,0,0,0,0,0,0,0,0,0,0,0,0,0,0,trust_yes
76,0,45,0,0,0,0,0,0,0,33,0,0,0,0,0,trust_yes
84,0,21,0,0,0,0,0,0,0,16,0,0,0,0,0,trust_yes
103,1,38,0,0,0,0,0,0,1,20,0,0,0,0,0,trust_yes
1,0,4,0,0,0,0,0,0,0,1,0,0,0,0,0,trust_yes
13,2,1,0,0,0,0,0,0,7,0,0,0,0,0,0,trust_yes
31,8,5,0,0,0,0,0,0,4,0,0,0,0,0,0,trust_yes
19,0,6,0,0,0,0,0,0,0,0,0,0,0,0,0,trust_yes
2,1,0,0,0,0,0,0,0,0,0,0,0,0,0,0,trust_yes
3,0,0,0,0,0,0,0,0,0,0,0,0,0,0,0,trust_yes
0,0,2,0,0,0,0,0,0,0,0,0,0,0,0,0,trust_yes
2,0,1,0,0,0,0,0,0,0,0,0,0,0,0,0,trust_yes
5,0,3,0,0,0,0,0,0,0,0,0,0,0,0,0,trust_yes
64,1,40,0,0,0,0,0,0,0,3,0,0,0,0,0,trust_yes
52,0,17,0,1,0,1,0,0,0,4,0,0,0,0,0,trust_yes
90,5,20,0,1,0,1,0,0,5,4,0,0,0,0,0,trust_yes
78,0,38,0,1,0,1,0,0,0,14,0,0,0,0,0,trust_yes
47,0,36,0,0,0,0,0,0,0,9,0,0,0,0,0,trust_yes
46,0,15,0,1,0,1,0,0,0,2,0,0,0,0,0,trust_yes
6,0,5,0,0,0,0,0,0,0,0,0,0,0,0,0,trust_yes
6,1,4,0,0,0,0,0,0,1,0,0,0,0,0,0,trust_yes
0,1,0,0,0,0,0,0,0,1,0,0,0,0,0,0,trust_yes
10,1,5,0,0,0,0,0,0,0,0,0,0,0,0,0,trust_yes
21,1,1,0,0,0,0,0,0,15,2,0,0,0,0,0,trust_yes
16,0,5,0,1,0,1,0,0,0,0,0,0,0,0,0,trust_yes
0,0,0,0,0,0,0,0,0,0,0,0,0,0,0,0,trust_yes
8,4,1,0,0,0,0,0,0,1,0,0,0,0,0,0,trust_yes
4,0,1,0,0,0,0,0,0,0,0,0,0,0,0,0,trust_yes
7,0,9,0,0,0,0,0,0,0,1,0,0,0,0,0,trust_yes
21,0,24,0,0,0,0,0,0,0,1,0,0,0,0,0,trust_yes
2,0,2,0,0,0,0,0,0,0,0,0,0,0,0,0,trust_yes
3,0,0,0,0,0,0,0,0,0,0,0,0,0,0,0,trust_yes
0,0,0,0,0,0,0,0,0,0,0,0,0,0,0,0,trust_yes
5,0,2,0,0,0,0,0,0,0,0,0,0,0,0,0,trust_yes
189,3,66,0,0,0,0,0,0,5,7,0,0,0,0,0,trust_yes
9,0,12,0,0,0,0,0,0,0,0,0,0,0,0,0,trust_yes
98,0,55,0,0,0,0,0,0,1,9,0,0,0,0,0,trust_yes
17,0,11,0,0,0,0,0,0,0,0,0,0,0,0,0,trust_yes
0,0,1,0,0,0,0,0,0,0,0,0,0,0,0,0,trust_yes
7,1,2,0,0,0,0,0,0,0,0,0,0,0,0,0,trust_yes
10,0,8,0,0,0,0,0,0,0,0,0,0,0,0,0,trust_yes
15,2,1,0,0,0,0,0,0,1,0,0,0,0,0,0,trust_yes
2,0,0,0,0,0,0,0,0,0,0,0,0,0,0,0,trust_yes
22,0,3,0,0,0,0,0,0,6,3,0,0,0,0,0,trust_yes
66,3,38,0,0,0,0,0,0,1,0,0,0,0,0,0,trust_yes
88,3,0,0,0,0,0,0,0,0,0,0,0,0,0,0,trust_yes
21,1,5,0,0,0,0,0,0,0,0,0,0,0,0,0,trust_yes
6,0,0,0,0,0,0,0,0,0,0,0,0,0,0,0,trust_yes
16,2,3,0,0,0,0,0,0,2,0,0,0,0,0,0,trust_yes
3,0,3,0,0,0,0,0,0,0,0,0,0,0,0,0,trust_yes
3,0,2,0,0,0,0,0,0,0,0,0,0,0,0,0,trust_yes
216,5,80,0,0,0,0,0,0,2,2,0,0,0,0,0,trust_yes
1,2,1,0,1,0,1,0,0,2,0,0,0,0,0,0,trust_yes
0,0,0,0,2,0,2,0,0,0,0,0,0,0,0,0,trust_yes
30,1,3,0,0,0,0,0,0,1,0,0,0,0,0,0,trust_yes
19,0,8,0,0,0,0,0,0,0,0,0,0,0,0,0,trust_yes
6,0,0,0,0,0,0,0,0,0,0,0,0,0,0,0,trust_yes
99,0,43,0,0,0,0,0,0,0,4,0,0,0,0,0,trust_yes
116,1,47,0,0,0,0,0,0,0,2,0,0,0,0,0,trust_yes
6,0,6,0,0,0,0,0,0,0,0,0,0,0,0,0,trust_yes
7,0,7,0,0,0,0,0,0,0,0,0,0,0,0,0,trust_yes
8,0,7,0,0,0,0,0,0,0,0,0,0,0,0,0,trust_yes
17,0,7,0,0,0,0,0,0,0,0,0,0,0,0,0,trust_yes
3,0,0,0,0,0,0,0,0,0,0,0,0,0,0,0,trust_yes
8,1,8,0,0,0,0,0,0,1,0,0,0,0,0,0,trust_yes
321,12,70,0,0,0,0,0,0,6,2,0,0,0,0,0,trust_yes
4,0,0,0,0,0,0,0,0,0,0,0,0,0,0,0,trust_yes
12,0,1,0,0,0,0,0,0,9,0,0,0,0,0,0,trust_yes
472,13,99,0,0,0,0,0,0,5,5,0,0,0,0,0,trust_yes
45,0,34,0,0,0,0,0,0,0,7,0,0,0,0,0,trust_yes
77,0,66,0,0,0,0,0,0,0,20,0,0,0,0,0,trust_yes
103,2,34,0,0,0,0,0,0,1,5,0,0,0,0,0,trust_yes
4,0,12,0,0,0,0,0,0,0,0,0,0,0,0,0,trust_yes
35,0,10,0,0,0,0,0,0,0,0,0,0,0,0,0,trust_yes
3,0,2,0,0,0,0,0,0,0,0,0,0,0,0,0,trust_yes
0,0,0,0,0,0,0,0,0,0,0,0,0,0,0,0,trust_yes
13,0,10,0,0,0,0,0,0,0,0,0,0,0,0,0,trust_yes
8,0,2,0,0,0,0,0,0,0,0,0,0,0,0,0,trust_yes
1,0,1,0,0,0,0,0,0,0,0,0,0,0,0,0,trust_yes
10,0,6,0,0,0,0,0,0,0,0,0,0,0,0,0,trust_yes
6,0,6,0,0,0,0,0,0,0,0,0,0,0,0,0,trust_yes
10,1,3,0,0,0,0,0,0,0,0,0,0,0,0,0,trust_yes
3,0,4,0,0,0,0,0,0,0,0,0,0,0,0,0,trust_yes
154,0,109,0,0,0,0,0,0,3,64,0,0,0,0,0,trust_yes
157,2,56,0,0,0,0,0,0,16,14,0,0,0,0,0,trust_yes
3,1,0,0,0,0,0,0,0,0,0,0,0,0,0,0,trust_yes
187,5,84,0,0,0,0,0,0,1,2,0,0,0,0,0,trust_yes
3,0,2,0,0,0,0,0,0,0,0,0,0,0,0,0,trust_yes
15,1,1,0,0,0,0,0,0,1,0,0,0,0,0,0,trust_yes
4,0,1,0,0,0,0,0,0,0,0,0,0,0,0,0,trust_yes
1,0,0,0,0,0,0,0,0,0,0,0,0,0,0,0,trust_yes
127,2,88,0,0,0,0,0,0,1,6,0,0,0,0,0,trust_yes
1,0,1,0,0,0,0,0,0,0,0,0,0,0,0,0,trust_yes
14,3,0,0,0,0,0,0,0,7,0,0,0,0,0,0,trust_yes
1,0,0,0,0,0,0,0,0,0,0,0,0,0,0,0,trust_yes
0,0,0,0,0,0,0,0,0,0,0,0,0,0,0,0,trust_yes
0,0,0,0,0,0,0,0,0,0,0,0,0,0,0,0,trust_yes
1,0,1,0,0,0,0,0,0,2,0,0,0,0,0,0,trust_yes
1,0,1,0,0,0,0,0,0,0,0,0,0,0,0,0,trust_yes
896,27,126,0,0,0,0,0,0,21,36,0,0,0,0,0,trust_yes
7,0,1,0,0,0,0,0,0,0,0,0,0,0,0,0,trust_yes
1,0,0,0,0,0,0,0,0,0,0,0,0,0,0,0,trust_yes
16,0,5,0,0,0,0,0,0,0,0,0,0,0,0,0,trust_yes
0,0,0,0,0,0,0,0,0,0,0,0,0,0,0,0,trust_yes
34,0,31,0,0,0,0,0,0,0,0,0,0,0,0,0,trust_yes
6,1,2,0,0,0,0,0,0,6,0,0,0,0,0,0,trust_yes
3,0,2,0,0,0,0,0,0,1,0,0,0,0,0,0,trust_yes
5,0,4,0,0,0,0,0,0,0,0,0,0,0,0,0,trust_yes
24,0,19,0,1,0,1,0,0,0,0,0,0,0,0,0,trust_yes
20,0,22,0,0,0,0,0,0,0,1,0,0,0,0,0,trust_yes
5,0,5,0,0,0,0,0,0,0,0,0,0,0,0,0,trust_yes
3,0,2,0,0,0,0,0,0,0,0,0,0,0,0,0,trust_yes
92,1,49,0,0,0,0,0,0,0,20,0,0,0,0,0,trust_yes
21,0,27,0,0,0,0,0,0,0,0,0,0,0,0,0,trust_yes
142,0,112,0,0,0,0,0,0,0,6,0,0,0,0,0,trust_yes
88,0,51,0,0,0,0,0,0,0,3,0,0,0,0,0,trust_yes
3,0,1,0,0,0,0,0,0,0,0,0,0,0,0,0,trust_yes
8,0,6,0,0,0,0,0,0,0,0,0,0,0,0,0,trust_yes
9,0,4,0,0,0,0,0,0,0,0,0,0,0,0,0,trust_yes
5,0,5,0,0,0,0,0,0,0,0,0,0,0,0,0,trust_yes
42,8,4,0,0,0,0,0,0,5,0,0,0,0,0,0,trust_yes
179,1,60,0,0,0,0,0,0,1,1,0,0,0,0,0,trust_yes
2,0,1,0,0,0,0,0,0,0,0,0,0,0,0,0,trust_yes
66,1,3,0,0,0,0,0,0,12,1,0,0,0,0,0,trust_yes
9,0,6,0,0,0,0,0,0,0,0,0,0,0,0,0,trust_yes
2,0,0,0,0,0,0,0,0,0,0,0,0,0,0,0,trust_yes
14,0,4,0,0,0,0,0,0,0,0,0,0,0,0,0,trust_yes
350,7,91,0,0,0,0,0,0,6,18,0,0,0,0,0,trust_yes
126,0,13,0,0,0,0,0,0,0,1,0,0,0,0,0,trust_yes
2,0,2,0,1,0,1,0,0,1,0,0,0,0,0,0,trust_yes
1,0,2,0,1,0,1,0,0,0,0,0,0,0,0,0,trust_yes
147,3,88,0,0,0,0,0,0,11,64,0,0,0,0,0,trust_yes
147,0,105,0,0,0,0,0,0,2,91,0,0,0,0,0,trust_yes
2,0,0,0,1,0,1,0,0,0,0,0,0,0,0,0,trust_yes
0,0,0,0,1,0,1,0,0,0,0,0,0,0,0,0,trust_yes
5,3,1,0,0,0,0,0,0,0,1,0,0,0,0,0,trust_yes
1,0,0,0,0,0,0,0,0,0,0,0,0,0,0,0,trust_yes
26,0,18,0,0,0,0,0,0,0,0,0,0,0,0,0,trust_yes
7,0,6,0,0,0,0,0,0,0,0,0,0,0,0,0,trust_yes
15,1,6,0,0,0,0,0,0,0,0,0,0,0,0,0,trust_yes
3,0,3,0,0,0,0,0,0,0,0,0,0,0,0,0,trust_yes
17,1,4,0,0,0,0,0,0,2,0,0,0,0,0,0,trust_yes
111,0,59,0,0,0,0,0,0,2,12,0,0,0,0,0,trust_yes
0,0,0,0,0,0,0,0,0,0,0,0,0,0,0,0,trust_yes
0,0,0,0,0,0,0,0,0,0,0,0,0,0,0,0,trust_yes
13,0,5,0,0,0,0,0,0,0,0,0,0,0,0,0,trust_yes
0,1,1,0,0,0,0,0,0,0,0,0,0,0,0,0,trust_yes
36,0,27,0,1,0,0,0,0,0,0,0,0,0,0,0,trust_yes
46,3,2,0,0,0,0,0,0,2,0,0,0,0,0,0,trust_yes
4,0,11,0,0,0,0,0,0,0,0,0,0,0,0,0,trust_yes
1,0,0,0,0,0,0,0,0,0,0,0,0,0,0,0,trust_yes
7,1,3,0,0,0,0,0,0,0,0,0,0,0,0,0,trust_yes
48,0,20,0,0,0,0,0,0,158,85,0,0,0,0,0,trust_yes
15,0,7,0,0,0,0,0,0,0,0,0,0,0,0,0,trust_yes
6,0,9,0,0,0,0,0,0,0,1,0,0,0,0,0,trust_yes
5,0,7,0,0,0,0,0,0,0,1,0,0,0,0,0,trust_yes
6,0,5,0,0,0,0,0,0,0,0,0,0,0,0,0,trust_yes
51,6,1,0,0,0,0,0,0,2,0,0,0,0,0,0,trust_yes
17,1,5,0,0,0,0,0,0,2,0,0,0,0,0,0,trust_yes
7,0,5,0,0,0,0,0,0,0,0,0,0,0,0,0,trust_yes
32,0,4,0,0,0,0,0,0,0,0,0,0,0,0,0,trust_yes
78,0,64,0,0,0,0,0,0,0,28,0,0,0,0,0,trust_yes
106,3,32,0,1,0,0,0,0,3,5,0,0,0,0,0,trust_yes
55,0,25,0,1,0,0,0,0,0,1,0,0,0,0,0,trust_yes
52,1,45,0,0,0,0,0,0,0,0,0,0,0,0,0,trust_yes
12,0,4,0,0,0,0,0,0,0,0,0,0,0,0,0,trust_yes
2,0,4,0,0,0,0,0,0,0,0,0,0,0,0,0,trust_yes
11,0,13,0,0,0,0,0,0,0,0,0,0,0,0,0,trust_yes
10,0,1,0,0,0,0,0,0,0,0,0,0,0,0,0,trust_yes
106,0,45,0,0,0,0,0,0,0,0,0,0,0,0,0,trust_yes
20,1,7,0,0,0,0,0,0,1,0,0,0,0,0,0,trust_yes
8,1,8,0,0,0,0,0,0,0,0,0,0,0,0,0,trust_yes
125,2,51,0,0,0,0,0,0,73,66,0,0,0,0,0,trust_yes
31,0,9,0,0,0,0,0,0,0,2,0,0,0,0,0,trust_yes
6,0,3,0,0,0,0,0,0,0,0,0,0,0,0,0,trust_yes
27,0,9,0,0,0,0,0,0,0,0,0,0,0,0,0,trust_yes
9,0,6,0,0,0,0,0,0,0,0,0,0,0,0,0,trust_yes
93,1,82,0,0,0,0,0,0,7,40,0,0,0,0,0,trust_yes
3,0,1,0,0,0,0,0,0,0,0,0,0,0,0,0,trust_yes
16,1,1,0,0,0,0,0,0,6,0,0,0,0,0,0,trust_yes
18,0,16,0,0,0,0,0,0,0,0,0,0,0,0,0,trust_yes
18,0,19,0,0,0,0,0,0,0,0,0,0,0,0,0,trust_yes
0,0,0,0,0,0,0,0,0,0,0,0,0,0,0,0,trust_yes
20,0,9,0,0,0,0,0,0,0,0,0,0,0,0,0,trust_yes
12,0,9,0,0,0,0,0,0,0,0,0,0,0,0,0,trust_yes
1,0,5,0,0,0,0,0,0,0,0,0,0,0,0,0,trust_yes
4,0,2,0,0,0,0,0,0,0,0,0,0,0,0,0,trust_yes
3,0,3,0,0,0,0,0,0,0,0,0,0,0,0,0,trust_yes
4,0,3,0,0,0,0,0,0,0,0,0,0,0,0,0,trust_yes
7,1,0,0,0,0,0,0,0,1,0,0,0,0,0,0,trust_no
18,0,13,0,0,0,0,0,0,0,0,0,0,0,0,0,trust_yes
23,1,16,0,0,0,0,0,0,0,0,0,0,0,0,0,trust_yes
19,0,15,0,0,0,0,0,0,0,0,0,0,0,0,0,trust_yes
0,0,0,0,0,0,0,0,0,0,0,0,0,0,0,0,trust_yes
13,0,7,0,0,0,0,0,0,0,0,0,0,0,0,0,trust_yes
3,0,0,0,0,0,0,0,0,0,0,0,0,0,0,0,trust_yes
177,5,80,0,0,0,0,0,0,3,7,0,0,0,0,0,trust_yes
3,0,0,0,0,0,0,0,0,0,0,0,0,0,0,0,trust_yes
1,0,0,0,0,0,0,0,0,0,0,0,0,0,0,0,trust_yes
10,0,7,0,0,0,0,0,0,0,0,0,0,0,0,0,trust_yes
12,0,8,0,0,0,0,0,0,0,0,0,0,0,0,0,trust_yes
2,0,2,0,0,0,0,0,0,0,0,0,0,0,0,0,trust_yes
3,1,3,0,0,0,0,0,0,0,0,0,0,0,0,0,trust_yes
29,0,27,0,0,0,0,0,0,0,0,0,0,0,0,0,trust_yes
109,3,66,0,0,0,0,0,0,1,0,0,0,0,0,0,trust_yes
1,0,0,0,0,0,0,0,0,0,0,0,0,0,0,0,trust_yes
3,0,3,0,0,0,0,0,0,0,0,0,0,0,0,0,trust_yes
3,0,3,0,0,0,0,0,0,0,0,0,0,0,0,0,trust_yes
1,0,1,0,0,0,0,0,0,0,0,0,0,0,0,0,trust_yes
2,0,1,0,0,0,0,0,0,0,0,0,0,0,0,0,trust_yes
0,0,0,0,0,0,0,0,0,0,0,0,0,0,0,0,trust_yes
2,0,2,0,0,0,0,0,0,0,0,0,0,0,0,0,trust_yes
87,6,23,0,0,0,0,0,0,1,0,0,0,0,0,0,trust_yes
3,0,0,0,0,0,0,0,0,0,0,0,0,0,0,0,trust_yes
799,19,119,0,0,0,0,0,0,13,21,0,0,0,0,0,trust_yes
68,2,29,0,0,0,0,0,0,1,2,0,0,0,0,0,trust_yes
3,3,0,0,0,0,0,0,0,0,0,0,0,0,0,0,trust_yes
12,1,4,0,1,0,1,0,0,1,0,0,0,0,0,0,trust_yes
7,0,6,0,1,0,1,0,0,0,0,0,0,0,0,0,trust_yes
4,0,2,0,0,0,0,0,0,0,0,0,0,0,0,0,trust_yes
4,0,1,0,0,0,0,0,0,0,0,0,0,0,0,0,trust_yes
21,1,5,0,0,0,0,0,0,0,0,0,0,0,0,0,trust_yes
2,0,1,0,0,0,0,0,0,1,0,0,0,0,0,0,trust_yes
11,1,6,0,0,0,0,0,0,0,0,0,0,0,0,0,trust_yes
4,0,6,0,0,0,0,0,0,0,0,0,0,0,0,0,trust_yes
8,1,1,0,0,0,0,0,0,1,0,0,0,0,0,0,trust_yes
9,0,5,0,0,0,0,0,0,0,0,0,0,0,0,0,trust_yes
3,0,5,0,0,0,0,0,0,0,0,0,0,0,0,0,trust_yes
16,3,11,0,0,0,0,0,0,0,0,0,0,0,0,0,trust_yes
13,1,11,0,0,0,0,0,0,0,0,0,0,0,0,0,trust_yes
152,1,76,0,0,0,0,0,0,0,13,0,0,0,0,0,trust_yes
2,0,2,0,0,0,0,0,0,0,0,0,0,0,0,0,trust_yes
1,0,1,0,0,0,0,0,0,0,0,0,0,0,0,0,trust_yes
12,0,6,0,0,0,0,0,0,0,0,0,0,0,0,0,trust_yes
7,0,6,0,0,0,0,0,0,0,0,0,0,0,0,0,trust_yes
1,0,1,0,0,0,0,0,0,0,0,0,0,0,0,0,trust_yes
1,0,1,0,0,0,0,0,0,0,0,0,0,0,0,0,trust_yes
18,0,16,0,0,0,0,0,0,0,0,0,0,0,0,0,trust_yes
7,0,13,0,0,0,0,0,0,0,0,0,0,0,0,0,trust_yes
19,0,13,0,0,0,0,0,0,0,0,0,0,0,0,0,trust_yes
20,0,15,0,0,0,0,0,0,0,0,0,0,0,0,0,trust_yes
1,0,1,0,0,0,0,0,0,0,0,0,0,0,0,0,trust_yes
0,0,0,0,0,0,0,0,0,0,0,0,0,0,0,0,trust_yes
1,0,0,0,0,0,0,0,0,0,0,0,0,0,0,0,trust_yes
3,0,2,0,0,0,0,0,0,0,0,0,0,0,0,0,trust_yes
0,0,0,0,0,0,0,0,0,0,0,0,0,0,0,0,trust_yes
136,0,48,0,1,0,1,0,0,0,2,0,0,0,0,0,trust_yes
23,0,5,0,0,0,0,0,0,0,0,0,0,0,0,0,trust_yes
35,1,32,0,0,0,0,0,0,1,7,0,0,0,0,0,trust_yes
14,0,14,0,0,0,0,0,0,0,0,0,0,0,0,0,trust_no
4,0,2,0,0,0,0,0,0,0,0,0,0,0,0,0,trust_no
30,1,26,0,0,0,0,0,0,0,3,0,0,0,0,0,trust_yes
2,0,2,0,0,0,0,0,0,0,0,0,0,0,0,0,trust_yes
1,0,1,0,0,0,0,0,0,0,0,0,0,0,0,0,trust_yes
3,0,10,0,0,0,0,0,0,0,0,0,0,0,0,0,trust_yes
7,0,4,0,0,0,0,0,0,0,0,0,0,0,0,0,trust_yes
2,0,0,0,0,0,0,0,0,0,0,0,0,0,0,0,trust_yes
0,0,0,0,0,0,0,0,0,0,0,0,0,0,0,0,trust_yes
1,0,1,0,0,0,0,0,0,0,0,0,0,0,0,0,trust_yes
35,0,16,0,0,0,0,0,0,0,0,0,0,0,0,0,trust_yes
3,0,3,0,0,0,0,0,0,0,0,0,0,0,0,0,trust_yes
1,0,0,0,0,0,0,0,0,0,0,0,0,0,0,0,trust_yes
4,0,0,0,0,0,0,0,0,0,0,0,0,0,0,0,trust_yes
5,0,5,0,0,0,0,0,0,0,0,0,0,0,0,0,trust_yes
3,0,0,0,0,0,0,0,0,0,0,0,0,0,0,0,trust_yes
6,0,1,0,0,0,0,0,0,0,0,0,0,0,0,0,trust_yes
2,0,3,0,0,0,0,0,0,0,0,0,0,0,0,0,trust_yes
8,0,1,0,0,0,0,0,0,0,0,0,0,0,0,0,trust_yes
7,0,5,0,0,0,0,0,0,0,0,0,0,0,0,0,trust_yes
0,0,0,0,0,0,0,0,0,0,0,0,0,0,0,0,trust_yes
14,0,0,0,0,0,0,0,0,0,0,0,0,0,0,0,trust_yes
1,0,0,0,0,0,0,0,0,0,0,0,0,0,0,0,trust_yes
0,0,0,0,0,0,0,0,0,0,0,0,0,0,0,0,trust_yes
16,0,54,0,0,0,0,0,0,0,10,0,0,0,0,0,trust_yes
6,0,12,0,0,0,0,0,0,0,0,0,0,0,0,0,trust_yes
4,0,2,0,0,0,0,0,0,0,0,0,0,0,0,0,trust_yes
1,0,3,0,0,0,0,0,0,0,0,0,0,0,0,0,trust_yes
4,0,4,0,0,0,0,0,0,0,0,0,0,0,0,0,trust_yes
4,0,1,0,0,0,0,0,0,0,0,0,0,0,0,0,trust_yes
6,0,17,0,0,0,0,0,0,0,0,0,0,0,0,0,trust_yes
13,0,18,0,0,0,0,0,0,0,0,0,0,0,0,0,trust_yes
15,0,33,0,0,0,0,0,0,0,0,0,0,0,0,0,trust_yes
16,0,28,0,0,0,0,0,0,0,1,0,0,0,0,0,trust_yes
0,0,0,0,0,0,0,0,0,0,0,0,0,0,0,0,trust_yes
7,0,5,0,0,0,0,0,0,0,0,0,0,0,0,0,trust_yes
115,1,120,0,0,0,0,0,0,1,29,0,0,0,0,0,trust_yes
20,0,35,0,0,0,0,0,0,0,11,0,0,0,0,0,trust_yes
43,0,7,0,0,0,0,0,0,0,1,0,0,0,0,0,trust_yes
0,0,1,0,0,0,0,0,0,0,0,0,0,0,0,0,trust_yes
27,0,5,0,0,0,0,0,0,0,0,0,0,0,0,0,trust_yes
46,1,46,0,0,0,0,0,0,1,3,0,0,0,0,0,trust_yes
0,0,0,0,0,0,0,0,0,0,0,0,0,0,0,0,trust_yes
37,0,14,0,0,0,0,0,0,0,13,0,0,0,0,0,trust_yes
4,0,2,0,0,0,0,0,0,0,0,0,0,0,0,0,trust_yes
1,0,1,0,0,0,0,0,0,0,0,0,0,0,0,0,trust_yes
15,0,4,0,0,0,0,0,0,0,1,0,0,0,0,0,trust_yes
5,0,3,0,0,0,0,0,0,0,0,0,0,0,0,0,trust_yes
3,0,2,0,0,0,0,0,0,0,5,0,0,0,0,0,trust_yes
14,0,7,0,0,0,0,0,0,0,0,0,0,0,0,0,trust_yes
3,2,1,0,0,0,0,0,0,0,0,0,0,0,0,0,trust_yes
2,0,2,0,0,0,0,0,0,0,0,0,0,0,0,0,trust_yes
130,0,29,0,0,0,0,0,0,0,1,0,0,0,0,0,trust_yes
0,0,0,0,0,0,0,0,0,0,0,0,0,0,0,0,trust_yes
2,0,1,0,0,0,0,0,0,0,0,0,0,0,0,0,trust_yes
5,0,5,0,0,0,0,0,0,0,2,0,0,0,0,0,trust_yes
1,0,1,0,0,0,0,0,0,0,0,0,0,0,0,0,trust_yes
1,0,1,0,0,0,0,0,0,0,0,0,0,0,0,0,trust_yes
2,0,1,0,0,0,0,0,0,0,0,0,0,0,0,0,trust_yes
0,0,0,0,0,0,0,0,0,0,0,0,0,0,0,0,trust_yes
18,0,9,0,0,0,0,0,0,0,0,0,0,0,0,0,trust_yes
167,0,22,0,0,0,0,0,0,0,17,0,0,0,0,0,trust_yes
2,0,0,0,0,0,0,0,0,0,0,0,0,0,0,0,trust_no
2,0,2,0,0,0,0,0,0,0,0,0,0,0,0,0,trust_yes
2,0,2,0,0,0,0,0,0,0,1,0,0,0,0,0,trust_yes
2,0,2,0,0,0,0,0,0,0,2,0,0,0,0,0,trust_yes
21,1,8,0,0,0,0,0,0,0,3,0,0,0,0,0,trust_yes
23,0,13,0,0,0,0,0,0,0,8,0,0,0,0,0,trust_yes
60,0,12,0,0,0,0,0,0,0,1,0,0,0,0,0,trust_yes
319,1,72,0,0,0,0,0,0,2,37,0,0,0,0,0,trust_yes
75,0,19,0,0,0,0,0,0,0,0,0,0,0,0,0,trust_yes
38,0,45,0,0,0,0,0,0,0,0,0,0,0,0,0,trust_yes
115,2,61,0,0,0,0,0,0,0,4,0,0,0,0,0,trust_yes
4,0,5,0,0,0,0,0,0,0,0,0,0,0,0,0,trust_yes
0,0,0,0,0,0,0,0,0,0,0,0,0,0,0,0,trust_yes
29,0,20,0,0,0,0,0,0,0,0,0,0,0,0,0,trust_yes
65,0,70,0,0,0,0,0,0,0,4,0,0,0,0,0,trust_yes
47,0,25,0,0,0,0,0,0,0,4,0,0,0,0,0,trust_yes
80,0,46,0,0,0,0,0,0,0,13,0,0,0,0,0,trust_yes
65,1,30,0,0,0,0,0,0,0,4,0,0,0,0,0,trust_yes
27,0,25,0,0,0,0,0,0,0,0,0,0,0,0,0,trust_yes
7,0,13,0,0,0,0,0,0,0,3,0,0,0,0,0,trust_yes
2,0,0,0,0,0,0,0,0,0,0,0,0,0,0,0,trust_yes
24,0,11,0,0,0,0,0,0,0,0,0,0,0,0,0,trust_no
39,1,29,0,0,0,0,0,0,0,2,0,0,0,0,0,trust_yes
49,0,31,0,0,0,0,0,0,1,24,0,0,0,0,0,trust_yes
5,0,5,0,0,0,0,0,0,0,0,0,0,0,0,0,trust_yes
56,0,43,0,1,0,1,0,0,0,62,0,0,0,0,0,trust_yes
4,1,0,0,0,0,0,0,0,0,0,0,0,0,0,0,trust_yes
62,0,65,0,0,0,0,0,0,0,2,0,0,0,0,0,trust_yes
11,1,1,0,0,0,0,0,0,0,1,0,0,0,0,0,trust_yes
7,0,5,0,0,0,0,0,0,0,0,0,0,0,0,0,trust_yes
109,1,77,0,0,0,0,0,0,0,2,0,0,0,0,0,trust_yes
1,0,0,0,0,0,0,0,0,0,0,0,0,0,0,0,trust_yes
48,1,44,0,0,0,0,0,0,0,8,0,0,0,0,0,trust_yes
36,0,19,0,0,0,0,0,0,0,5,0,0,0,0,0,trust_yes
16,0,19,0,0,0,0,0,0,0,7,0,0,0,0,0,trust_yes
66,1,41,0,0,0,0,0,0,1,1,0,0,0,0,0,trust_yes
1,0,2,0,0,0,0,0,0,0,0,0,0,0,0,0,trust_yes
3,0,2,0,0,0,0,0,0,0,0,0,0,0,0,0,trust_yes
59,1,30,0,0,0,0,0,0,0,2,0,0,0,0,0,trust_no
0,0,2,0,0,0,0,0,0,0,0,0,0,0,0,0,trust_yes
5,0,3,0,0,0,0,0,0,0,0,0,0,0,0,0,trust_yes
1,0,1,0,1,0,1,0,0,0,0,0,0,0,0,0,trust_yes
1,0,1,0,1,0,1,0,0,0,0,0,0,0,0,0,trust_yes
2,0,1,0,0,0,0,0,0,0,0,0,0,0,0,0,trust_yes
3,0,3,0,0,0,0,0,0,0,0,0,0,0,0,0,trust_yes
8,0,14,0,0,0,0,0,0,0,0,0,0,0,0,0,trust_yes
17,0,23,0,0,0,0,0,0,0,0,0,0,0,0,0,trust_yes
7,0,2,0,0,0,0,0,0,0,0,0,0,0,0,0,trust_yes
4,0,0,0,0,0,0,0,0,0,0,0,0,0,0,0,trust_yes
4,0,2,0,0,0,0,0,0,0,0,0,0,0,0,0,trust_yes
1,1,1,0,0,0,0,0,0,1,0,0,0,0,0,0,trust_yes
179,2,100,0,0,0,0,0,0,2,48,0,0,0,0,0,trust_yes
113,3,26,0,0,0,0,0,0,2,1,0,0,0,0,0,trust_yes
37,0,24,0,0,0,0,0,0,0,2,0,0,0,0,0,trust_yes
72,0,43,0,1,0,1,0,0,1,3,0,0,0,0,0,trust_yes
6,0,3,0,0,0,0,0,0,0,0,0,0,0,0,0,trust_yes
3,0,6,0,0,0,0,0,0,0,0,0,0,0,0,0,trust_yes
9,0,7,0,0,0,0,0,0,0,0,0,0,0,0,0,trust_yes
26,0,17,0,0,0,0,0,0,0,1,0,0,0,0,0,trust_yes
0,0,1,0,0,0,0,0,0,0,0,0,0,0,0,0,trust_yes
24,0,15,0,0,0,0,0,0,0,0,0,0,0,0,0,trust_yes
2,0,1,0,0,0,0,0,0,0,0,0,0,0,0,0,trust_yes
7,0,25,0,0,0,0,0,0,0,2,0,0,0,0,0,trust_yes
5,0,4,0,0,0,0,0,0,0,0,0,0,0,0,0,trust_yes
3,0,5,0,0,0,0,0,0,0,0,0,0,0,0,0,trust_yes
9,0,12,0,0,0,0,0,0,0,0,0,0,0,0,0,trust_yes
4,0,5,0,0,0,0,0,0,0,0,0,0,0,0,0,trust_yes
16,0,16,0,2,0,2,0,0,0,3,0,0,0,0,0,trust_yes
12,0,10,0,0,0,0,0,0,1,0,0,0,0,0,0,trust_yes
6,0,5,0,0,0,0,0,0,0,1,0,0,0,0,0,trust_yes
4,0,3,0,0,0,0,0,0,0,0,0,0,0,0,0,trust_yes
196,1,155,0,0,0,0,0,0,1,103,0,0,0,0,0,trust_yes
92,0,121,0,0,0,0,0,0,0,88,0,0,0,0,0,trust_yes
242,1,133,0,0,0,0,0,0,3,81,0,0,0,0,0,trust_yes
4,0,5,0,0,0,0,0,0,0,1,0,0,0,0,0,trust_yes
1,0,5,0,0,0,0,0,0,0,0,0,0,0,0,0,trust_yes
9,0,7,0,0,0,0,0,0,7,28,0,0,0,0,0,trust_yes
9,0,8,0,0,0,0,0,0,0,0,0,0,0,0,0,trust_yes
8,0,5,0,0,0,0,0,0,0,0,0,0,0,0,0,trust_yes
11,0,8,0,0,0,0,0,0,0,0,0,0,0,0,0,trust_yes
2,0,0,0,0,0,0,0,0,0,1,0,0,0,0,0,trust_yes
218,4,40,0,0,0,0,0,0,1,3,0,0,0,0,0,trust_yes
220,1,93,0,0,0,0,0,0,0,4,0,0,0,0,0,trust_yes
8,0,3,0,0,0,0,0,0,0,1,0,0,0,0,0,trust_yes
74,2,26,0,1,0,1,0,0,1,10,0,0,0,0,0,trust_yes
1,0,0,0,0,0,0,0,0,0,0,0,0,0,0,0,trust_yes
0,0,0,0,0,0,0,0,0,0,0,0,0,0,0,0,trust_yes
0,0,0,0,0,0,0,0,0,0,0,0,0,0,0,0,trust_yes
2,0,2,0,0,0,0,0,0,0,0,0,0,0,0,0,trust_yes
3,0,0,0,0,0,0,0,0,0,0,0,0,0,0,0,trust_yes
1,0,1,0,0,0,0,0,0,0,0,0,0,0,0,0,trust_yes
1,0,1,0,0,0,0,0,0,0,0,0,0,0,0,0,trust_yes
2,0,1,0,0,0,0,0,0,0,0,0,0,0,0,0,trust_yes
30,2,14,0,0,0,0,0,0,2,3,0,0,0,0,0,trust_yes
21,0,19,0,2,0,2,0,0,0,0,0,0,0,0,0,trust_yes
30,0,20,0,2,0,1,0,0,0,1,0,0,0,0,0,trust_yes
0,0,0,0,0,0,0,0,0,0,0,0,0,0,0,0,trust_yes
0,0,5,0,0,0,0,0,0,0,0,0,0,0,0,0,trust_yes
19,0,16,0,0,0,0,0,0,0,2,0,0,0,0,0,trust_yes
1,0,0,0,0,0,0,0,0,0,0,0,0,0,0,0,trust_yes
30,2,19,0,0,0,0,0,0,0,0,0,0,0,0,0,trust_yes
741,15,57,0,0,0,0,0,0,8,36,0,0,0,0,0,trust_yes
0,0,0,0,0,0,0,0,0,0,0,0,0,0,0,0,trust_yes
6,0,2,0,0,0,0,0,0,0,0,0,0,0,0,0,trust_yes
1,0,1,0,0,0,0,0,0,0,1,0,0,0,0,0,trust_yes
188,1,120,0,0,0,0,0,0,1,56,0,0,0,0,0,trust_yes
4,0,2,0,0,0,0,0,0,0,0,0,0,0,0,0,trust_yes
4,0,0,0,0,0,0,0,0,0,0,0,0,0,0,0,trust_yes
17,0,6,0,1,0,1,0,0,0,0,0,0,0,0,0,trust_yes
14,1,5,0,0,0,0,0,0,0,0,0,0,0,0,0,trust_yes
0,0,0,0,0,0,0,0,0,0,0,0,0,0,0,0,trust_yes
8,0,3,0,0,0,0,0,0,0,0,0,0,0,0,0,trust_yes
140,1,20,0,0,0,0,0,0,0,0,0,0,0,0,0,trust_yes
0,0,0,0,0,0,0,0,0,0,0,0,0,0,0,0,trust_yes
19,0,13,0,0,0,0,0,0,0,0,0,0,0,0,0,trust_yes
4,0,4,0,0,0,0,0,0,0,0,0,0,0,0,0,trust_yes
1,0,3,0,0,0,0,0,0,0,0,0,0,0,0,0,trust_yes
59,0,38,0,0,0,0,0,0,6,5,0,0,0,0,0,trust_yes
39,0,12,0,0,0,0,0,0,0,0,0,0,0,0,0,trust_yes
24,0,38,0,0,0,0,0,0,0,0,0,0,0,0,0,trust_yes
34,0,38,0,0,0,0,0,0,0,0,0,0,0,0,0,trust_yes
46,0,42,0,0,0,0,0,0,0,0,0,0,0,0,0,trust_yes
2,1,1,0,1,0,1,0,0,1,0,0,0,0,0,0,trust_yes
6,1,3,0,1,0,1,0,0,1,0,0,0,0,0,0,trust_yes
19,2,23,0,1,0,1,0,0,1,0,0,0,0,0,0,trust_yes
31,2,28,0,1,0,1,0,0,1,0,0,0,0,0,0,trust_yes
20,1,4,0,0,0,0,0,0,1,4,0,0,0,0,0,trust_yes
63,1,35,0,0,0,0,0,0,0,1,0,0,0,0,0,trust_yes
8,0,16,0,1,0,1,0,0,0,0,0,0,0,0,0,trust_yes
22,0,21,0,0,0,0,0,0,0,1,0,0,0,0,0,trust_yes
2,0,2,0,0,0,0,0,0,0,0,0,0,0,0,0,trust_yes
35,0,23,0,0,0,0,0,0,0,0,0,0,0,0,0,trust_yes
25,0,8,0,0,0,0,0,0,0,2,0,0,0,0,0,trust_yes
3,0,4,0,0,0,0,0,0,0,0,0,0,0,0,0,trust_yes
26,0,8,0,1,0,1,0,0,1,1,0,0,0,0,0,trust_yes
32,0,15,0,0,0,0,0,0,0,1,0,0,0,0,0,trust_yes
8,0,9,0,0,0,0,0,0,0,0,0,0,0,0,0,trust_yes
40,0,45,0,0,0,0,0,0,0,2,0,0,0,0,0,trust_yes
110,1,10,0,0,0,0,0,0,1,2,0,0,0,0,0,trust_yes
0,0,0,0,0,0,0,0,0,0,0,0,0,0,0,0,trust_yes
12,1,1,0,0,0,0,0,0,0,0,0,0,0,0,0,trust_yes
72,0,24,0,0,0,0,0,0,0,1,0,0,0,0,0,trust_yes
5,0,1,0,0,0,0,0,0,1,0,0,0,0,0,0,trust_yes
0,0,0,0,0,0,0,0,0,0,0,0,0,0,0,0,trust_yes
0,0,0,0,0,0,0,0,0,0,0,0,0,0,0,0,trust_yes
1,0,1,0,0,0,0,0,0,0,0,0,0,0,0,0,trust_yes
4,0,0,0,0,0,0,0,0,0,0,0,0,0,0,0,trust_yes
98,2,64,0,0,0,0,0,0,0,0,0,0,0,0,0,trust_yes
1,0,0,0,0,0,0,0,0,0,0,0,0,0,0,0,trust_yes
460,9,103,0,0,0,0,0,0,7,5,0,0,0,0,0,trust_yes
19,1,12,0,0,0,0,0,0,0,0,0,0,0,0,0,trust_yes
13,0,11,0,0,0,0,0,0,0,0,0,0,0,0,0,trust_yes
10,0,10,0,0,0,0,0,0,0,0,0,0,0,0,0,trust_yes
22,1,0,0,0,0,0,0,0,0,0,0,0,0,0,0,trust_yes
25,0,9,0,0,0,0,0,0,0,0,0,0,0,0,0,trust_yes
1,0,1,0,0,0,0,0,0,0,0,0,0,0,0,0,trust_yes
36,4,10,0,0,0,0,0,0,0,0,0,0,0,0,0,trust_yes
97,2,67,0,0,0,0,0,0,100,96,0,0,0,0,0,trust_yes
16,1,1,0,0,0,0,0,0,1,0,0,0,0,0,0,trust_yes
11,0,10,0,0,0,0,0,0,0,0,0,0,0,0,0,trust_yes
0,0,0,0,0,0,0,0,0,0,0,0,0,0,0,0,trust_yes
38,1,32,0,0,0,0,0,0,0,0,0,0,0,0,0,trust_yes
5,0,4,0,0,0,0,0,0,0,0,0,0,0,0,0,trust_yes
3,0,3,0,0,0,0,0,0,0,0,0,0,0,0,0,trust_yes
13,0,10,0,0,0,0,0,0,0,0,0,0,0,0,0,trust_yes
16,0,7,0,0,0,0,0,0,0,0,0,0,0,0,0,trust_yes
50,0,26,0,0,0,0,0,0,0,0,0,0,0,0,0,trust_yes
26,1,14,0,0,0,0,0,0,0,0,0,0,0,0,0,trust_yes
8,0,7,0,0,0,0,0,0,0,0,0,0,0,0,0,trust_yes
1,0,1,0,0,0,0,0,0,0,0,0,0,0,0,0,trust_yes
22,1,11,0,0,0,0,0,0,1,0,0,0,0,0,0,trust_yes
105,0,45,0,1,0,1,0,0,1,2,0,0,0,0,0,trust_yes
57,1,23,0,0,0,0,0,0,1,3,0,0,0,0,0,trust_yes
69,1,76,0,0,0,1,0,0,1,13,0,0,0,0,0,trust_yes
24,0,1,0,0,0,0,0,0,0,1,0,0,0,0,0,trust_yes
0,0,0,0,0,0,0,0,0,0,0,0,0,0,0,0,trust_yes
51,2,22,0,0,0,0,0,0,5,1,0,0,0,0,0,trust_yes
16,3,1,0,0,0,0,0,0,1,0,0,0,0,0,0,trust_yes
0,0,0,0,0,0,0,0,0,0,0,0,0,0,0,0,trust_yes
0,0,0,0,0,0,0,0,0,0,0,0,0,0,0,0,trust_yes
13,0,12,0,0,0,0,0,0,0,0,0,0,0,0,0,trust_yes
15,0,4,0,0,0,0,0,0,0,0,0,0,0,0,0,trust_yes
16,1,6,0,0,0,0,0,0,0,0,0,0,0,0,0,trust_yes
0,0,0,0,0,0,0,0,0,0,0,0,0,0,0,0,trust_yes
17,1,4,0,0,0,0,0,0,0,0,0,0,0,0,0,trust_yes
27,4,7,0,0,0,0,0,0,1,0,0,0,0,0,0,trust_yes
0,0,0,0,0,0,0,0,0,0,0,0,0,0,0,0,trust_yes
7,0,6,0,0,0,0,0,0,0,0,0,0,0,0,0,trust_yes
10,0,4,0,0,0,0,0,0,1,0,0,0,0,0,0,trust_yes
9,0,3,0,0,0,0,0,0,0,0,0,0,0,0,0,trust_yes
10,0,11,0,0,0,0,0,0,0,0,0,0,0,0,0,trust_yes
18,1,9,0,0,0,0,0,0,0,0,0,0,0,0,0,trust_yes
3,0,2,0,0,0,0,0,0,0,0,0,0,0,0,0,trust_yes
8,1,5,0,0,0,0,0,0,0,0,0,0,0,0,0,trust_yes
8,0,5,0,0,0,0,0,0,0,0,0,0,0,0,0,trust_yes
3,1,3,0,0,0,0,0,0,0,1,0,0,0,0,0,trust_yes
1,0,1,0,0,0,0,0,0,0,0,0,0,0,0,0,trust_yes
4,0,0,0,0,0,0,0,0,0,0,0,0,0,0,0,trust_yes
5,0,3,0,0,0,0,0,0,0,0,0,0,0,0,0,trust_yes
1,0,2,0,0,0,0,0,0,1,0,0,0,0,0,0,trust_yes
0,0,0,0,0,0,0,0,0,0,0,0,0,0,0,0,trust_yes
4,0,1,0,0,0,0,0,0,0,0,0,0,0,0,0,trust_yes
3,0,2,0,0,0,0,0,0,0,0,0,0,0,0,0,trust_yes
35,3,32,0,0,0,0,0,0,1,0,0,0,0,0,0,trust_yes
5,1,5,0,0,0,0,0,0,0,0,0,0,0,0,0,trust_yes
0,0,0,0,0,0,0,0,0,0,0,0,0,0,0,0,trust_yes
0,0,0,0,0,0,0,0,0,0,0,0,0,0,0,0,trust_yes
3,0,1,0,0,0,0,0,0,0,0,0,0,0,0,0,trust_yes
6,0,2,0,0,0,0,0,0,0,0,0,0,0,0,0,trust_yes
35,7,2,0,0,0,0,0,0,5,2,0,0,0,0,0,trust_yes
5,0,4,0,0,0,0,0,0,0,0,0,0,0,0,0,trust_yes
0,0,1,0,0,0,0,0,0,0,0,0,0,0,0,0,trust_yes
2,1,1,0,0,0,0,0,0,0,0,0,0,0,0,0,trust_yes
3,0,2,0,0,0,0,0,0,0,0,0,0,0,0,0,trust_yes
0,0,0,0,0,0,0,0,0,0,0,0,0,0,0,0,trust_yes
6,0,5,0,0,0,0,0,0,0,0,0,0,0,0,0,trust_yes
2,0,6,0,0,0,0,0,0,0,0,0,0,0,0,0,trust_yes
2,0,2,0,0,0,0,0,0,0,0,0,0,0,0,0,trust_yes
10,0,4,0,0,0,0,0,0,0,0,0,0,0,0,0,trust_yes
2,0,5,0,0,0,0,0,0,0,0,0,0,0,0,0,trust_yes
2,0,0,0,0,0,0,0,0,0,0,0,0,0,0,0,trust_yes
0,0,0,0,0,0,0,0,0,0,0,0,0,0,0,0,trust_yes
5,1,0,0,0,0,0,0,0,0,0,0,0,0,0,0,trust_yes
3,1,0,0,0,0,0,0,0,0,0,0,0,0,0,0,trust_yes
4,0,2,0,0,0,0,0,0,0,0,0,0,0,0,0,trust_yes
3,0,1,0,0,0,0,0,0,0,0,0,0,0,0,0,trust_yes
0,0,0,0,0,0,0,0,0,0,0,0,0,0,0,0,trust_yes
1,0,0,0,0,0,0,0,0,0,0,0,0,0,0,0,trust_yes
0,0,0,0,0,0,0,0,0,0,0,0,0,0,0,0,trust_yes
222,1,41,0,0,0,0,0,0,6,19,0,0,0,0,0,trust_yes
0,0,1,0,0,0,0,0,0,0,0,0,0,0,0,0,trust_yes
14,0,12,0,0,0,0,0,0,0,4,0,0,0,0,0,trust_yes
1,0,0,0,0,0,0,0,0,0,0,0,0,0,0,0,trust_yes
1,0,0,0,0,0,0,0,0,0,0,0,0,0,0,0,trust_yes
4,0,3,0,0,0,0,0,0,0,0,0,0,0,0,0,trust_yes
0,0,0,0,0,0,0,0,0,0,0,0,0,0,0,0,trust_yes
3,1,1,0,0,0,0,0,0,0,0,0,0,0,0,0,trust_yes
28,1,9,0,0,0,0,0,0,1,1,0,0,0,0,0,trust_yes
4,0,3,0,0,0,0,0,0,0,0,0,0,0,0,0,trust_yes
7,0,5,0,0,0,0,0,0,0,0,0,0,0,0,0,trust_yes
1,0,1,0,0,0,0,0,0,0,0,0,0,0,0,0,trust_yes
95,0,43,0,0,0,0,0,0,0,2,0,0,0,0,0,trust_yes
85,0,65,0,0,0,0,0,0,0,5,0,0,0,0,0,trust_yes
0,0,0,0,0,0,0,0,0,0,0,0,0,0,0,0,trust_yes
3,0,1,0,0,0,0,0,0,0,0,0,0,0,0,0,trust_yes
72,0,52,0,0,0,0,0,0,0,15,0,0,0,0,0,trust_yes
45,1,27,0,0,0,0,0,0,1,5,0,0,0,0,0,trust_yes
0,0,0,0,0,0,0,0,0,1,0,0,0,0,0,0,trust_yes
41,0,21,0,0,0,0,0,0,0,0,0,0,0,0,0,trust_yes
1,0,0,0,0,0,0,0,0,0,4,0,0,0,0,0,trust_yes
6,0,3,0,0,0,0,0,0,0,0,0,0,0,0,0,trust_yes
80,0,23,0,0,0,0,0,0,0,0,0,0,0,0,0,trust_yes
59,0,32,0,0,0,0,0,0,0,0,0,0,0,0,0,trust_yes
57,3,33,0,0,0,0,0,0,1,0,0,0,0,0,0,trust_yes
41,0,18,0,0,0,0,0,0,0,0,0,0,0,0,0,trust_yes
37,0,34,0,0,0,0,0,0,0,0,0,0,0,0,0,trust_yes
36,0,34,0,0,0,0,0,0,0,0,0,0,0,0,0,trust_yes
39,0,12,0,0,0,0,0,0,0,0,0,0,0,0,0,trust_yes
8,0,1,0,0,0,0,0,0,0,0,0,0,0,0,0,trust_yes
1,0,0,0,0,0,0,0,0,0,0,0,0,0,0,0,trust_yes
1,0,0,0,0,0,0,0,0,0,0,0,0,0,0,0,trust_yes
30,0,10,0,0,0,0,0,0,0,0,0,0,0,0,0,trust_yes
6,0,1,0,0,0,0,0,0,0,0,0,0,0,0,0,trust_yes
15,0,18,0,2,0,2,0,0,0,7,0,0,0,0,0,trust_yes
8,0,7,0,0,0,0,0,0,0,0,0,0,0,0,0,trust_yes
5,1,6,0,0,0,0,0,0,0,0,0,0,0,0,0,trust_yes
0,0,0,0,0,0,0,0,0,0,0,0,0,0,0,0,trust_yes
73,0,104,0,0,0,0,0,0,0,1,0,0,0,0,0,trust_yes
19,0,17,0,0,0,0,0,0,0,2,0,0,0,0,0,trust_yes
14,0,12,0,0,0,0,0,0,0,1,0,0,0,0,0,trust_yes
1,0,0,0,0,0,0,0,0,0,0,0,0,0,0,0,trust_yes
21,0,11,0,0,0,0,0,0,0,1,0,0,0,0,0,trust_yes
22,0,17,0,0,0,0,0,0,0,0,0,0,0,0,0,trust_yes
23,0,20,0,0,0,0,0,0,0,0,0,0,0,0,0,trust_yes
29,0,9,0,0,0,0,0,0,0,6,0,0,0,0,0,trust_yes
124,1,18,0,0,0,0,0,0,1,13,0,0,0,0,0,trust_yes
101,0,4,0,0,0,0,0,0,0,2,0,0,0,0,0,trust_yes
6,0,5,0,0,0,0,0,0,0,0,0,0,0,0,0,trust_yes
1,0,0,0,0,0,0,0,0,0,0,0,0,0,0,0,trust_yes
51,0,14,0,0,0,1,0,0,0,9,0,0,0,0,0,trust_yes
23,0,26,0,0,0,0,0,0,0,0,0,0,0,0,0,trust_yes
10,0,21,0,0,0,0,0,0,0,11,0,0,0,0,0,trust_yes
0,0,0,0,0,0,0,0,0,0,0,0,0,0,0,0,trust_yes
22,0,5,0,1,0,1,0,0,1,0,0,0,0,0,0,trust_yes
3,0,2,0,0,0,0,0,0,0,0,0,0,0,0,0,trust_yes
9,0,4,0,0,0,0,0,0,0,0,0,0,0,0,0,trust_yes
40,0,29,0,0,0,0,0,0,0,0,0,0,0,0,0,trust_yes
8,0,4,0,0,0,0,0,0,0,0,0,0,0,0,0,trust_yes
1,0,1,0,0,0,0,0,0,0,0,0,0,0,0,0,trust_yes
0,0,0,0,0,0,0,0,0,0,0,0,0,0,0,0,trust_yes
9,0,5,0,0,0,0,0,0,0,0,0,0,0,0,0,trust_yes
0,0,0,0,0,0,0,0,0,0,0,0,0,0,0,0,trust_yes
70,2,26,0,1,0,1,0,0,1,5,0,0,0,0,0,trust_yes
29,0,12,0,0,0,0,0,0,0,1,0,0,0,0,0,trust_yes
16,0,29,0,0,0,0,0,0,0,1,0,0,0,0,0,trust_yes
2,0,0,0,0,0,0,0,0,0,0,0,0,0,0,0,trust_yes
19,0,29,0,0,0,0,0,0,0,0,0,0,0,0,0,trust_yes
24,0,21,0,2,0,2,0,0,0,1,0,0,0,0,0,trust_yes
20,0,19,0,2,0,2,0,0,0,1,0,0,0,0,0,trust_yes
33,0,32,0,3,0,3,0,0,0,1,0,0,0,0,0,trust_yes
1,0,1,0,0,0,0,0,0,0,0,0,0,0,0,0,trust_yes
1,0,1,0,0,0,0,0,0,0,0,0,0,0,0,0,trust_yes
6,0,9,0,0,0,0,0,0,0,1,0,0,0,0,0,trust_yes
1,0,1,0,0,0,0,0,0,0,0,0,0,0,0,0,trust_yes
2,0,1,0,0,0,0,0,0,0,0,0,0,0,0,0,trust_yes
0,0,0,0,0,0,0,0,0,0,0,0,0,0,0,0,trust_yes
50,1,16,0,0,0,0,0,0,0,1,0,0,0,0,0,trust_yes
8,0,12,0,0,0,0,0,0,0,0,0,0,0,0,0,trust_yes
12,0,12,0,0,0,0,0,0,0,0,0,0,0,0,0,trust_yes
10,0,4,0,0,0,0,0,0,0,0,0,0,0,0,0,trust_yes
21,0,19,0,0,0,0,0,0,0,0,0,0,0,0,0,trust_yes
11,0,5,0,1,0,1,0,0,0,0,0,0,0,0,0,trust_yes
6,0,1,0,0,0,0,0,0,0,0,0,0,0,0,0,trust_yes
3,0,1,0,0,0,0,0,0,0,0,0,0,0,0,0,trust_yes
7,0,7,0,0,0,0,0,0,0,0,0,0,0,0,0,trust_yes
96,0,20,0,0,0,0,0,0,0,0,0,0,0,0,0,trust_yes
3,0,1,0,0,0,0,0,0,0,0,0,0,0,0,0,trust_yes
170,2,49,0,0,0,0,0,0,6,52,0,0,0,0,0,trust_yes
14,0,20,0,0,0,0,0,0,0,49,0,0,0,0,0,trust_yes
3,0,8,0,0,0,0,0,0,0,0,0,0,0,0,0,trust_yes
13,0,18,0,0,0,0,0,0,0,0,0,0,0,0,0,trust_yes
2,0,0,0,0,0,0,0,0,0,0,0,0,0,0,0,trust_no
8,1,1,0,0,0,0,0,0,0,0,0,0,0,0,0,trust_no
36,4,30,0,0,0,0,0,0,1,0,0,0,0,0,0,trust_yes
1,1,0,0,0,0,0,0,0,1,0,0,0,0,0,0,trust_no
0,0,0,0,0,0,0,0,0,0,0,0,0,0,0,0,trust_no
0,0,0,0,0,0,0,0,0,0,0,0,0,0,0,0,trust_no
0,0,0,0,0,0,0,0,0,0,0,0,0,0,0,0,trust_no
9,3,1,0,1,0,1,0,0,4,0,0,0,0,0,0,trust_no
2,0,1,0,1,0,1,0,0,0,0,0,0,0,0,0,trust_no
6,3,1,0,2,0,1,0,0,2,0,0,0,0,0,0,trust_no
31,2,2,0,0,0,0,0,0,1,0,0,0,0,0,0,trust_no
3,0,3,0,0,0,0,0,0,0,0,0,0,0,0,0,trust_no
10,0,11,0,0,0,1,0,0,0,0,0,0,0,0,0,trust_no
17,3,7,0,1,0,0,0,0,1,0,0,0,0,0,0,trust_no
4,0,4,0,0,0,0,0,0,0,0,0,0,0,0,0,trust_no
3,0,1,0,2,0,2,0,0,0,0,0,0,0,0,0,trust_no
2,1,2,0,1,0,1,0,0,1,0,0,0,0,0,0,trust_no
3,0,2,0,1,0,1,0,0,0,0,0,0,0,0,0,trust_no
1,1,0,0,0,0,0,0,0,1,0,0,0,0,0,0,trust_no
0,1,0,0,0,0,0,0,0,2,0,0,0,0,0,0,trust_no
8,0,6,0,0,0,0,0,0,0,0,0,0,0,0,0,trust_no
0,0,0,0,0,0,0,0,0,0,0,0,0,0,0,0,trust_no
70,1,52,0,0,0,0,0,0,0,16,0,0,0,0,0,trust_yes
29,0,3,0,0,0,0,0,0,0,2,0,0,0,0,0,trust_yes
4,0,3,0,0,0,0,0,0,0,0,0,0,0,0,0,trust_yes
5,0,6,0,0,0,0,0,0,0,0,0,0,0,0,0,trust_yes
69,0,58,0,0,0,0,0,0,0,0,0,0,0,0,0,trust_yes
21,0,30,0,0,0,0,0,0,0,1,0,0,0,0,0,trust_yes
19,0,6,0,0,0,0,0,0,0,3,0,0,0,0,0,trust_yes
38,1,18,0,0,0,0,0,0,0,0,0,0,0,0,0,trust_yes
88,1,23,0,0,0,0,0,0,1,11,0,0,0,0,0,trust_yes
14,0,11,0,0,0,0,0,0,0,14,0,0,0,0,0,trust_yes
1,0,0,0,0,0,0,0,0,0,0,0,0,0,0,0,trust_yes
46,0,64,0,0,0,0,0,0,0,12,0,0,0,0,0,trust_yes
4,1,0,0,0,0,0,0,0,0,0,0,0,0,0,0,trust_yes
154,2,89,0,0,0,0,0,0,9,10,0,0,0,0,0,trust_yes
2,1,0,0,0,0,0,0,0,0,0,0,0,0,0,0,trust_yes
29,0,19,0,1,0,1,0,0,0,0,0,0,0,0,0,trust_yes
0,0,0,0,0,0,0,0,0,0,0,0,0,0,0,0,trust_no
0,1,0,0,0,0,0,0,0,1,0,0,0,0,0,0,trust_no
0,0,0,0,0,0,0,0,0,0,0,0,0,0,0,0,trust_no
0,0,0,0,0,0,0,0,0,0,0,0,0,0,0,0,trust_no
2,0,0,0,0,0,0,0,0,1,0,0,0,0,0,0,trust_no
0,0,0,0,0,0,0,0,0,0,0,0,0,0,0,0,trust_no
0,0,0,0,0,0,0,0,0,0,0,0,0,0,0,0,trust_no
1,0,1,0,0,0,0,0,0,0,0,0,0,0,0,0,trust_no
0,0,0,0,0,0,0,0,0,0,0,0,0,0,0,0,trust_no
0,1,0,0,0,0,0,0,0,1,0,0,0,0,0,0,trust_no
0,1,0,0,0,0,0,0,0,1,0,0,0,0,0,0,trust_no
1,1,0,0,0,0,0,0,0,0,0,0,0,0,0,0,trust_no
0,2,0,0,0,0,0,0,0,1,0,0,0,0,0,0,trust_no
0,0,0,0,0,0,0,0,0,0,0,0,0,0,0,0,trust_no
0,1,0,0,0,0,0,0,0,1,0,0,0,0,0,0,trust_no
1,1,0,0,0,0,0,0,0,1,0,0,0,0,0,0,trust_no
0,1,0,0,0,0,0,0,0,0,0,0,0,0,0,0,trust_no
0,0,0,0,0,0,0,0,0,0,0,0,0,0,0,0,trust_no
1,0,0,0,0,0,0,0,0,0,0,0,0,0,0,0,trust_no
0,0,0,0,0,0,0,0,0,0,0,0,0,0,0,0,trust_no
0,0,0,0,0,0,0,0,0,0,0,0,0,0,0,0,trust_no
0,0,0,0,0,0,0,0,0,0,0,0,0,0,0,0,trust_no
0,0,0,0,0,0,0,0,0,0,0,0,0,0,0,0,trust_no
0,0,0,0,0,0,0,0,0,0,0,0,0,0,0,0,trust_no
0,0,0,0,0,0,0,0,0,0,0,0,0,0,0,0,trust_no
0,0,0,0,0,0,0,0,0,0,0,0,0,0,0,0,trust_no
0,0,0,0,0,0,0,0,0,0,0,0,0,0,0,0,trust_no
0,0,0,0,0,0,0,0,0,0,0,0,0,0,0,0,trust_no
0,1,0,0,0,0,0,0,0,1,0,0,0,0,0,0,trust_no
6,0,5,0,0,0,0,0,0,0,0,0,0,0,0,0,trust_no
0,0,0,0,0,0,0,0,0,0,0,0,0,0,0,0,trust_no
2,0,0,0,0,0,0,0,0,0,0,0,0,0,0,0,trust_no
2,0,0,0,0,0,0,0,0,0,0,0,0,0,0,0,trust_no
0,0,0,0,0,0,0,0,0,0,0,0,0,0,0,0,trust_no
4,0,1,0,0,0,0,0,0,0,0,0,0,0,0,0,trust_no
0,0,0,0,0,0,0,0,0,0,0,0,0,0,0,0,trust_no
19,0,4,0,0,0,0,0,0,0,0,0,0,0,0,0,trust_no
0,0,0,0,0,0,0,0,0,0,0,0,0,0,0,0,trust_no
0,0,0,0,0,0,0,0,0,0,0,0,0,0,0,0,trust_no
1,0,0,0,0,0,0,0,0,0,0,0,0,0,0,0,trust_no
1,0,0,0,0,0,0,0,0,0,0,0,0,0,0,0,trust_no
0,1,0,0,0,0,0,0,0,0,0,0,0,0,0,0,trust_no
0,0,0,0,0,0,0,0,0,0,0,0,0,0,0,0,trust_no
0,0,0,0,0,0,0,0,0,0,0,0,0,0,0,0,trust_no
1,0,0,0,0,0,0,0,0,0,0,0,0,0,0,0,trust_no
0,0,0,0,0,0,0,0,0,0,0,0,0,0,0,0,trust_no
1,0,0,0,0,0,0,0,0,0,0,0,0,0,0,0,trust_no
0,1,0,0,0,0,0,0,0,1,0,0,0,0,0,0,trust_no
3,1,1,0,0,0,0,0,0,0,0,0,0,0,0,0,trust_no
0,0,0,0,0,0,0,0,0,0,0,0,0,0,0,0,trust_no
0,0,0,0,0,0,1,0,0,0,0,0,0,0,0,0,trust_no
0,0,0,0,1,0,0,0,0,0,0,0,0,0,0,0,trust_no
2,0,0,0,0,0,0,0,0,0,0,0,0,0,0,0,trust_no
0,0,0,0,0,0,0,0,0,0,0,0,0,0,0,0,trust_no
2,1,1,0,0,0,0,0,0,0,0,0,0,0,0,0,trust_no
2,0,0,0,0,0,0,0,0,0,0,0,0,0,0,0,trust_no
0,0,0,0,0,0,0,0,0,0,0,0,0,0,0,0,trust_no
5,1,0,0,0,0,0,0,0,1,0,0,0,0,0,0,trust_no
0,0,0,0,0,0,0,0,0,0,0,0,0,0,0,0,trust_no
0,0,0,0,0,0,0,0,0,0,0,0,0,0,0,0,trust_no
0,0,0,0,0,0,0,0,0,0,0,0,0,0,0,0,trust_no
0,0,0,0,0,0,0,0,0,0,0,0,0,0,0,0,trust_no
0,0,0,0,0,0,0,0,0,0,0,0,0,0,0,0,trust_no
2,1,0,0,0,0,0,0,0,1,0,0,0,0,0,0,trust_no
4,1,3,0,0,0,0,0,0,0,0,0,0,0,0,0,trust_no
0,0,0,0,0,0,0,0,0,0,0,0,0,0,0,0,trust_no
1,2,0,0,0,0,0,0,0,1,0,0,0,0,0,0,trust_no
0,0,0,0,0,0,0,0,0,0,0,0,0,0,0,0,trust_no
5,0,6,0,0,0,0,0,0,0,0,0,0,0,0,0,trust_no
4,0,5,0,0,0,0,0,0,0,0,0,0,0,0,0,trust_no
0,0,0,0,1,0,1,0,0,0,0,0,0,0,0,0,trust_no
0,0,0,0,1,0,1,0,0,0,0,0,0,0,0,0,trust_no
0,0,0,0,0,0,0,0,0,0,0,0,0,0,0,0,trust_no
1,0,0,0,0,0,0,0,0,0,0,0,0,0,0,0,trust_no
0,0,0,0,0,0,0,0,0,0,0,0,0,0,0,0,trust_no
1,0,0,0,0,0,0,0,0,0,0,0,0,0,0,0,trust_no
0,0,0,0,0,0,0,0,0,0,0,0,0,0,0,0,trust_no
20,8,0,0,0,0,0,0,0,6,0,0,0,0,0,0,trust_no
14,4,0,0,0,0,0,0,0,4,0,0,0,0,0,0,trust_no
0,0,0,0,0,0,0,0,0,0,0,0,0,0,0,0,trust_no
4,0,4,0,0,0,0,0,0,0,0,0,0,0,0,0,trust_no
1,0,0,0,0,0,0,0,0,0,0,0,0,0,0,0,trust_no
9,1,9,0,0,0,0,0,0,0,0,0,0,0,0,0,trust_no
13,0,7,0,0,0,0,0,0,0,0,0,0,0,0,0,trust_no
2,0,0,0,0,0,0,0,0,1,0,0,0,0,0,0,trust_no
0,0,0,0,0,0,0,0,0,0,0,0,0,0,0,0,trust_no
1,0,0,0,0,0,0,0,0,0,0,0,0,0,0,0,trust_no
1,0,0,0,0,0,0,0,0,0,0,0,0,0,0,0,trust_no
0,0,0,0,0,0,0,0,0,0,0,0,0,0,0,0,trust_no
3,0,0,0,0,0,0,0,0,0,0,0,0,0,0,0,trust_no
10,0,9,0,0,0,0,0,0,0,0,0,0,0,0,0,trust_no
0,0,0,0,0,0,0,0,0,0,0,0,0,0,0,0,trust_no
1,0,0,0,0,0,0,0,0,0,0,0,0,0,0,0,trust_no
0,0,0,0,0,0,0,0,0,0,0,0,0,0,0,0,trust_no
0,0,0,0,0,0,0,0,0,0,0,0,0,0,0,0,trust_no
5,0,1,0,0,0,0,0,0,0,0,0,0,0,0,0,trust_no
0,0,0,0,0,0,0,0,0,0,0,0,0,0,0,0,trust_no
22,0,0,0,0,0,0,0,0,1,0,0,0,0,0,0,trust_no
4,3,0,0,0,0,0,0,0,1,0,0,0,0,0,0,trust_no
11,8,0,0,0,0,0,0,0,12,0,0,0,0,0,0,trust_no
9,0,4,0,0,0,0,0,0,1,0,0,0,0,0,0,trust_no
1,0,0,0,0,0,0,0,0,0,0,0,0,0,0,0,trust_no
0,0,0,0,0,0,0,0,0,0,0,0,0,0,0,0,trust_no
14,4,0,0,0,0,0,0,0,13,0,0,0,0,0,0,trust_no
0,0,0,0,0,0,0,0,0,0,0,0,0,0,0,0,trust_no
1,0,0,0,0,0,0,0,0,0,0,0,0,0,0,0,trust_no
0,0,0,0,0,0,0,0,0,0,0,0,0,0,0,0,trust_no
1,0,1,0,0,0,0,0,0,0,0,0,0,0,0,0,trust_no
3,0,1,0,0,0,0,0,0,0,0,0,0,0,0,0,trust_no
1,0,1,0,0,0,0,0,0,0,0,0,0,0,0,0,trust_no
1,0,1,0,0,0,0,0,0,0,0,0,0,0,0,0,trust_no
0,0,0,0,0,0,0,0,0,0,0,0,0,0,0,0,trust_no
0,0,0,0,0,0,0,0,0,0,0,0,0,0,0,0,trust_no
1,0,1,0,0,0,0,0,0,0,0,0,0,0,0,0,trust_no
0,0,0,0,0,0,0,0,0,0,0,0,0,0,0,0,trust_no
1,0,0,0,0,0,0,0,0,0,0,0,0,0,0,0,trust_no
1,0,0,0,0,0,0,0,0,4,0,0,0,0,0,0,trust_no
1,0,0,0,0,0,0,0,0,0,0,0,0,0,0,0,trust_no
4,0,4,0,0,0,0,0,0,0,0,0,0,0,0,0,trust_no
7,1,2,0,1,0,1,0,0,0,0,0,0,0,0,0,trust_no
0,0,0,0,0,0,0,0,0,0,0,0,0,0,0,0,trust_no
2,0,1,0,0,0,0,0,0,0,0,0,0,0,0,0,trust_no
0,0,0,0,0,0,0,0,0,0,0,0,0,0,0,0,trust_no
0,0,0,0,0,0,0,0,0,0,0,0,0,0,0,0,trust_no
0,0,0,0,0,0,0,0,0,0,0,0,0,0,0,0,trust_no
0,2,0,0,0,0,0,0,0,1,0,0,0,0,0,0,trust_no
1,2,0,0,0,0,0,0,0,2,0,0,0,0,0,0,trust_no
1,1,0,0,0,0,0,0,0,0,0,0,0,0,0,0,trust_no
17,5,3,0,3,0,3,0,0,6,0,0,0,0,0,0,trust_no
6,2,1,0,0,0,0,0,0,0,0,0,0,0,0,0,trust_no
1,0,0,0,0,0,0,0,0,2,0,0,0,0,0,0,trust_no
14,1,8,0,0,0,0,0,0,0,0,0,0,0,0,0,trust_no
9,0,6,0,0,0,0,0,0,0,0,0,0,0,0,0,trust_no
6,0,2,0,0,0,0,0,0,0,0,0,0,0,0,0,trust_no
1,0,0,0,0,0,0,0,0,0,0,0,0,0,0,0,trust_no
15,5,0,0,0,0,0,0,0,3,0,0,0,0,0,0,trust_no
18,10,0,0,0,0,0,0,0,8,0,0,0,0,0,0,trust_no
12,0,0,0,0,0,0,0,0,2,0,0,0,0,0,0,trust_no
2,0,1,0,0,0,0,0,0,0,0,0,0,0,0,0,trust_no
1,0,0,0,0,0,0,0,0,0,0,0,0,0,0,0,trust_no
1,1,0,0,0,0,0,0,0,0,0,0,0,0,0,0,trust_no
29,18,1,0,0,0,0,0,0,7,0,0,0,0,0,0,trust_no
9,0,0,0,0,0,0,0,0,0,0,0,0,0,0,0,trust_no
40,5,4,0,0,0,0,0,0,1,0,0,0,0,0,0,trust_no
38,9,6,0,1,0,1,0,0,3,0,0,0,0,0,0,trust_no
6,2,7,0,1,0,1,0,0,1,0,0,0,0,0,0,trust_no
1,0,0,0,0,0,0,0,0,0,0,0,0,0,0,0,trust_no
5,0,0,0,0,0,0,0,0,0,0,0,0,0,0,0,trust_no
0,0,0,0,0,0,0,0,0,0,0,0,0,0,0,0,trust_no
1,0,0,0,0,0,0,0,0,0,0,0,0,0,0,0,trust_no
15,1,5,0,1,0,1,0,0,0,1,0,0,0,0,0,trust_no
7,0,5,0,0,0,0,0,0,0,0,0,0,0,0,0,trust_no
1,0,0,0,0,0,0,0,0,0,0,0,0,0,0,0,trust_no
5,0,0,0,0,0,0,0,0,0,0,0,0,0,0,0,trust_no
2,0,0,0,0,0,0,0,0,0,0,0,0,0,0,0,trust_no
1,0,0,0,0,0,0,0,0,1,0,0,0,0,0,0,trust_no
1,0,0,0,0,0,0,0,0,0,0,0,0,0,0,0,trust_no
15,3,1,0,0,0,0,0,0,0,0,0,0,0,0,0,trust_no
20,0,6,0,0,0,0,0,0,0,0,0,0,0,0,0,trust_no
1,0,1,0,0,0,0,0,0,0,0,0,0,0,0,0,trust_no
39,21,0,0,0,0,0,0,0,20,0,0,0,0,0,0,trust_no
2,0,0,0,0,0,0,0,0,0,0,0,0,0,0,0,trust_no
11,0,6,0,0,0,0,0,0,1,1,0,0,0,0,0,trust_no
12,0,8,0,0,0,0,0,0,0,1,0,0,0,0,0,trust_no
0,0,0,0,1,0,1,0,0,0,0,0,0,0,0,0,trust_no
0,0,0,0,1,0,1,0,0,0,0,0,0,0,0,0,trust_no
5,2,0,0,1,0,1,0,0,1,0,0,0,0,0,0,trust_no
1,0,0,0,1,0,1,0,0,0,0,0,0,0,0,0,trust_no
18,2,0,0,3,0,3,0,0,5,0,0,0,0,0,0,trust_no
1,1,0,0,2,0,3,0,0,2,0,0,0,0,0,0,trust_no
4,0,1,0,2,0,3,0,0,2,0,0,0,0,0,0,trust_no
12,4,2,0,0,0,0,0,0,4,1,0,0,0,0,0,trust_no
0,0,0,0,0,0,0,0,0,0,0,0,0,0,0,0,trust_no
3,0,0,0,0,0,0,0,0,1,0,0,0,0,0,0,trust_no
3,0,2,0,1,0,1,0,0,0,0,0,0,0,0,0,trust_no
0,0,0,0,1,0,1,0,0,0,0,0,0,0,0,0,trust_no
0,0,0,0,0,0,0,0,0,0,0,0,0,0,0,0,trust_no
1,0,0,0,0,0,0,0,0,0,0,0,0,0,0,0,trust_no
11,0,0,0,0,0,0,0,0,0,0,0,0,0,0,0,trust_no
12,0,4,0,0,0,0,0,0,0,0,0,0,0,0,0,trust_no
3,1,3,0,0,0,0,0,0,0,0,0,0,0,0,0,trust_no
3,0,3,0,0,0,0,0,0,0,0,0,0,0,0,0,trust_no
8,0,3,0,1,0,0,0,0,0,0,0,0,0,0,0,trust_no
0,0,0,0,0,0,0,0,0,1,0,0,0,0,0,0,trust_no
8,0,0,0,1,0,1,0,0,0,0,0,0,0,0,0,trust_no
2,0,2,0,0,0,0,0,0,0,0,0,0,0,0,0,trust_no
6,4,1,0,0,0,0,0,0,3,0,0,0,0,0,0,trust_no
2,0,3,0,0,0,0,0,0,1,0,0,0,0,0,0,trust_no
10,0,4,0,0,0,0,0,0,0,0,0,0,0,0,0,trust_no
3,0,0,0,0,0,0,0,0,0,0,0,0,0,0,0,trust_no
6,4,2,0,0,0,0,0,0,1,0,0,0,0,0,0,trust_no
0,1,0,0,0,0,0,0,0,1,0,0,0,0,0,0,trust_no
2,0,2,0,0,0,0,0,0,0,1,0,0,0,0,0,trust_no
2,0,1,0,0,0,0,0,0,0,0,0,0,0,0,0,trust_no
14,3,1,0,0,0,0,0,0,3,0,0,0,0,0,0,trust_no
0,0,0,0,0,0,0,0,0,0,0,0,0,0,0,0,trust_no
0,0,0,0,0,0,0,0,0,0,0,0,0,0,0,0,trust_no
0,0,0,0,0,0,0,0,0,0,0,0,0,0,0,0,trust_no
0,0,0,0,0,0,0,0,0,0,0,0,0,0,0,0,trust_no
1,0,2,0,0,0,1,0,0,0,0,0,0,0,0,0,trust_no
2,1,1,0,1,0,0,0,0,0,0,0,0,0,0,0,trust_no
2,2,0,0,0,0,0,0,0,1,0,0,0,0,0,0,trust_no
30,1,5,0,0,0,0,0,0,0,0,0,0,0,0,0,trust_no
1,0,0,0,0,0,0,0,0,0,0,0,0,0,0,0,trust_no
