portiand_ghosts,nasa,2,0,1,0,4,0,4,0,0,0,0,0,0,0,0,0
iss_research,sparhopper,0,0,10,0,0,0,0,0,0,0,7,0,0,0,0,0
nickjdenton,nasa,1,0,1,0,1,0,1,0,0,0,0,0,0,0,0,0
lizizfine,nasa,0,0,0,0,0,0,0,0,0,0,0,0,0,0,0,0
summer_ash,sondy,88,3,95,0,4,0,1,0,0,2,59,0,0,0,0,0
lrfbaratz,nasa,3,0,1,0,0,0,0,0,0,0,0,0,0,0,0,0
uranussideways,iss_research,4,0,5,0,3,0,4,0,0,0,0,0,0,0,0,0
danaelizabeth69,nasa,19,2,3,0,1,0,1,0,0,1,0,0,0,0,0,0
stefansmalls,nasa,1,0,0,0,0,0,0,0,0,0,0,0,0,0,0,0
annie2488,nasa,26,1,0,0,0,0,0,0,0,0,0,0,0,0,0,0
callyra,therealbuzz,14,0,23,0,0,0,0,0,0,0,0,0,0,0,0,0
astro_reid,tracedominguez,8,0,22,0,0,0,1,0,0,0,44,0,0,0,0,0
mcgeezyfbaby,nasa,4,0,0,0,0,0,0,0,0,0,0,0,0,0,0,0
catherineq,pillownaut,110,1,58,0,10,0,2,0,0,1,59,0,1,0,0,0
davidwhogg,jbocha,7,0,14,0,0,0,0,0,0,0,11,0,0,0,0,0
uslawreview,nasa,9,4,0,0,0,0,0,0,0,12,0,0,0,0,0,0
1pherris,nasa,40,2,26,0,0,0,0,0,0,0,0,0,0,0,0,0
uppitynycupcake,nasa,3,3,0,0,0,0,0,0,0,0,0,0,0,0,0,0
astro_reid,dnews,2,0,4,0,0,0,0,0,0,0,4,0,0,0,0,0
sectumsemrpa,nasa,2,0,0,0,0,0,0,0,0,0,0,0,0,0,0,0
monkeymafia1668,nasa,30,16,8,0,0,0,0,0,0,7,1,0,0,0,0,0
oleg31105,nasa,39,2,21,0,0,0,0,0,0,0,0,0,0,0,0,0
betulland,johnrsports,4,0,7,0,0,0,0,0,0,0,3,0,0,0,0,0
planet4589,ulalaunch,139,0,95,0,8,0,5,0,0,0,61,0,0,0,0,0
astro_reid,icelady2910,0,1,38,0,0,0,0,0,0,1,46,0,0,0,1,0
dreamhjp,nasa,3,2,0,0,0,0,0,0,0,1,0,0,0,0,0,0
elakdawalla,ruthie147,22,0,71,0,1,0,1,0,0,0,97,0,0,0,0,0
realgeegeegee,space_station,1,1,1,0,0,0,0,0,0,1,0,0,0,0,0,0
nm_c07,nasa,11,0,3,0,0,0,0,0,0,0,0,0,0,0,0,0
sarahkendrew,jr_pritchard,31,1,60,0,1,0,1,0,0,1,60,0,0,0,0,0
annee_izatt,nasa,2,0,0,0,0,0,0,0,0,0,0,0,0,0,0,0
kayenne22,space_station,6,5,0,0,1,0,1,0,0,5,0,0,0,0,0,0
ottercivet,nasa,6,0,0,0,0,0,0,0,0,0,0,0,0,0,0,0
zecturd,nasa,4,0,1,0,0,0,0,0,0,0,0,0,0,0,0,0
smuttydolan,nasa,0,0,0,0,0,0,0,0,0,0,0,0,0,0,0,0
startalkradio,planetjuneberry,5,0,8,0,0,0,0,0,0,0,8,0,0,0,0,0
cassinisaturn,cairmaid,2,0,10,0,0,0,0,0,0,0,9,0,0,0,0,0
mae_oxo,nasa,2,0,0,0,0,0,0,0,0,0,0,0,0,0,0,0
uranussideways,cassinisaturn,5,0,6,0,4,0,3,0,0,0,0,0,0,0,0,0
orbfungi,nasa,2,1,2,0,1,0,1,0,0,0,0,0,0,0,0,0
universetoday,ken_kremer,36,0,26,0,0,0,0,0,0,0,32,0,0,0,0,0
5tate0fan3nemy,nasa,7,1,1,0,0,0,0,0,0,3,0,0,0,0,0,0
danpx2,nasa,200,9,51,0,0,0,0,0,0,2,2,0,1,0,0,0
itshypatia,nasa,1,0,0,0,0,0,0,0,0,0,0,0,0,0,0,0
astro_tj,ageekmom,24,0,46,0,0,0,0,0,0,0,216,0,0,0,0,0
tywahu,nasa,3,0,3,0,0,0,0,0,0,0,0,0,0,0,0,0
armando22leosun,nasa,0,0,0,0,0,0,0,0,0,0,0,0,0,0,0,0
mbsevans,nasa,35,17,0,0,1,0,1,0,0,15,0,0,1,0,0,0
niamhiepoos,nasa,297,9,77,0,0,0,0,0,0,3,3,0,0,0,0,0
nickastronomer,takethatnasa,4,0,16,0,1,0,0,0,0,0,5,0,0,0,0,0
ideologycancer,nasa,0,0,0,0,0,0,0,0,0,0,0,0,0,0,0,0
d_a_howell,nasa,45,2,13,0,1,0,0,0,0,1,1,0,1,0,0,0
noisyastronomer,drrubidium,45,1,34,0,3,0,2,0,0,1,35,0,0,0,0,0
newswhip,nasa,14,4,0,0,0,0,0,0,0,6,0,0,0,0,0,0
nickastronomer,geoffnotkin,153,0,154,0,9,0,10,0,0,0,205,0,4,0,4,0
niais,prgrmr42,8,0,52,0,0,0,0,0,0,0,34,0,0,0,0,0
mikechristieon,nasa,9,1,1,0,0,0,0,0,0,0,0,0,0,0,0,0
spacedotcom,collectspace,39,0,55,1,0,0,0,0,0,0,39,0,3,0,0,0
astronomolly,brianwolven,27,0,43,0,1,0,1,0,0,1,38,0,0,0,0,0
katewetherlock,nasa,4,0,2,0,1,0,1,0,0,0,0,0,0,0,0,0
gaikwadvishalr,nasa,0,0,0,0,0,0,0,0,0,0,0,0,0,0,0,0
ashlynhojsak,nasa,1,1,0,0,0,0,0,0,0,1,0,0,0,0,0,0
nickastronomer,cosmic_carol,70,1,146,0,5,0,5,0,0,0,87,0,3,0,3,0
deltontrueblood,nasa,5,0,4,0,0,0,0,0,0,0,0,0,0,0,0,0
ashekulhuq,nasa,26,3,4,0,0,0,0,0,0,0,0,0,0,0,0,0
_thatniggacarl,nasa,4,0,4,0,0,0,0,0,0,0,0,0,0,0,0,0
mbasilico,nasa,0,0,0,0,1,0,0,0,0,0,0,0,0,0,0,0
planet4589,mikamckinnon,95,2,128,2,8,0,8,0,0,2,72,2,0,0,0,0
csa_asc,orbitalatk,120,3,77,0,3,0,0,0,0,3,63,0,1,0,0,0
ryanwvoll,nasa,75,5,34,0,0,0,0,0,0,5,4,0,1,0,0,0
astropixie,kejames,47,0,45,2,1,0,2,0,0,0,39,1,0,0,0,0
9_scorp,nasa,23,4,1,0,0,0,0,0,0,2,0,0,0,0,0,0
morgankoverman,nasa,4,1,1,0,0,0,0,0,0,1,0,0,0,0,0,0
saddsquatch,nasa,8,1,3,0,0,0,0,0,0,1,0,0,0,0,0,0
planet4589,robotbeat,43,0,71,0,4,0,2,0,0,0,52,0,1,0,1,0
portland_ghosts,esa_rosetta,1,0,3,0,6,0,3,0,0,0,0,0,0,0,0,0
naturenerd8d,nasa,0,0,0,0,0,0,0,0,0,0,0,0,0,0,0,0
tribalance1,nasa,2,0,1,0,0,0,0,0,0,0,0,0,0,0,0,0
caperguy33,nasa,12,3,0,0,0,0,0,0,0,1,0,0,0,0,0,0
19921974,nasa,13,1,11,0,0,0,0,0,0,0,0,0,0,0,0,0
avgvstvsviking,nasa,1,0,0,0,1,0,1,0,0,0,0,0,0,0,0,0
uranussideways,nasa,7,0,6,0,5,0,5,0,0,1,0,0,0,0,0,0
cptplanespotter,nasa,37,5,2,0,0,0,0,0,0,4,0,0,0,0,0,0
claudiaalvaran2,nasa,49,1,29,0,0,0,0,0,0,0,0,0,0,0,0,0
astrosoumyadeep,nasa_orion,12,0,9,0,1,0,0,0,0,0,0,0,0,0,0,0
dannytheinfidel,nasa,5,1,1,0,0,0,0,0,0,6,0,0,0,0,0,0
itscurtmcgurt,nasa,0,0,0,0,0,0,0,0,0,0,0,0,0,0,0,0
emilylurice,jegpeek,40,0,38,1,1,0,1,0,0,0,37,0,0,0,0,0
carolynmcfish1,nasa,1,0,0,0,0,0,0,0,0,0,0,0,0,0,0,0
buffer,nasa,103,14,3,0,0,0,0,0,0,57,5,0,0,0,0,0
jorgego98249461,nasa,18,0,14,0,0,0,0,0,0,0,1,0,0,0,0,0
allansor6,nasa,0,0,0,0,2,0,2,0,0,0,0,0,0,0,0,0
amber_ward_,nasa,1,0,0,0,0,0,0,0,0,0,0,0,0,0,0,0
spacedotcom,gracepotter,6,0,2,0,0,0,0,0,0,0,0,0,0,0,0,0
rick24516423,nasa,0,0,0,0,0,0,0,0,0,0,0,0,0,0,0,0
isabellakoldras,astro_timpeake,18,0,15,0,0,0,0,0,0,0,0,0,0,0,0,0
asrivkin,nepetro,18,0,35,0,0,0,2,0,0,0,52,0,1,0,1,0
planet4589,themarkashley,1,0,8,0,0,0,1,0,0,0,1,0,0,0,0,0
iovelyzen,nasa,0,0,0,0,0,0,0,0,0,0,0,0,0,0,0,0
duberandy,nasa,22,1,5,0,0,0,0,0,0,0,0,0,0,0,0,0
tatankayutanka,space_station,1,0,0,0,1,0,1,0,0,0,0,0,0,0,0,0
fuqeroni,nasa,0,0,0,0,0,0,0,0,0,0,0,0,0,0,0,0
spacecoral,esa,95,0,86,0,0,0,0,0,0,0,4,0,0,0,0,0
noisyastronomer,rdcrisp,2,1,11,0,0,0,1,0,0,1,9,0,0,0,0,0
thedylanparker,nasa,0,0,0,0,0,0,0,0,0,0,0,0,0,0,0,0
sivansexuals,nasa,0,0,0,0,0,0,0,0,0,0,0,0,0,0,0,0
theuniverse_tm,maximaxoo,31,0,39,1,0,0,1,0,0,0,136,1,0,0,0,0
senorrac,space_station,83,2,66,0,0,0,0,0,0,1,0,0,0,0,0,0
catherineq,kejames,101,0,89,2,9,0,3,0,0,0,73,1,2,0,1,0
starzanplanets,lukedones,62,1,67,2,3,0,5,0,0,1,63,2,0,0,0,0
trenationnn,nasa,2,0,0,0,0,0,0,0,0,0,0,0,0,0,0,0
universetoday,storybywill,12,0,17,0,1,0,1,0,0,0,23,0,0,0,0,0
cosmic_horizons,jbprime,20,0,15,0,2,0,1,0,0,0,12,0,0,0,0,0
cosmic_horizons,mjibrown,24,1,29,1,5,0,3,0,0,1,21,1,0,0,0,0
iliveinma,space_station,1,0,0,0,3,0,3,0,0,0,0,0,0,0,0,0
tatankayutanka,nasa,7,2,0,0,1,0,1,0,0,0,0,0,0,0,0,0
sannsibble,stationcdrkelly,120,0,17,2,0,0,0,0,0,0,1,0,0,0,0,0
babyidiotjerk,nasa,0,1,0,0,0,0,0,0,0,1,0,0,0,0,0,0
chrislintott,jegpeek,31,1,27,1,3,0,3,0,0,1,31,1,0,0,0,0
dalcantonjd,nhuntwalker,23,1,16,0,2,0,0,0,0,1,15,0,0,0,0,0
drfunkyspoon,adamfrank4,27,0,20,0,0,0,0,0,0,0,12,0,0,0,0,0
egiarina100,astro_luca,9,0,8,0,0,0,0,0,0,0,0,0,0,0,0,0
myproverb,nasa,0,0,0,0,0,0,0,0,0,0,0,0,0,0,0,0
anaaep,nasa,0,0,0,0,0,0,0,0,0,0,0,0,0,0,0,0
drfunkyspoon,slagofftwits,0,0,1,0,0,0,0,0,0,0,0,0,0,0,0,0
nickastronomer,lastmanonmoon,85,0,156,0,4,0,5,0,0,0,117,0,3,0,3,0
markldouthwaite,spacex,40,0,31,0,0,0,0,0,0,0,0,0,0,0,0,0
starzara3,nasa,0,0,0,0,0,0,0,0,0,0,0,0,0,0,0,0
nasajpl,nasa_dawn,90,0,72,0,2,0,2,0,0,1,148,0,4,0,3,0
volunteerbernie,nasa,3,0,1,0,0,0,0,0,0,0,0,0,0,0,0,0
cosmic_horizons,brendonbrewer,13,0,7,0,1,0,1,0,0,0,4,0,0,0,0,0
smokeyjoh,nasa,0,0,1,0,0,0,0,0,0,0,0,0,0,0,0,0
onegabrielmusic,nasa,5,0,1,0,0,0,0,0,0,0,0,0,0,0,0,0
drfunkyspoon,brianwolven,47,0,64,0,2,0,4,0,0,1,69,0,1,0,1,0
ytdavid_,nasa,1,0,1,0,0,0,0,0,0,0,0,0,0,0,0,0
astronomolly,hubbahubble,52,1,27,0,3,0,1,0,0,1,24,0,0,0,0,0
astrokatie,mcnees,73,4,69,0,4,0,2,0,0,4,83,0,2,0,1,0
freebyrd55,nasa,3,2,0,0,0,0,0,0,0,2,0,0,0,0,0,0
chinesesmile105,nasa,0,0,0,0,0,0,0,0,0,0,0,0,0,0,0,0
gizmosocks,space_station,2,0,2,1,0,0,0,0,0,0,0,0,0,0,0,0
coreyspowell,jpmajor,101,3,186,0,9,0,9,0,0,4,177,0,1,0,1,0
dalcantonjd,astronomeara,25,0,42,0,1,0,3,0,0,0,60,0,1,0,1,0
zerstaubung,nasa,89,2,21,0,2,0,1,0,0,2,1,0,0,0,0,0
astro_reid,tweetsoutloud,55,1,24,0,1,0,0,0,0,1,52,0,1,0,1,0
haileyrade,nasa,4,1,1,0,0,0,0,0,0,0,0,0,0,0,0,0
gayboylen,nasa,0,0,0,0,0,0,0,0,0,0,0,0,0,0,0,0
zoe_tice,nasa,0,2,0,0,0,0,0,0,0,2,0,0,0,0,0,0
calmuggo,nasa,10,0,8,0,0,0,0,0,0,0,0,0,0,0,0,0
frazzledjazz,nasa,25,2,14,0,4,0,4,0,0,1,0,0,0,0,0,0
addisonryan,nasa,11,1,2,0,1,0,1,0,0,1,0,0,0,0,0,0
eclark1946,nasa,10,0,7,0,0,0,0,0,0,0,0,0,0,0,0,0
krasovskii77,space_station,5,0,5,0,0,0,0,0,0,0,0,0,0,0,0,0
vvalene,nasa,38,7,4,0,0,0,0,0,0,4,0,0,0,0,0,0
vrooje,kevinschawinski,57,1,36,0,3,0,3,0,0,1,36,0,0,0,0,0
antdeezy05,nasa,9,0,6,0,0,0,0,0,0,0,0,0,0,0,0,0
cassinisaturn,airandspace,78,0,60,0,0,0,0,0,0,0,71,0,5,0,0,0
stargazerfred,abcnews,24,1,7,0,0,0,1,0,0,1,2,0,0,0,0,0
dannytheinfidel,space_station,3,0,2,0,0,0,0,0,0,2,0,0,0,0,0,0
stecaloussis,nasa,1,0,0,0,0,0,0,0,0,0,0,0,0,0,0,0
aagie,nasa,170,8,29,0,0,0,0,0,0,6,2,0,1,0,0,0
planet4589,nasaspaceflight,110,0,33,1,7,0,0,0,0,0,5,0,0,0,0,0
drerikmcbride,nasa,2,0,1,0,0,0,0,0,0,0,0,0,0,0,0,0
douglasdenver,nasa,33,1,7,0,0,0,0,0,0,0,0,0,0,0,0,0
grunzwanzling42,nasa,6,0,5,0,1,0,1,0,0,0,0,0,0,0,0,0
michinojosa,nasa,0,0,0,0,0,0,0,0,0,0,0,0,0,0,0,0
fucktoaster,elakdawalla,0,0,0,0,0,0,0,0,0,0,0,0,0,0,0,0
thegrannyhere,nasa,1,0,1,0,0,0,0,0,0,0,0,0,0,0,0,0
chair_humper,nasa,0,0,0,0,0,0,0,0,0,0,0,0,0,0,0,0
mystic_neptune,nasa,29,2,25,0,1,0,1,0,0,2,0,0,0,0,0,0
flndr6,nasa,24,0,15,0,0,0,0,0,0,0,1,0,0,0,0,0
brianmwilcox,space_station,1,0,3,0,0,0,0,0,0,0,0,0,0,0,0,0
astro_mike,intrepidmuseum,22,0,55,0,1,0,2,0,0,0,135,0,1,0,1,0
_mariayayo,nasa,1,1,1,0,0,0,0,0,0,0,0,0,0,0,0,0
ivhunsinger,nasa,1,0,0,0,0,0,0,0,0,0,0,0,0,0,0,0
drfunkyspoon,paleophile,18,0,21,0,0,0,0,0,0,1,22,0,1,0,0,0
chrislintott,megschwamb,64,0,47,0,5,0,4,0,0,0,41,0,0,0,0,0
mohd22445,nasa,20,1,22,0,0,0,0,0,0,0,2,0,0,0,0,0
makdad2matt,nasa,3,0,1,0,0,0,0,0,0,0,0,0,0,0,0,0
thebesthugss,nasa,0,0,0,0,0,0,0,0,0,0,0,0,0,0,0,0
joetheatheist,nasa,42,10,4,0,0,0,0,0,0,6,0,0,0,0,0,0
dalcantonjd,jbprime,31,0,21,0,3,0,0,0,0,0,24,0,1,0,1,0
addisonryan,space_station,6,0,6,0,1,0,1,0,0,0,0,0,0,0,0,0
jannalevin,peterdedmonds,12,0,26,0,1,0,1,0,0,1,46,0,0,0,0,0
todstertodd,space_station,1,0,2,0,0,0,0,0,0,0,0,0,0,0,0,0
astrodot,ageekmom,68,0,174,0,0,0,0,0,0,0,238,0,0,0,0,0
spaceleclerc,nasa,100,3,31,0,0,0,0,0,0,1,4,0,0,0,0,0
johnnypappas,spacex,6,0,4,0,0,0,1,0,0,0,0,0,0,0,0,0
planet4589,shannonmstirone,56,1,127,1,3,0,8,0,0,1,88,1,0,0,0,0
astro_cady,dent,2,0,0,2,1,0,1,0,0,0,7,2,0,0,0,0
stevesgoddard,nasa,2,2,0,0,0,0,0,0,0,29,0,0,0,0,0,0
planet4589,hubbahubble,63,1,28,0,4,0,1,0,0,1,21,0,0,0,0,0
1_gflame,nasa,13,1,5,0,0,0,0,0,0,1,0,0,0,0,0,0
cjkdwl,nasa,4,0,2,0,0,0,0,0,0,0,0,0,0,0,0,0
spacecoral,nasa,126,5,60,0,0,0,0,0,0,0,0,0,0,0,0,0
coltinayres,nasa,1,0,0,0,0,0,0,0,0,0,0,0,0,0,0,0
queencitysteve,nasa,2,1,0,0,0,0,0,0,0,1,0,0,0,0,0,0
todstertodd,nasa,2,0,2,0,0,0,0,0,0,0,0,0,0,0,0,0
simplycinfulxxx,nasa,1,0,1,0,0,0,0,0,0,0,0,0,0,0,0,0
ameri_grl,nasa,10,3,3,0,0,0,0,0,0,2,0,0,0,0,0,0
georgewalterxx,nasa,0,0,0,0,0,0,0,0,0,0,0,0,0,0,0,0
rajkvx,nasa,1,0,0,0,0,0,0,0,0,0,0,0,0,0,0,0
doctorchipotle,nasa,0,0,0,0,0,0,0,0,0,1,0,0,0,0,0,0
devnull23,nasa,3,0,0,0,0,0,0,0,0,1,0,0,0,0,0,0
sannsibble,astro_alex,78,0,49,0,0,0,0,0,0,0,3,0,0,0,0,0
jandcando,nasa,9,0,5,0,0,0,0,0,0,0,0,0,1,0,1,0
joshnpk,spacex,0,0,0,0,0,0,0,0,0,0,0,0,0,0,0,0
kxnpunk,esa,20,0,17,0,0,0,0,0,0,0,0,0,0,0,0,0
monkeysfly51,nasa,4,0,3,0,0,0,0,0,0,0,0,0,0,0,0,0
tim_radio,nasa,0,2,0,0,0,0,0,0,0,2,0,0,0,0,0,0
ryanstrug,nasa,14,1,5,0,0,0,0,0,0,0,0,0,0,0,0,0
briannacostaa,nasa,1,0,0,0,0,0,0,0,0,0,0,0,0,0,0,0
alex_parker,jpmajor,76,4,137,0,4,0,3,0,0,5,208,0,1,0,0,0
startalkradio,chinedusocial,0,0,2,0,0,0,0,0,0,0,0,0,0,0,0,0
noscience4war,nasa,7,4,0,0,1,0,1,0,0,6,0,0,0,0,0,0
catherineq,avpdisapain,0,0,8,0,0,0,0,0,0,0,8,0,0,0,0,0
astronomolly,jegpeek,47,0,39,1,1,0,2,0,0,0,35,0,0,0,0,0
davidwhogg,michelle_lmc,23,0,36,0,0,0,2,0,0,0,52,0,1,0,1,0
astropixie,reneehlozek,52,1,62,0,3,0,2,0,0,3,67,0,0,0,0,0
farrahbramlett1,nasa,2,0,0,0,0,0,0,0,0,0,0,0,0,0,0,0
emilylurice,startorialist,59,0,16,0,2,0,1,0,0,0,14,0,0,0,0,0
f000lsg0ld,nasa,2,0,0,0,0,0,0,0,0,0,0,0,0,0,0,0
astronomolly,mcnees,34,3,37,0,3,0,3,0,0,1,47,0,0,0,0,0
schenk_dianna,nasa,5,0,2,0,0,0,0,0,0,0,0,0,0,0,0,0
jbyrrrd66,nasa,0,0,0,0,0,0,0,0,0,0,0,0,0,0,0,0
jhjones,mobriensmmusd,3,0,4,0,0,0,0,0,0,0,2,0,0,0,0,0
_peacefulenemy,nasa,36,1,16,0,0,0,0,0,0,0,0,0,0,0,0,0
olivia_hauser,nasa,0,0,0,0,0,0,0,0,0,0,0,0,0,0,0,0
dripping_bleu,nasa,1,0,0,0,0,0,0,0,0,0,0,0,0,0,0,0
andypalooza,nasa,15,9,2,0,1,0,1,0,0,5,0,0,0,0,0,0
astro_mike,homerhickam,7,0,7,0,0,0,0,0,0,0,40,0,0,0,0,0
johnnypappas,nasa,13,2,0,0,0,0,0,0,0,1,0,0,0,0,0,0
nickastronomer,leaving_orbit,32,2,96,0,4,0,4,0,0,0,54,0,0,0,0,0
davidwhogg,nasakepler,51,0,9,0,2,0,1,0,0,1,6,0,1,0,0,0
comfort_y,esa_rosetta,2,0,2,0,0,0,0,0,0,0,0,0,0,0,0,0
astro_reid,sharonbrunton,8,0,59,0,0,0,0,0,0,0,102,0,0,0,1,0
marieal21675849,nasa,2,0,1,0,0,0,0,0,0,0,0,0,0,0,0,0
nonchalantguy_,nasa,1,1,0,0,0,0,0,0,0,1,0,0,0,0,0,0
summer_ash,jaimealyse,8,1,14,0,0,0,1,0,0,0,6,0,0,0,0,0
ronbaalke,exploreplanets,180,1,118,0,0,0,0,0,0,1,52,1,0,0,0,0
jlgnava,nasa,13,1,7,0,0,0,0,0,0,0,0,0,0,0,0,0
nickastronomer,davidgalvin9,12,0,18,0,0,0,0,0,0,0,13,0,0,0,0,0
emilylurice,mcnees,34,1,37,0,3,0,3,0,0,2,47,0,0,0,0,0
miss_space_geek,nasa,67,2,26,1,0,0,0,0,0,1,2,0,0,0,0,0
norrrr_,nasa,1,0,0,0,0,0,0,0,0,0,0,0,0,0,0,0
universe_joey,nasa,1,0,0,0,0,0,0,0,0,0,0,0,0,0,0,0
kenzie2289,nasa,1,6,0,0,0,0,0,0,0,5,0,0,0,0,0,0
sunshyngurl,nasa,23,1,18,0,2,0,2,0,0,1,3,0,0,0,0,0
marilinpeters,nasa,1,0,0,0,0,0,0,0,0,0,0,0,0,0,0,0
noisyastronomer,tattoosandbones,11,0,9,1,0,0,0,0,0,0,5,1,0,0,0,0
niceguy504,nasa,5,3,0,0,0,0,0,0,0,1,0,0,0,0,0,0
krasovskii77,nasa,6,0,5,0,0,0,0,0,0,0,0,0,0,0,0,0
techforspace,spacex,68,0,34,0,0,0,0,0,0,3,3,0,0,0,0,0
planet4589,ascendingnode,57,1,67,0,5,0,7,0,0,0,50,0,1,0,1,0
paigeshoe13,nasa,1,0,1,0,0,0,0,0,0,0,0,0,0,0,0,0
rocketmanjrs,space_station,90,1,75,0,0,0,0,0,0,0,2,0,0,0,0,0
drfunkyspoon,numinouscosmos,2,0,19,0,0,0,0,0,0,0,11,0,0,0,0,0
longhaircowboy,nasa,11,0,1,0,1,0,0,0,0,0,0,0,0,0,0,0
nickastronomer,cosmos4u,121,1,164,1,8,0,3,0,0,0,84,0,2,0,0,0
coolguycoolstuf,nasa,1,0,0,0,0,0,0,0,0,0,0,0,0,0,0,0
a_booper_dooper,nasa,5,0,2,0,0,0,0,0,0,0,0,0,0,0,0,0
manuki16,nasa,2,0,2,0,0,0,0,0,0,0,0,0,0,0,0,0
astrodot,astronautabby,78,0,38,0,0,0,0,0,0,0,121,0,0,0,0,0
hiccupvisionzzz,nasa,0,0,0,0,0,0,0,0,0,0,0,0,0,0,0,0
hlgmftincisii,nasa,1,0,0,0,0,0,0,0,0,0,0,0,0,0,0,0
posco69,nasa,13,1,5,0,0,0,0,0,0,0,0,0,0,0,0,0
scot_nature_boy,nasa,58,0,22,1,0,0,0,0,0,0,0,0,0,0,0,0
orbital_decay,spacex,23,1,16,0,0,0,0,0,0,2,1,0,0,0,0,0
cosmic_horizons,strom_m,11,0,17,0,1,0,2,0,0,0,10,0,0,0,0,0
dalcantonjd,hubbahubble,47,0,23,0,5,0,2,0,0,1,31,0,1,0,0,0
portland_ghosts,cassinisaturn,5,0,6,0,5,0,6,0,0,0,0,0,0,0,0,0
blastrfangrrls,summer_ash,5,0,8,0,0,0,0,0,0,0,2,0,0,0,0,0
aeramysa,nasa,0,0,0,0,0,0,0,0,0,0,0,0,0,0,0,0
astrolisa,spacex,99,3,48,0,0,0,0,0,0,2,24,0,2,0,1,0
brianmwilcox,nasa,1,0,1,0,1,0,1,0,0,0,0,0,0,0,0,0
poppylee53152,iss_research,2,3,0,0,2,0,2,0,0,1,0,0,0,0,0,0
cosmicpinot,mjibrown,25,1,30,1,1,0,0,0,0,0,36,1,0,0,0,0
thegrannyhere,space_station,1,0,1,0,0,0,0,0,0,0,0,0,0,0,0,0
mownstalks,nasa,16,11,0,0,0,0,0,0,0,9,0,0,0,0,0,0
davidmwarnke,space_station,3,0,4,0,0,0,0,0,0,0,0,0,0,0,0,0
whiteentitywr,nasa,1,0,0,0,0,0,0,0,0,0,0,0,0,0,0,0
universetoday,perthobs,9,0,65,0,0,0,0,0,0,0,76,0,1,0,2,0
emilylurice,brianwolven,24,0,30,0,2,0,3,0,0,0,40,0,0,0,0,0
sannsibble,esa,131,0,111,2,0,0,0,0,0,0,4,0,0,0,0,0
neilhollywood,nasa,1,0,0,0,0,0,0,0,0,0,0,0,0,0,0,0
1_gflame,nasajuno,6,0,5,0,0,0,0,0,0,0,0,0,0,0,0,0
jhjones,sungrazercomets,38,1,36,0,2,0,3,0,0,1,20,0,0,0,0,0
chosen_soldier,nasa,1,1,1,0,0,0,0,0,0,1,0,0,0,0,0,0
biancaaddison,nasa,1,2,1,0,0,0,0,0,0,1,0,0,0,0,0,0
mohd22445,neiltyson,9,0,0,0,0,0,0,0,0,0,0,0,0,0,0,0
nmpanek,shahselbe,7,0,26,0,0,0,1,0,0,0,16,0,0,0,0,0
mark_lv,nasa,1,0,1,0,0,0,0,0,0,0,0,0,0,0,0,0
jolandagreve,nasa,0,0,0,0,2,0,1,0,0,0,0,0,0,0,0,0
kualalumper2003,nasa,3,0,2,0,0,0,0,0,0,0,0,0,0,0,0,0
jhjones,ulalaunch,48,0,44,0,3,0,2,0,0,0,25,0,0,0,0,0
mattpegram,nasa,0,1,1,0,0,0,0,0,0,0,0,0,0,0,0,0
comfort_y,space_station,1,0,2,0,0,0,0,0,0,0,0,0,0,0,0,0
cosmicpinot,drmel_t,16,0,25,1,2,0,4,0,0,0,54,1,0,0,0,0
jhjones,susanbellfilm,33,0,61,0,0,0,1,0,0,0,56,0,0,0,0,0
cinnamonbyte,nasa,5,0,3,0,1,0,1,0,0,1,0,0,0,0,0,0
lindyloo1979,nasa,79,2,63,0,0,0,0,0,0,0,4,0,0,0,0,0
niais,planetdr,100,2,43,0,2,0,0,0,0,2,25,0,0,0,0,0
nickastronomer,awesomeastropod,73,0,136,0,2,0,4,0,0,0,104,0,1,0,2,0
graciosaaa_,nasa,1,0,0,0,0,0,0,0,0,0,0,0,0,0,0,0
grunzwanzling42,space_station,4,0,5,0,0,0,1,0,0,0,0,0,1,0,1,0
birdseye1,nasa,53,8,1,0,0,0,0,0,0,4,0,0,0,0,0,0
elakdawalla,aussiastronomer,37,3,42,0,4,0,0,0,0,2,66,0,0,0,0,0
boywonerelroy1,nasa,117,7,16,1,1,0,1,0,0,0,0,0,0,0,0,0
noisyastronomer,mcnees,53,3,51,0,3,0,2,0,0,3,55,0,0,0,0,0
sannsibble,nasa,179,7,81,1,0,0,0,0,0,1,1,0,0,0,0,0
me_albar1,space_station,0,0,0,0,2,0,5,0,0,0,0,0,0,0,0,0
jon_vas2877,nasa,1,0,0,0,0,0,0,0,0,0,0,0,0,0,0,0
alex_parker,geoscitweeps,25,0,24,0,0,0,1,0,0,0,24,0,0,0,0,0
summer_ash,mirikramer,105,0,95,0,3,0,3,0,0,0,44,0,0,0,0,0
anoopspnair,nasa,3,0,2,0,0,0,0,0,0,0,0,0,0,0,0,0
itis4tom,nasa,5,0,3,0,0,0,0,0,0,0,0,0,0,0,0,0
jorgeglz00,nasa,14,1,10,0,0,0,0,0,0,0,0,0,0,0,0,0
summer_ash,missaerospace,7,0,40,0,0,0,0,0,0,0,14,0,0,0,0,0
margofaulkner,nasa,2,0,0,0,0,0,0,0,0,0,0,0,0,0,0,0
nancycollister1,nasa,30,1,27,0,3,0,3,0,0,0,0,0,0,0,0,0
deltontrueblood,space_station,4,0,3,0,0,0,0,0,0,0,0,0,0,0,0,0
c_o_t_u_e,nasa,15,3,0,0,0,0,0,0,0,1,0,0,0,0,0,0
sarahkendrew,drarnakarick,25,0,48,0,0,0,0,0,0,0,47,0,0,0,0,0
drfunkyspoon,drmrfrancis,64,0,85,0,1,0,3,0,0,0,93,0,2,0,1,0
sufanbowserjr,nasa,11,0,11,0,3,0,3,0,0,1,0,0,0,0,0,0
astrodot,b0yle,80,0,92,0,0,0,0,0,0,0,79,0,0,0,0,0
astrobotslut,nasa,1,0,0,0,0,0,0,0,0,0,0,0,0,0,0,0
vrooje,realscientists,52,1,29,1,1,0,2,0,0,0,24,0,1,0,0,0
spacenews_inc,usairforce,23,2,13,0,1,0,0,0,0,1,6,0,1,0,0,0
linleydavis,nasa,1,3,0,0,0,0,0,0,0,3,0,0,0,0,0,0
astro_cady,libertyscictr,5,0,50,0,0,0,0,0,0,0,37,0,0,0,0,0
satiricalmuse,nasa,1,1,0,0,1,0,1,0,0,3,0,0,0,0,0,0
_alyhernandez,nasa,1,1,0,0,0,0,0,0,0,1,0,0,0,0,0,0
3nr1c4,esa,6,0,6,0,1,0,1,0,0,0,0,0,0,0,0,0
davidmwarnke,nasa,3,1,2,0,1,0,1,0,0,0,0,0,0,0,0,0
butter_butter76,nasa,3,1,4,0,0,0,0,0,0,0,0,0,0,0,0,0
spacekid51,nasa,1,0,1,0,0,0,0,0,0,0,0,0,0,0,0,0
bodelairo,nasa,31,3,0,0,0,0,0,0,0,1,0,0,0,0,0,0
kain_tepes,nasa,2,4,0,0,0,0,0,0,0,3,0,0,0,0,0,0
davidwhogg,shaka_lulu,46,0,49,0,2,0,2,0,0,2,70,0,1,0,1,0
shanaduchin,nasa,0,0,0,0,0,0,0,0,0,0,0,0,0,0,0,0
maryheston,nasa,37,6,0,0,0,0,0,0,0,2,0,0,0,0,0,0
nina_aversa,nasa,1,1,0,0,0,0,0,0,0,1,0,0,0,0,0,0
evolvedtrex,nasa,18,3,1,0,0,0,0,0,0,6,0,0,0,0,0,0
vealslab,nasajpl,260,2,77,0,0,0,0,0,0,0,4,0,1,0,0,0
ciainsider,nasa,16,3,2,0,0,0,0,0,0,2,0,0,0,0,0,0
astro_jeanette,astro_clay,40,0,51,0,0,0,0,0,0,0,50,0,0,0,0,0
wtfjessielynn,nasa,0,0,0,0,0,0,0,0,0,0,0,0,0,0,0,0
esascience,skyandtelescope,37,0,40,0,1,0,1,0,0,0,54,0,0,0,0,0
summer_ash,drrubidium,48,1,50,0,4,0,5,0,0,2,31,0,0,0,0,0
planet4589,sp_johnsullivan,8,1,27,1,1,0,1,0,0,1,13,1,0,0,0,0
sarahmcnight5,nasa,2,0,1,0,0,0,0,0,0,0,0,0,0,0,0,0
longhaircowboy,astro_mike,7,0,2,0,0,0,1,0,0,0,0,0,0,0,0,0
poppylee53152,nasa,26,11,1,0,2,0,2,0,0,3,0,0,0,0,0,0
uniofleicester,astro_timpeake,23,0,13,0,0,0,0,0,0,0,7,0,0,0,0,0
kayenne22,nasa,17,6,0,0,1,0,1,0,0,8,0,0,0,0,0,0
newhorizons2015,mggttaylor,62,1,66,0,3,0,1,0,0,0,109,0,0,0,0,0
richardtdevane2,marscuriosity,3,0,2,0,0,0,0,0,0,0,0,0,0,0,0,0
athezealot,nasa,11,3,2,0,0,0,0,0,0,10,0,0,0,0,0,0
_peacefulenemy,spacedotcom,16,0,32,0,0,0,0,0,0,0,0,0,0,0,0,0
soapinmynose,nasa,0,0,0,0,0,0,0,0,0,0,0,0,0,0,0,0
sonatinahaze,nasa,0,0,0,0,0,0,0,0,0,0,0,0,0,0,0,0
cosmic_horizons,michelle_lmc,19,0,36,0,2,0,3,0,0,0,20,0,0,0,0,0
cosmic_horizons,aus_scienceweek,24,0,41,0,1,0,1,0,0,0,23,0,0,0,0,0
mbasilico,setiinstitute,0,0,1,0,0,0,1,0,0,0,0,0,0,0,0,0
portland_ghosts,nasa,7,1,6,0,9,0,8,0,0,2,0,0,0,0,0,0
davidwhogg,brendonbrewer,12,0,7,1,0,0,0,0,0,0,8,1,0,0,0,0
realgeegeegee,nasa,1,1,1,0,0,0,0,0,0,1,0,0,0,0,0,0
spookyrituals,nasa,0,2,0,0,0,0,0,0,0,2,0,0,0,0,0,0
alex_parker,planetdr,119,0,70,0,5,0,1,0,0,0,55,0,1,0,0,0
bga19h,nasa,0,0,0,0,0,0,0,0,0,0,0,0,0,0,0,0
coreyspowell,drmrfrancis,80,2,117,0,3,0,4,0,0,1,92,0,0,0,0,0
phibetakappa,nasa,19,1,3,0,0,0,0,0,0,0,0,0,0,0,0,0
labhaoiselesiog,nasa,13,0,5,0,0,0,0,0,0,0,0,0,0,0,0,0
nasa_orion,nasa_sls,67,0,57,0,0,0,0,0,0,0,88,0,2,0,0,0
minieb1,nasa,19,1,12,0,0,0,0,0,0,0,0,0,0,0,0,0
crownaisokoviah,nasa,5,0,2,0,0,0,0,0,0,0,0,0,0,0,0,0
dannie_stith,nasa,1,0,0,0,0,0,0,0,0,0,0,0,0,0,0,0
smartycat84,nasa,3,0,3,0,2,0,2,0,0,0,0,0,0,0,0,0
rtdasilva3,neiltyson,0,0,0,0,0,0,0,0,0,0,0,0,0,0,0,0
holygoat_420,nasa,5,0,3,0,0,0,0,0,0,0,0,0,0,0,0,0
startalkradio,rainmaker1973,34,1,42,2,0,0,0,0,0,0,23,1,0,0,0,0
alexandrapetlov,nasa,6,2,0,0,0,0,0,0,0,1,0,0,0,0,0,0
summer_ash,rpnolet,1,0,23,1,0,0,0,0,0,0,14,0,0,0,0,0
foreman_mike,astro_clay,23,0,23,0,0,0,0,0,0,0,62,0,0,0,0,0
katewetherlock,space_station,1,0,2,0,1,0,1,0,0,0,0,0,0,0,0,0
idioticmidget,nasa,0,0,0,0,0,0,0,0,0,0,0,0,0,0,0,0
ohhnico_,nasa,0,0,0,0,0,0,0,0,0,0,0,0,0,0,0,0
planet4589,go_for_launch,15,0,8,0,1,0,0,0,0,0,4,0,0,0,0,0
astrokatie,seeoh2,2,0,8,0,0,0,0,0,0,0,3,0,0,0,0,0
poppylee53152,space_station,7,4,0,0,2,0,2,0,0,1,0,0,0,0,0,0
hivezine_,nasa,1,0,0,0,0,0,0,0,0,0,0,0,0,0,0,0
ramani_iyer,nasa,1,0,0,0,0,0,0,0,0,0,0,0,0,0,0,0
endo_chank,nasa,3,0,3,0,0,0,0,0,0,3,0,0,1,0,0,0
lizcudi,nasa,1,1,0,0,0,0,0,0,0,1,0,0,0,0,0,0
summer_ash,hubbahubble,67,0,32,0,2,0,0,0,0,0,25,0,0,0,0,0
elemcy81,nasa,18,0,9,0,1,0,1,0,0,0,0,0,0,0,0,0
summer_ash,planetdr,134,2,67,0,4,0,2,0,0,2,31,0,0,0,0,0
calmuggo,spacex,6,0,7,0,0,0,0,0,0,0,0,0,0,0,0,0
karenlmasters,kevinschawinski,67,2,58,0,1,0,1,0,0,2,36,0,1,0,0,0
rosieislameee,nasa,1,0,1,0,0,0,0,0,0,0,0,0,0,0,0,0
psdifabio,nasa,5,0,4,0,0,0,0,0,0,0,0,0,0,0,0,0
michael_w_busch,sondy,45,1,45,0,14,0,11,0,0,0,46,0,0,0,0,0
kiraonclimate,nasa,50,7,0,0,1,0,1,0,0,7,0,0,0,0,0,0
xploredeepspace,nasa,302,11,68,0,1,0,0,0,0,11,14,0,0,0,0,0
dalcantonjd,mcnees,37,2,37,0,2,0,2,0,0,3,50,0,0,0,0,0
noscience4war,space_station,4,0,0,0,1,0,1,0,0,0,0,0,0,0,0,0
txkahashi,nasa,3,0,2,0,0,0,0,0,0,0,0,0,0,0,0,0
astrodot,spacecampusa,65,0,103,0,0,0,0,0,0,0,74,0,0,0,0,0
senorrac,astro_kate7,51,0,60,0,0,0,0,0,0,0,2,0,0,0,0,0
spockpeter,nasa,8,0,7,0,0,0,0,0,0,0,0,0,0,0,0,0
n8than5,nasa,5,1,0,0,0,0,0,0,0,1,0,0,0,0,0,0
annajkozak,nasa,7,0,1,0,0,0,0,0,0,1,0,0,0,0,0,0
startalkradio,thusspokejon,3,0,16,0,0,0,0,0,0,0,5,0,0,0,0,0
dalcantonjd,e_astronomer,25,0,9,0,1,0,0,0,0,0,9,0,0,0,0,0
asrivkin,lukedones,47,1,51,1,2,0,2,0,0,2,71,1,0,0,0,0
randomspacefact,robertpicardo,12,0,6,0,0,0,0,0,0,0,4,0,1,0,0,0
nowadsnet,nasa,5,0,4,0,0,0,0,0,0,0,0,0,0,0,0,0
rupertmissickjr,nasa,10,0,1,0,0,0,0,0,0,0,0,0,0,0,0,0
wolyfe,nasa,2,2,0,0,0,0,0,0,0,3,0,0,0,0,0,0
davetonner,nasa,1,0,1,0,0,0,0,0,0,0,0,0,0,0,0,0
torybruno,ulalaunch,177,0,100,0,11,0,4,0,0,0,114,0,2,0,0,0
mode23,nasa,141,15,33,1,0,0,0,0,0,12,0,0,0,0,0,0
victorgdmoraes,nasa,75,3,44,0,1,0,1,0,0,0,0,0,0,0,0,0
astronomolly,planetdr,66,0,36,0,4,0,1,0,0,0,23,0,0,0,0,0
lindaquackenbus,nasa,54,9,16,0,0,0,0,0,0,4,0,0,0,0,0,0
tobinmd1964,nasa,22,9,0,0,1,0,1,0,0,7,0,0,0,0,0,0
cod2legendbeast,nasa,0,0,0,0,0,0,0,0,0,0,0,0,0,0,0,0
3nr1c4,nasa,7,0,6,0,1,0,1,0,0,0,0,0,0,0,0,0
flatearthcity,nasa,57,28,4,0,2,0,1,0,0,38,0,0,0,0,0,0
klugectr,drfunkyspoon,0,0,1,0,0,0,0,0,0,0,4,0,0,0,0,0
herbalyfe,nasa,0,0,0,0,0,0,0,0,0,0,0,0,0,0,0,0
deefa45,nasa,12,0,6,0,0,0,0,0,0,0,0,0,1,0,0,0
fadilhamman,nasa,3,0,1,0,0,0,0,0,0,0,0,0,0,0,0,0
indiffrency,iss_research,3,0,3,0,2,0,2,0,0,0,0,0,0,0,0,0
giasoriano_,nasa,0,0,0,0,0,0,0,0,0,0,0,0,0,0,0,0
asrivkin,prgrmr42,4,0,39,0,1,0,2,0,0,0,49,0,1,0,1,0
noisyastronomer,drmrfrancis,96,1,103,0,6,0,8,0,0,1,95,0,0,0,0,0
summer_ash,mcnees,64,2,66,0,3,0,2,0,0,2,71,0,0,0,0,0
nova_r7,nasa,0,0,0,0,0,0,0,0,0,0,0,0,0,0,0,0
brothervader,neiltyson,4,0,0,0,0,0,0,0,0,0,0,0,0,0,0,0
codyjayp,nasa,1,0,0,0,0,0,0,0,0,0,0,0,0,0,0,0
morgancummmins,nasa,3,2,0,0,0,0,0,0,0,1,0,0,0,0,0,0
updatenewslive,nasa,1,2,0,0,0,0,0,0,0,1,0,0,0,0,0,0
glennostrosky,nasa,25,1,5,0,0,0,0,0,0,0,0,0,0,0,0,0
spacenews_inc,ulalaunch,56,0,64,0,1,0,2,0,0,0,97,0,2,0,1,0
eugenemrosa,nasa,33,1,15,0,0,0,0,0,0,2,0,0,0,0,0,0
baronboehm,nasajpl,4,0,4,0,0,0,0,0,0,0,1,0,0,0,0,0
alex_parker,carlyhowett,43,1,30,0,4,0,1,0,0,1,28,0,0,0,0,0
rvlouie,nasa,2,1,0,0,0,0,0,0,0,0,0,0,0,0,0,0
dalcantonjd,lukedones,29,1,43,0,3,0,2,0,0,1,50,0,0,0,0,0
drphilmarshall,kevinschawinski,33,0,30,0,1,0,1,0,0,1,23,0,0,0,0,0
njpwroh,nasa,2,0,0,0,0,0,0,0,0,0,0,0,0,0,0,0
astro_physical_,nasa,26,1,20,0,0,0,0,0,0,0,0,0,0,0,0,0
startalkradio,geekdom7,1,0,5,0,0,0,0,0,0,0,1,0,0,0,0,0
djdelleon,nasa,82,5,26,1,0,0,0,0,0,2,0,0,0,0,0,0
herobright2,nasa,5,1,0,0,0,0,0,0,0,0,0,0,0,0,0,0
_elholmes,nasa,0,0,0,0,0,0,0,0,0,0,0,0,0,0,0,0
giftofwealth,elakdawalla,5,0,2,1,0,0,0,0,0,0,0,0,0,0,0,0
iliveinma,nasa,5,0,0,0,3,0,3,0,0,0,0,0,0,0,0,0
quingame59,nasa,2,0,1,0,0,0,0,0,0,0,0,0,0,0,0,0
astronomolly,johndebes,27,1,48,0,0,0,0,0,0,0,45,0,0,0,0,0
spacegovuk,sciencemuseum,67,1,49,0,2,0,1,0,0,1,72,0,0,0,0,0
karenlmasters,jen_gupta,65,1,82,0,3,0,3,0,0,1,48,0,0,0,0,0
quixoticnance,nasa,83,6,24,0,0,0,0,0,0,3,0,0,0,0,0,0
shizayaz,nasa,0,0,0,0,0,0,0,0,0,0,0,0,0,0,0,0
vrooje,astronomyblog,50,0,22,1,1,0,0,0,0,0,21,1,0,0,0,0
elakdawalla,planetdr,141,1,74,0,12,0,2,0,0,1,71,0,5,0,1,0
adversaerialone,nasa,29,8,0,0,0,0,0,0,0,6,0,0,0,0,0,0
l_i_c_t,nasa,6,0,4,0,2,0,2,0,0,1,0,0,0,0,0,0
foreman_mike,arizonawestern,0,0,0,0,0,0,0,0,0,0,0,0,0,0,0,0
shuttlecdrkelly,drbiden,7,0,5,0,0,0,0,0,0,0,5,0,2,0,0,0
astroduff,breakfastnews,19,0,15,0,0,0,0,0,0,0,6,0,0,0,1,0
planet4589,markmccaughrean,79,2,23,1,5,0,0,0,0,2,20,0,0,0,0,0
lorimoreno,nasa,61,4,2,0,0,0,0,0,0,13,3,0,0,0,0,0
calmuggo,space_station,6,0,10,1,0,0,0,0,0,0,0,0,0,0,0,0
gvbujade,nasa,44,1,39,0,1,0,1,0,0,1,1,0,0,0,0,0
vrfocus,nasa,3,0,0,0,0,0,0,0,0,11,3,0,0,0,0,0
astrodot,jaylupold,9,0,46,0,0,0,0,0,0,0,30,0,0,0,0,0
mykaamariee,nasa,0,0,0,0,0,0,0,0,0,0,0,0,0,0,0,0
clarkslane,nasa,0,0,0,0,0,0,0,0,0,0,0,0,0,0,0,0
sun_aware_crime,nasa,1,0,0,0,0,0,0,0,0,0,0,0,0,0,0,0
usgao,nasa,19,3,2,0,0,0,0,0,0,17,2,0,1,0,0,0
chrislintott,astronomyblog,52,0,33,1,0,0,0,0,0,0,39,1,0,0,0,0
sethshostak,sarahcruddas,3,0,5,0,0,0,0,0,0,0,38,0,0,0,0,0
thusspeaksyhwh,nasa,4,0,4,0,3,0,2,0,0,0,0,0,0,0,0,0
stonerellllla,nasa,0,1,0,0,0,0,0,0,0,1,0,0,0,0,0,0
nasablueshift,rtphokie,16,0,88,0,0,0,0,0,0,0,49,0,0,0,0,0
djwarrenyoung,nasa,47,8,0,0,1,0,1,0,0,4,0,0,0,0,0,0
sourpatchbro,nasa,3,4,0,0,0,0,0,0,0,3,0,0,0,0,0,0
newsfromspace,nasa,601,15,111,1,0,0,0,0,0,5,21,0,0,0,0,0
davidwhogg,geerthub,34,0,37,0,1,0,3,0,0,1,60,0,1,0,1,0
ihateurgod,nasa,9,1,2,0,1,0,1,0,0,0,0,0,0,0,0,0
7999720431,nasa,4,0,2,0,0,0,0,0,0,0,0,0,0,0,0,0
zelfthezolf,nasa,1,0,0,0,0,0,0,0,0,0,0,0,0,0,0,0
pabloncej,nasa,2,0,0,0,0,0,0,0,0,0,0,0,0,0,0,0
uranussideways,space_station,4,0,4,1,3,0,5,0,0,0,0,0,0,0,0,0
longhaircowboy,spacedotcom,8,0,6,0,0,0,2,0,0,0,0,0,0,0,0,0
gizmosocks,nasa,3,0,2,0,0,0,0,0,0,0,0,0,0,0,0,0
thereal2red,nasa,16,6,0,0,0,0,0,0,0,7,0,0,0,0,0,0
dalcantonjd,shaka_lulu,50,2,57,0,5,0,4,0,0,2,72,0,0,0,1,0
drfunkyspoon,planetdr,112,0,45,0,5,0,1,0,0,0,42,0,3,0,1,0
spacejournalism,nasa,228,5,102,1,1,0,1,0,0,4,7,0,0,0,0,0
jeaighwalker,astro_mike,3,0,3,0,0,0,0,0,0,0,0,0,0,0,0,0
f4glory,nasa,19,0,15,0,0,0,0,0,0,0,0,0,0,0,0,0
vealslab,nasa,370,9,100,1,0,0,0,0,0,5,4,0,3,0,1,0
nataliemfarias,nasa,0,0,0,0,0,0,0,0,0,0,0,0,0,0,0,0
phenomenoire,philae2014,8,0,9,0,0,0,0,0,0,0,0,0,0,0,0,0
americorps,nasa,21,1,3,0,0,0,0,0,0,7,4,0,0,0,0,0
quixoticnance,nasa_astronauts,43,0,11,0,0,0,0,0,0,0,0,0,0,0,0,0
poorlostsoul,nasa,3,0,1,0,0,0,0,0,0,0,0,0,0,0,0,0
alex_parker,benneholwerda,30,0,77,0,0,0,2,0,0,0,94,0,1,0,1,0
g333jordan,nasa,17,1,3,0,0,0,0,0,0,0,0,0,0,0,0,0
namelesscynic,nasa,26,7,0,0,1,0,1,0,0,7,0,0,0,0,0,0
aasandesign,nasa,40,2,30,0,0,0,0,0,0,2,0,0,0,0,0,0
astro_reid,dawn_kernagis,10,0,26,0,0,0,0,0,0,0,37,0,0,0,0,0
indiffrency,nasa,4,0,2,0,2,0,2,0,0,0,0,0,0,0,0,0
larkin10louise,nasa,6,2,0,0,0,0,0,0,0,1,0,0,0,0,0,0
katiemckenzieee,nasa,3,1,0,0,0,0,0,0,0,1,0,0,0,0,0,0
therealpc105,nasajuno,31,0,15,0,0,0,0,0,0,0,0,0,0,0,0,0
nickastronomer,claranellist,23,0,60,1,3,0,3,0,0,0,38,0,0,0,0,0
startalkradio,carolynporco,78,0,18,0,0,0,0,0,0,0,10,0,1,0,0,0
jameson_guidry,nasa,0,1,0,0,0,0,0,0,0,1,0,0,0,0,0,0
asrivkin,planetdr,67,0,32,0,4,0,1,0,0,0,39,0,1,0,1,0
isabellakoldras,space_station,18,0,19,0,0,0,0,0,0,0,0,0,0,0,0,0
jannalevin,geekdom7,1,0,4,0,0,0,0,0,0,0,1,0,0,0,0,0
namelesscynic,marscuriosity,12,0,0,0,1,0,1,0,0,0,0,0,0,0,0,0
samuel_harmon,nasa,4,1,0,0,0,0,0,0,0,1,0,0,0,0,0,0
emilylurice,aussiastronomer,41,2,44,0,1,0,1,0,0,2,40,0,0,0,0,0
anclaire22,nasa,11,1,1,0,0,0,0,0,0,0,0,0,0,0,0,0
penexcalibur,nasa,3,0,2,0,0,0,0,0,0,0,0,0,0,0,0,0
badastronomer,amandaschull,1,0,0,0,0,0,0,0,0,0,1,0,0,0,0,0
jeaighwalker,nasa,6,1,0,0,1,0,0,0,0,0,0,0,0,0,0,0
sagargeorge89,nasa,4,0,2,0,0,0,0,0,0,0,0,0,0,0,0,0
halohooper,nasa,2,0,0,0,0,0,0,0,0,0,0,0,0,0,0,0
elakdawalla,kejames,57,1,77,1,6,0,2,0,0,1,100,1,2,0,1,0
rafdias_silva,nasa,2,0,1,0,1,0,1,0,0,0,0,0,0,0,0,0
davidwhogg,ngc3314,21,0,14,0,1,0,0,0,0,0,19,0,0,0,0,0
davidwhogg,mrtommyb,16,1,19,0,0,0,2,0,0,1,26,0,0,0,0,0
foreman_mike,sciguyspace,14,0,10,0,1,0,0,0,0,0,22,0,0,0,0,0
1_gflame,nasa_technology,5,0,6,0,0,0,0,0,0,0,1,0,0,0,0,0
planet4589,cosmos4u,106,1,151,1,7,0,8,0,0,1,96,0,0,0,1,0
moving20,badastronomer,10,0,8,0,0,0,0,0,0,0,0,0,0,0,0,0
spaceleclerc,csa_asc,73,0,64,1,0,0,0,0,0,0,17,1,0,0,0,0
fayebuckley9,nasa,0,0,0,0,0,0,0,0,0,0,0,0,0,0,0,0
sarahkendrew,sleepypenguin1,1,0,5,0,0,0,0,0,0,0,3,0,0,0,0,0
victorgdmoraes,space_station,45,1,43,0,0,0,0,0,0,0,0,0,0,0,0,0
avramovk,nasa,63,4,37,0,0,0,0,0,0,1,0,0,0,0,0,0
hocochamber,nasa,3,0,0,0,0,0,0,0,0,0,0,0,0,0,0,0
gimmiethestick,nasa,0,0,0,0,0,0,0,0,0,0,0,0,0,0,0,0
tyler__mann,nasa,1,1,0,0,0,0,0,0,0,0,0,0,0,0,0,0
aureajenelle,nasa,1,1,0,0,0,0,0,0,0,1,0,0,0,0,0,0
badastronomer,tweetsoutloud,77,1,37,0,4,0,3,0,0,2,68,0,3,0,0,0
nickastronomer,hastroparr,30,0,137,0,3,0,4,0,0,0,69,0,2,0,2,0
jkildren625,marscuriosity,22,0,11,0,0,0,0,0,0,0,0,0,0,0,0,0
astroduff,swinburne,22,0,20,0,0,0,0,0,0,0,14,0,1,0,1,0
_sarahreeves,nasa,1,0,0,0,0,0,0,0,0,0,0,0,0,0,0,0
indiffrency,space_station,2,0,3,0,2,0,2,0,0,0,0,0,0,0,0,0
summer_ash,drmrfrancis,118,2,176,0,3,0,2,0,0,1,105,0,0,0,0,0
_kristinaluvsu,nasa,20,1,13,0,1,0,1,0,0,0,2,0,1,0,1,0
catherineq,stoutde,5,0,63,1,1,0,3,0,0,0,33,0,0,0,0,0
comfort_y,nasa,3,0,3,0,0,0,0,0,0,0,0,0,0,0,0,0
rockatdell,nasa,36,4,0,0,0,0,0,0,0,1,0,0,0,0,0,0
trumphillarypol,nasa,9,5,3,0,0,0,0,0,0,3,0,0,0,0,0,0
raecanty,nasa,7,4,0,0,0,0,0,0,0,2,0,0,0,0,0,0
shemoptizza,nasa,0,0,0,0,0,0,0,0,0,0,0,0,0,0,0,0
carahsassidy,nasa,0,0,0,0,0,0,0,0,0,0,0,0,0,0,0,0
harvest_wind,nasa,23,0,18,0,0,0,0,0,0,0,1,0,0,0,0,0
mohitsukhija918,nasa,5,0,4,0,0,0,0,0,0,0,0,0,0,0,0,0
drphilmarshall,brendonbrewer,11,0,7,0,0,0,0,0,0,0,4,1,0,0,0,0
portland_ghosts,space_station,5,1,6,0,4,0,8,0,0,2,0,0,0,0,0,0
egiarina100,astro_andre,7,0,7,0,0,0,0,0,0,0,0,0,0,0,0,0
red4eva71,nasa,18,2,0,0,2,0,2,0,0,5,0,0,0,0,0,0
mykhailaa_,nasa,0,0,0,0,0,0,0,0,0,0,0,0,0,0,0,0
me_albar1,nasa,0,0,0,0,5,0,5,0,0,0,0,0,0,0,0,0
maxpowersi,nasa,4,0,0,0,0,0,0,0,0,0,0,0,0,0,0,0
rafdias_silva,cassinisaturn,1,0,1,0,0,0,0,0,0,0,0,0,0,0,0,0
ireland_rhain,nasa,1,0,0,0,0,0,0,0,0,0,0,0,0,0,0,0
unclejoe1116,spacex,5,0,9,0,0,0,0,0,0,0,0,0,0,0,0,0
universetoday,rrm9x,0,0,0,0,0,0,0,0,0,0,1,0,0,0,0,0
_sarahfay_,nasa,1,3,0,0,0,0,0,0,0,1,0,0,0,0,0,0
nickastronomer,markmccaughrean,90,2,18,0,8,0,3,0,0,0,14,1,2,0,1,0
dgbxo30,nasa,7,1,0,0,0,0,0,0,0,1,0,0,0,0,0,0
astro_aggie,pc0101,32,2,39,0,0,0,0,0,0,1,45,0,0,0,0,0
degenerates0ul,nasa,1,0,0,0,0,0,0,0,0,0,0,0,0,0,0,0
drfunkyspoon,hirise,80,0,19,0,4,0,0,0,0,0,7,0,2,0,0,0
supperg73619aj,nasa,0,0,0,0,0,0,0,0,0,0,0,0,0,0,0,0
__dessxo,nasa,2,0,0,0,0,0,0,0,0,0,0,0,0,0,0,0
camillezy,nasa,0,0,0,0,0,0,0,0,0,0,0,0,0,0,0,0
sarahkendrew,michelle_lmc,35,0,62,0,0,0,0,0,0,0,63,0,0,0,0,0
twokewl420,nasa,1,0,1,0,1,0,1,0,0,0,0,0,0,0,0,0
guiltyqilin,nasa,1,2,0,0,0,0,0,0,0,0,0,0,0,0,0,0
jelo1317,nasa,19,6,0,0,0,0,0,0,0,5,0,0,0,0,0,0
bentley_holley,nasa,1,1,0,0,0,0,0,0,0,1,0,0,0,0,0,0
chrislintott,bbcstargazing,89,0,60,0,4,0,1,0,0,0,51,0,3,0,0,0
mrmarshallman3,nasa,3,1,1,0,0,0,0,0,0,0,0,0,0,0,0,0
vrooje,michealjroberts,18,0,36,1,0,0,2,0,0,0,31,1,0,0,0,0
jcstuezday,nasa,1,0,0,0,0,0,0,0,0,0,0,0,0,0,0,0
emceeslim,nasa,15,3,0,0,0,0,0,0,0,1,0,0,0,0,0,0
catherineq,craftlass,58,0,122,0,5,0,5,0,0,0,99,0,0,0,0,0
