klugectr,drfunkyspoon,9
katiemckenzieee,nasa,4
carahsassidy,nasa,0
_alyhernandez,nasa,2
chinesesmile105,nasa,0
rosieislameee,nasa,1
jameson_guidry,nasa,1
rafdias_silva,nasa,3
rafdias_silva,cassinisaturn,1
doctorchipotle,nasa,1
endo_chank,nasa,16
uranussideways,nasa,14
uranussideways,cassinisaturn,11
annajkozak,nasa,8
boywonerelroy1,nasa,127
jolandagreve,nasa,2
sectumsemrpa,nasa,2
athezealot,nasa,32
astrobotslut,nasa,1
johnnypappas,nasa,20
rupertmissickjr,nasa,13
_kristinaluvsu,nasa,27
guiltyqilin,nasa,3
tobinmd1964,nasa,37
richardtdevane2,marscuriosity,4
5tate0fan3nemy,nasa,19
mae_oxo,nasa,2
ideologycancer,nasa,0
_sarahreeves,nasa,1
mcgeezyfbaby,nasa,4
ashlynhojsak,nasa,2
gimmiethestick,nasa,1
soapinmynose,nasa,0
bga19h,nasa,0
carolynmcfish1,nasa,1
queencitysteve,nasa,3
red4eva71,nasa,32
davetonner,nasa,1
mode23,nasa,163
manuki16,nasa,4
mykhailaa_,nasa,0
uranussideways,space_station,12
orbfungi,nasa,4
stecaloussis,nasa,1
me_albar1,nasa,5
1pherris,nasa,42
calmuggo,nasa,10
thebesthugss,nasa,0
thusspeaksyhwh,nasa,13
drerikmcbride,nasa,2
zoe_tice,nasa,2
hlgmftincisii,nasa,1
ivhunsinger,nasa,1
mbsevans,nasa,60
stevesgoddard,nasa,96
georgewalterxx,nasa,0
babyidiotjerk,nasa,1
coolguycoolstuf,nasa,1
codyjayp,nasa,1
tywahu,nasa,3
morgancummmins,nasa,5
danaelizabeth69,nasa,26
indiffrency,nasa,6
indiffrency,iss_research,6
indiffrency,space_station,5
uranussideways,iss_research,10
me_albar1,space_station,5
margofaulkner,nasa,2
frazzledjazz,nasa,34
butter_butter76,nasa,4
antdeezy05,nasa,10
nataliemfarias,nasa,0
mrmarshallman3,nasa,4
spacekid51,nasa,1
wtfjessielynn,nasa,0
starzara3,nasa,0
shizayaz,nasa,0
wolyfe,nasa,5
idioticmidget,nasa,0
dgbxo30,nasa,9
fayebuckley9,nasa,0
cinnamonbyte,nasa,7
pabloncej,nasa,2
spookyrituals,nasa,2
iliveinma,nasa,8
n8than5,nasa,7
thereal2red,nasa,33
itscurtmcgurt,nasa,0
itshypatia,nasa,1
victorgdmoraes,nasa,80
universe_joey,nasa,1
trenationnn,nasa,2
dripping_bleu,nasa,1
gayboylen,nasa,0
smuttydolan,nasa,0
kenzie2289,nasa,7
alexandrapetlov,nasa,8
sivansexuals,nasa,0
_sarahfay_,nasa,4
niceguy504,nasa,8
labhaoiselesiog,nasa,15
_mariayayo,nasa,2
bentley_holley,nasa,2
dannie_stith,nasa,1
nina_aversa,nasa,2
c_o_t_u_e,nasa,21
lrfbaratz,nasa,3
biancaaddison,nasa,3
eugenemrosa,nasa,45
raecanty,nasa,11
lizcudi,nasa,2
sonatinahaze,nasa,0
olivia_hauser,nasa,0
satiricalmuse,nasa,12
sarahmcnight5,nasa,2
ytdavid_,nasa,1
monkeymafia1668,nasa,49
herbalyfe,nasa,0
annee_izatt,nasa,2
nonchalantguy_,nasa,2
tyler__mann,nasa,2
graciosaaa_,nasa,1
annie2488,nasa,28
cod2legendbeast,nasa,0
joetheatheist,nasa,59
haileyrade,nasa,5
maryheston,nasa,47
shemoptizza,nasa,0
fuqeroni,nasa,0
supperg73619aj,nasa,0
stonerellllla,nasa,3
holygoat_420,nasa,5
whiteentitywr,nasa,1
caperguy33,nasa,21
saddsquatch,nasa,9
rvlouie,nasa,3
anaaep,nasa,0
nm_c07,nasa,12
djdelleon,nasa,89
dreamhjp,nasa,5
jcstuezday,nasa,1
vrfocus,nasa,124
amber_ward_,nasa,1
freebyrd55,nasa,5
hiccupvisionzzz,nasa,0
larkin10louise,nasa,8
nancycollister1,nasa,34
ohhnico_,nasa,0
thedylanparker,nasa,0
tim_radio,nasa,2
paigeshoe13,nasa,1
mykaamariee,nasa,0
adversaerialone,nasa,43
katewetherlock,nasa,5
katewetherlock,space_station,4
onegabrielmusic,nasa,6
sun_aware_crime,nasa,1
norrrr_,nasa,1
moving20,badastronomer,13
armando22leosun,nasa,0
9_scorp,nasa,35
aureajenelle,nasa,2
__dessxo,nasa,2
oleg31105,nasa,41
gaikwadvishalr,nasa,0
zelfthezolf,nasa,1
iovelyzen,nasa,0
kayenne22,nasa,28
morgankoverman,nasa,5
giasoriano_,nasa,0
zecturd,nasa,5
sagargeorge89,nasa,4
deefa45,nasa,13
d_a_howell,nasa,82
clarkslane,nasa,0
sourpatchbro,nasa,7
mownstalks,nasa,27
shanaduchin,nasa,0
gizmosocks,nasa,3
poorlostsoul,nasa,3
sunshyngurl,nasa,30
namelesscynic,nasa,34
namelesscynic,marscuriosity,13
penexcalibur,nasa,3
brothervader,neiltyson,4
nickjdenton,nasa,2
portland_ghosts,nasa,25
michinojosa,nasa,0
updatenewslive,nasa,4
smokeyjoh,nasa,1
poppylee53152,nasa,40
poppylee53152,iss_research,7
poppylee53152,space_station,13
quingame59,nasa,5
_thatniggacarl,nasa,4
degenerates0ul,nasa,2
krasovskii77,nasa,7
krasovskii77,space_station,6
portland_ghosts,esa_rosetta,9
psdifabio,nasa,6
tribalance1,nasa,2
f000lsg0ld,nasa,2
vealslab,nasajpl,277
vealslab,nasa,391
astrosoumyadeep,nasa_orion,16
portland_ghosts,space_station,19
portiand_ghosts,nasa,6
briannacostaa,nasa,1
makdad2matt,nasa,3
g333jordan,nasa,18
rick24516423,nasa,0
calmuggo,spacex,10
harvest_wind,nasa,24
txkahashi,nasa,3
calmuggo,space_station,11
mystic_neptune,nasa,34
sufanbowserjr,nasa,16
bodelairo,nasa,36
iliveinma,space_station,4
douglasdenver,nasa,35
glennostrosky,nasa,27
flndr6,nasa,25
farrahbramlett1,nasa,2
linleydavis,nasa,4
3nr1c4,esa,7
3nr1c4,nasa,8
zerstaubung,nasa,99
camillezy,nasa,0
jbyrrrd66,nasa,0
coltinayres,nasa,1
marieal21675849,nasa,4
longhaircowboy,spacedotcom,13
longhaircowboy,nasa,15
longhaircowboy,astro_mike,9
_elholmes,nasa,0
ryanwvoll,nasa,96
njpwroh,nasa,2
aeramysa,nasa,0
kayenne22,space_station,13
jeaighwalker,astro_mike,4
jeaighwalker,nasa,8
stefansmalls,nasa,1
jandcando,nasa,11
smartycat84,nasa,5
trumphillarypol,nasa,16
ameri_grl,nasa,13
rockatdell,nasa,40
fucktoaster,elakdawalla,0
elemcy81,nasa,19
deltontrueblood,nasa,6
portland_ghosts,cassinisaturn,15
uslawreview,nasa,41
allansor6,nasa,2
avgvstvsviking,nasa,3
l_i_c_t,nasa,9
schenk_dianna,nasa,5
ihateurgod,nasa,12
ryanstrug,nasa,15
chosen_soldier,nasa,3
aagie,nasa,243
mbasilico,setiinstitute,2
mbasilico,nasa,2
chair_humper,nasa,0
mattpegram,nasa,2
brianmwilcox,nasa,2
brianmwilcox,space_station,3
evolvedtrex,nasa,28
7999720431,nasa,4
mark_lv,nasa,1
tatankayutanka,nasa,10
tatankayutanka,space_station,2
grunzwanzling42,space_station,7
grunzwanzling42,nasa,8
_peacefulenemy,spacedotcom,34
_peacefulenemy,nasa,38
eclark1946,nasa,10
lizizfine,nasa,1
anoopspnair,nasa,3
realgeegeegee,nasa,2
realgeegeegee,space_station,2
noscience4war,nasa,27
noscience4war,space_station,10
davidmwarnke,nasa,6
davidmwarnke,space_station,5
todstertodd,nasa,4
todstertodd,space_station,3
maxpowersi,nasa,4
volunteerbernie,nasa,3
nowadsnet,nasa,5
crownaisokoviah,nasa,7
anclaire22,nasa,13
uppitynycupcake,nasa,6
addisonryan,nasa,14
addisonryan,space_station,12
miss_space_geek,nasa,71
twokewl420,nasa,2
blastrfangrrls,summer_ash,9
johnnypappas,spacex,12
giftofwealth,elakdawalla,5
rocketmanjrs,space_station,130
techforspace,spacex,287
callyra,therealbuzz,29
orbital_decay,spacex,38
joshnpk,spacex,0
phenomenoire,philae2014,12
kxnpunk,esa,21
universetoday,storybywill,56
startalkradio,rainmaker1973,167
startalkradio,chinedusocial,2
startalkradio,geekdom7,6
startalkradio,carolynporco,311
startalkradio,planetjuneberry,11
nasablueshift,rtphokie,133
badastronomer,amandaschull,6
badastronomer,tweetsoutloud,639
elakdawalla,aussiastronomer,156
foreman_mike,sciguyspace,143
foreman_mike,astro_clay,358
catherineq,kejames,238
catherineq,craftlass,191
astrodot,ageekmom,347
chrislintott,jegpeek,65
chrislintott,astronomyblog,160
sethshostak,sarahcruddas,95
drfunkyspoon,numinouscosmos,24
drfunkyspoon,hirise,226
drfunkyspoon,drmrfrancis,212
drfunkyspoon,paleophile,51
drfunkyspoon,adamfrank4,78
drfunkyspoon,planetdr,297
astro_jeanette,astro_clay,277
nickastronomer,markmccaughrean,152
nickastronomer,cosmic_carol,220
nickastronomer,cosmos4u,322
nickastronomer,hastroparr,173
nickastronomer,leaving_orbit,126
nickastronomer,claranellist,88
nickastronomer,lastmanonmoon,249
nickastronomer,takethatnasa,27
nickastronomer,davidgalvin9,27
coreyspowell,jpmajor,419
noisyastronomer,tattoosandbones,21
noisyastronomer,drmrfrancis,227
noisyastronomer,drrubidium,82
noisyastronomer,rdcrisp,19
noisyastronomer,mcnees,110
torybruno,ulalaunch,564
jannalevin,geekdom7,5
planet4589,cosmos4u,309
planet4589,themarkashley,10
planet4589,sp_johnsullivan,40
planet4589,ulalaunch,348
planet4589,markmccaughrean,156
astroduff,swinburne,39
summer_ash,drmrfrancis,289
summer_ash,mirikramer,225
summer_ash,jaimealyse,20
summer_ash,planetdr,289
summer_ash,rpnolet,26
summer_ash,drrubidium,106
summer_ash,sondy,201
summer_ash,mcnees,128
summer_ash,missaerospace,55
alex_parker,planetdr,473
alex_parker,jpmajor,411
alex_parker,geoscitweeps,72
astropixie,reneehlozek,135
niais,prgrmr42,57
niais,planetdr,179
sarahkendrew,michelle_lmc,94
sarahkendrew,sleepypenguin1,6
davidwhogg,geerthub,114
davidwhogg,jbocha,29
davidwhogg,michelle_lmc,80
davidwhogg,shaka_lulu,139
davidwhogg,ngc3314,57
davidwhogg,mrtommyb,58
davidwhogg,nasakepler,150
dalcantonjd,jbprime,72
dalcantonjd,shaka_lulu,145
dalcantonjd,hubbahubble,106
dalcantonjd,nhuntwalker,36
dalcantonjd,mcnees,92
starzanplanets,lukedones,112
vrooje,michealjroberts,58
betulland,johnrsports,10
astronomolly,johndebes,76
astronomolly,planetdr,171
astronomolly,mcnees,88
astronomolly,hubbahubble,105
astronomolly,brianwolven,70
emilylurice,jegpeek,65
emilylurice,mcnees,83
emilylurice,brianwolven,62
asrivkin,nepetro,63
asrivkin,planetdr,203
asrivkin,prgrmr42,56
jhjones,susanbellfilm,87
jhjones,ulalaunch,108
drphilmarshall,brendonbrewer,20
stargazerfred,abcnews,36
cosmic_horizons,brendonbrewer,19
cosmic_horizons,aus_scienceweek,48
cosmic_horizons,strom_m,22
ireland_rhain,nasa,1
buffer,nasa,721
a_booper_dooper,nasa,5
neilhollywood,nasa,1
flatearthcity,nasa,112
thegrannyhere,nasa,1
thegrannyhere,space_station,1
naturenerd8d,nasa,0
jorgego98249461,nasa,19
jon_vas2877,nasa,1
minieb1,nasa,21
xploredeepspace,nasa,494
kiraonclimate,nasa,62
aasandesign,nasa,45
f4glory,nasa,19
lorimoreno,nasa,235
niamhiepoos,nasa,337
itis4tom,nasa,5
nova_r7,nasa,0
gvbujade,nasa,49
simplycinfulxxx,nasa,1
newswhip,nasa,50
andypalooza,nasa,26
ciainsider,nasa,21
ramani_iyer,nasa,2
newsfromspace,nasa,701
spacejournalism,nasa,292
samuel_harmon,nasa,5
avramovk,nasa,69
scot_nature_boy,nasa,59
19921974,nasa,16
danpx2,nasa,211
unclejoe1116,spacex,9
emceeslim,nasa,21
quixoticnance,nasa,89
quixoticnance,nasa_astronauts,45
monkeysfly51,nasa,4
myproverb,nasa,0
marilinpeters,nasa,1
cptplanespotter,nasa,46
djwarrenyoung,nasa,56
astro_physical_,nasa,30
jorgeglz00,nasa,15
phibetakappa,nasa,44
jkildren625,marscuriosity,22
devnull23,nasa,9
comfort_y,nasa,3
comfort_y,esa_rosetta,2
1_gflame,nasa,14
1_gflame,nasajuno,6
1_gflame,nasa_technology,7
lindaquackenbus,nasa,64
hivezine_,nasa,1
mohitsukhija918,nasa,5
jlgnava,nasa,14
fadilhamman,nasa,3
baronboehm,nasajpl,6
ottercivet,nasa,7
birdseye1,nasa,62
ashekulhuq,nasa,31
cjkdwl,nasa,4
lindyloo1979,nasa,87
spacecoral,nasa,138
spacecoral,esa,115
claudiaalvaran2,nasa,51
kain_tepes,nasa,6
hocochamber,nasa,3
mohd22445,nasa,24
usgao,nasa,155
americorps,nasa,141
deltontrueblood,space_station,6
spaceleclerc,csa_asc,109
spaceleclerc,nasa,128
duberandy,nasa,24
sannsibble,nasa,203
dannytheinfidel,nasa,26
dannytheinfidel,space_station,13
sannsibble,esa,160
sannsibble,astro_alex,94
gizmosocks,space_station,4
posco69,nasa,14
senorrac,astro_kate7,83
senorrac,space_station,106
halohooper,nasa,2
spockpeter,nasa,9
kualalumper2003,nasa,3
therealpc105,nasajuno,33
rajkvx,nasa,1
mikechristieon,nasa,10
comfort_y,space_station,2
rtdasilva3,neiltyson,0
sannsibble,stationcdrkelly,132
egiarina100,astro_luca,10
uniofleicester,astro_timpeake,51
isabellakoldras,space_station,26
isabellakoldras,astro_timpeake,22
egiarina100,astro_andre,10
mohd22445,neiltyson,9
astrolisa,spacex,229
markldouthwaite,spacex,51
ronbaalke,exploreplanets,427
nasajpl,nasa_dawn,1754
cassinisaturn,cairmaid,11
cassinisaturn,airandspace,815
spacedotcom,collectspace,409
spacedotcom,gracepotter,32
nasa_orion,nasa_sls,1142
iss_research,sparhopper,11
csa_asc,orbitalatk,757
newhorizons2015,mggttaylor,407
spacegovuk,sciencemuseum,425
esascience,skyandtelescope,629
universetoday,rrm9x,1
universetoday,perthobs,104
universetoday,ken_kremer,94
startalkradio,thusspokejon,19
randomspacefact,robertpicardo,73
spacenews_inc,usairforce,199
spacenews_inc,ulalaunch,609
theuniverse_tm,maximaxoo,219
astro_mike,intrepidmuseum,254
astro_mike,homerhickam,116
astro_reid,dawn_kernagis,76
astro_reid,icelady2910,54
astro_reid,tracedominguez,77
astro_reid,dnews,23
astro_reid,tweetsoutloud,496
astro_reid,sharonbrunton,116
shuttlecdrkelly,drbiden,120
elakdawalla,kejames,281
elakdawalla,planetdr,716
astro_cady,dent,20
astro_cady,libertyscictr,73
astrokatie,mcnees,187
astrokatie,seeoh2,12
astro_aggie,pc0101,103
astro_tj,ageekmom,262
foreman_mike,arizonawestern,2
catherineq,avpdisapain,9
catherineq,stoutde,76
catherineq,pillownaut,282
astrodot,b0yle,296
astrodot,astronautabby,378
astrodot,spacecampusa,259
astrodot,jaylupold,52
chrislintott,megschwamb,184
chrislintott,bbcstargazing,342
drfunkyspoon,slagofftwits,2
drfunkyspoon,brianwolven,111
cosmicpinot,drmel_t,72
cosmicpinot,mjibrown,72
nickastronomer,awesomeastropod,230
nickastronomer,geoffnotkin,256
coreyspowell,drmrfrancis,256
jannalevin,peterdedmonds,87
planet4589,go_for_launch,31
planet4589,robotbeat,135
planet4589,mikamckinnon,244
planet4589,hubbahubble,113
planet4589,shannonmstirone,190
planet4589,nasaspaceflight,277
planet4589,ascendingnode,174
astroduff,breakfastnews,33
summer_ash,hubbahubble,122
nmpanek,shahselbe,36
alex_parker,carlyhowett,120
alex_parker,benneholwerda,137
astropixie,kejames,123
sarahkendrew,drarnakarick,66
sarahkendrew,jr_pritchard,93
karenlmasters,jen_gupta,145
karenlmasters,kevinschawinski,121
davidwhogg,brendonbrewer,24
dalcantonjd,lukedones,76
dalcantonjd,e_astronomer,54
dalcantonjd,astronomeara,83
vrooje,kevinschawinski,94
vrooje,realscientists,101
vrooje,astronomyblog,79
astronomolly,jegpeek,79
emilylurice,aussiastronomer,106
emilylurice,startorialist,117
asrivkin,lukedones,108
jhjones,mobriensmmusd,6
jhjones,sungrazercomets,84
drphilmarshall,kevinschawinski,75
cosmic_horizons,mjibrown,54
cosmic_horizons,michelle_lmc,49
michael_w_busch,sondy,122
victorgdmoraes,space_station,61
jelo1317,nasa,35
vvalene,nasa,48
herobright2,nasa,6
elakdawalla,ruthie147,147
cosmic_horizons,jbprime,38
